row,col,longitude,latitude,slope_deg,july_tmax_c,ndvi
0,0,-115.178,30.822,1.404,37.37,-0.02473225860489048
0,1,-115.134,30.822,0.381,37.37,-0.025274423418913013
0,2,-115.09,30.822,3.317,37.37,-0.03249337852525635
0,3,-115.046,30.822,9.955,37.37,-0.03670740862302912
0,4,-115.002,30.822,8.391,37.37,-0.043233679923747735
0,5,-114.958,30.822,1.689,37.37,-0.046431414802755464
0,6,-114.914,30.822,2.517,37.37,-0.04104108187471435
0,7,-114.87,30.822,1.368,37.37,-0.036223173155622575
0,8,-114.826,30.822,0.906,37.37,-0.02690599946074267
0,9,-114.782,30.822,0.668,37.37,-0.030066851189961805
0,10,-114.738,30.822,0.453,37.37,-0.0294532440330406
0,11,-114.694,30.822,0.125,37.37,-0.021686690432220206
0,12,-114.65,30.822,,37.37,-0.023356820321146957
0,13,-114.606,30.822,,37.37,-0.023577217231669407
0,14,-114.562,30.822,,37.37,-0.026921153800264844
0,15,-114.518,30.822,,37.37,-0.033375897613710695
0,16,-114.474,30.822,,37.37,-0.03761520558243193
0,17,-114.43,30.822,,37.37,-0.04464732107289719
0,18,-114.386,30.822,,37.37,-0.04663441431644819
0,19,-114.342,30.822,,37.37,-0.03970279570638475
0,20,-114.298,30.822,,37.37,-0.03424268367644863
0,21,-114.254,30.822,,37.37,-0.02690241321387511
0,22,-114.21,30.822,,37.37,-0.03039538652005366
0,23,-114.166,30.822,,37.37,-0.027935235815835725
0,24,-114.122,30.822,,37.37,-0.021157874312549937
0,25,-114.078,30.822,,37.37,-0.023855901595659593
0,26,-114.034,30.822,,37.37,-0.02331336853263373
0,27,-113.99,30.822,,37.37,-0.029124728335049956
0,28,-113.946,30.822,,37.37,-0.034572069023741735
0,29,-113.902,30.822,,37.37,-0.03889324556522382
0,30,-113.858,30.822,,37.37,-0.04528324410245767
0,31,-113.814,30.822,,37.37,-0.04536874216341591
0,32,-113.77,30.822,,37.37,-0.03846409570203723
0,33,-113.726,30.822,,37.37,-0.03206307945662754
0,34,-113.682,30.822,,37.37,-0.02813455551682442
0,35,-113.638,30.822,,37.37,-0.03031821688785677
0,36,-113.594,30.822,,37.37,-0.025725895664078992
0,37,-113.55,30.822,,37.37,-0.02170921211978377
0,38,-113.506,30.822,,37.37,-0.024402422723128234
0,39,-113.462,30.822,,37.37,-0.023081053733197913
0,40,-113.418,30.822,,37.37,-0.03075326785105418
0,41,-113.374,30.822,,37.37,-0.0357399225145271
0,42,-113.33,30.822,0.0,37.37,-0.040505577272149866
0,43,-113.286,30.822,0.0,37.37,-0.04567387116402382
0,44,-113.242,30.822,0.0,37.37,-0.04432251700699061
0,45,-113.198,30.822,0.0,37.37,-0.03746253723801973
0,46,-113.154,30.822,0.0,37.37,-0.02999728346549332
0,47,-113.11,30.822,0.218,37.37,-0.028572036543409306
0,48,-113.066,30.822,0.087,37.37,-0.03075447296259091
0,49,-113.022,30.822,0.108,37.37,-0.023735619521715018
0,50,-112.978,30.822,0.378,37.37,-0.022212615721775197
0,51,-112.934,30.822,0.883,37.37,-0.024621978043217176
0,52,-112.89,30.822,0.151,37.37,-0.023928391622762467
0,53,-112.846,30.822,0.181,37.37,-0.03173840262208541
0,54,-112.802,30.822,0.141,37.37,-0.03609516892418704
0,55,-112.758,30.822,0.2,37.37,-0.042467754457502734
0,56,-112.714,30.822,0.218,37.37,-0.046202917046583816
0,57,-112.67,30.822,0.241,37.37,-0.0421439296682831
0,58,-112.626,30.822,0.327,37.37,-0.036852987439728924
0,59,-112.582,30.822,0.393,37.37,-0.028310854219951626
0,60,-112.538,30.822,0.443,37.37,-0.02915958923041068
0,61,-112.494,30.822,0.435,37.37,-0.030841736179393897
0,62,-112.45,30.822,0.443,37.37,-0.02237323343274673
0,63,-112.406,30.822,0.384,37.37,-0.022741807128171976
0,64,-112.362,30.822,0.523,37.37,-0.02473225860489048
0,65,-112.318,30.822,1.089,37.37,-0.025274423418913013
0,66,-112.274,30.822,0.952,37.37,-0.03249337852525635
0,67,-112.23,30.822,1.03,37.37,-0.03670740862302912
0,68,-112.186,30.822,0.709,37.37,-0.043233679923747735
0,69,-112.142,30.822,0.736,37.37,-0.046431414802755464
0,70,-112.098,30.822,1.137,37.37,-0.04104108187471435
0,71,-112.054,30.822,1.473,37.37,-0.036223173155622575
0,72,-112.01,30.822,2.235,37.37,-0.02690599946074267
0,73,-111.966,30.822,6.212,37.37,-0.030066851189961805
0,74,-111.922,30.822,5.334,37.37,-0.0294532440330406
0,75,-111.878,30.822,3.906,37.37,-0.021686690432220206
0,76,-111.834,30.822,0.684,37.37,-0.023356820321146957
0,77,-111.79,30.822,1.172,37.37,-0.02331505423870713
0,78,-111.746,30.822,2.634,37.37,-0.028010816211936948
0,79,-111.702,30.822,1.182,37.37,-0.034025183819096576
0,80,-111.658,30.822,0.784,37.37,-0.03820247765090492
0,81,-111.614,30.822,1.037,37.37,-0.04513541126839108
0,82,-111.57,30.822,1.372,37.37,-0.04592830905655978
0,83,-111.526,30.822,4.402,37.37,-0.039024310382250064
0,84,-111.482,30.822,3.27,37.37,-0.03316245628288895
0,85,-111.438,30.822,0.649,37.37,-0.027479419815267657
0,86,-111.394,30.822,0.852,37.37,-0.03039891115075713
0,87,-111.35,30.822,0.815,37.37,-0.026895706522049576
0,88,-111.306,30.822,2.42,37.37,-0.021280432100522377
0,89,-111.262,30.822,1.438,37.37,-0.024285144947011093
0,90,-111.218,30.822,0.737,37.37,-0.023002163904014213
0,91,-111.174,30.822,0.446,37.37,-0.030067274426272318
0,92,-111.13,30.822,0.569,37.37,-0.035327857430916806
0,93,-111.086,30.822,1.285,37.37,-0.03954884559477955
0,94,-111.042,30.822,9.367,37.37,-0.04558287454910251
0,95,-110.998,30.822,9.335,37.37,-0.04469184690576489
0,96,-110.954,30.822,7.856,37.37,-0.03812475440295168
0,97,-110.91,30.822,2.769,37.37,-0.0309432649775018
0,98,-110.866,30.822,1.446,37.37,-0.02841979165184237
0,99,-110.822,30.822,1.275,37.37,-0.030379203229512385
0,100,-110.778,30.822,2.697,37.37,-0.02470919160097832
0,101,-110.734,30.822,5.892,37.37,-0.02203861856247677
0,102,-110.69,30.822,3.866,37.37,-0.024437355805984405
0,103,-110.646,30.822,3.206,37.37,-0.023470931622472095
0,104,-110.602,30.822,8.045,37.37,-0.03132623095485157
0,105,-110.558,30.822,10.612,37.37,-0.03585652848430904
0,106,-110.514,30.822,8.686,37.37,-0.04146936117863892
0,107,-110.47,30.822,6.347,37.37,-0.04612652716302607
0,108,-110.426,30.822,4.29,37.37,-0.043482389481185685
0,109,-110.382,30.822,1.989,37.37,-0.03690099290858926
0,110,-110.338,30.822,1.342,37.37,-0.029007826414884266
0,111,-110.294,30.822,3.34,37.37,-0.028849433104205225
0,112,-110.25,30.822,5.042,37.37,-0.030955568577063653
0,113,-110.206,30.822,5.999,37.37,-0.0229983698740239
0,114,-110.162,30.822,3.323,37.37,-0.022388362142275495
0,115,-110.118,30.822,2.223,37.37,-0.02468837271160058
0,116,-110.074,30.822,3.386,37.37,-0.02468158339944173
0,117,-110.03,30.822,2.287,37.37,-0.032037043158683255
0,118,-109.986,30.822,2.978,37.37,-0.03637805534039178
0,119,-109.942,30.822,4.567,37.37,-0.043219421833196436
0,120,-109.898,30.822,5.7,37.37,-0.04611071034416986
0,121,-109.854,30.822,7.878,37.37,-0.04116907913806225
0,122,-109.81,30.822,4.318,37.37,-0.03681137722185841
0,123,-109.766,30.822,2.088,37.37,-0.027730763327406177
0,124,-109.722,30.822,1.36,37.37,-0.029494363264114164
0,125,-109.678,30.822,1.249,37.37,-0.03030055446695861
0,126,-109.634,30.822,1.403,37.37,-0.02201391367163834
0,127,-109.59,30.822,1.083,37.37,-0.023081741352700358
0,128,-109.546,30.822,2.159,37.37,-0.02408757936632443
0,129,-109.502,30.822,4.224,37.37,-0.026090410278830495
0,130,-109.458,30.822,6.407,37.37,-0.03291956349248106
0,131,-109.414,30.822,7.808,37.37,-0.037059545022638495
0,132,-109.37,30.822,5.553,37.37,-0.04382137469969567
0,133,-109.326,30.822,4.819,37.37,-0.04684418803662641
0,134,-109.282,30.822,5.814,37.37,-0.040463786201541826
0,135,-109.238,30.822,1.344,37.37,-0.0351391023323626
0,136,-109.194,30.822,4.163,37.37,-0.026761900755588423
0,137,-109.15,30.822,8.774,37.37,-0.030372417812867984
0,138,-109.106,30.822,3.303,37.37,-0.028631869489364102
0,139,-109.062,30.822,4.058,37.37,-0.021419379864505164
0,140,-109.018,30.822,10.192,37.37,-0.023692805806908357
1,0,-115.178,30.866,0.833,37.37,-0.023130558641005168
1,1,-115.134,30.866,0.434,37.37,-0.027789780953468058
1,2,-115.09,30.866,2.308,37.37,-0.03506184268377349
1,3,-115.046,30.866,7.074,37.37,-0.04268802837814151
1,4,-115.002,30.866,2.926,37.37,-0.047698040157620226
1,5,-114.958,30.866,5.96,37.37,-0.04517244231464414
1,6,-114.914,30.866,1.765,37.37,-0.03405013897931613
1,7,-114.87,30.866,1.017,37.37,-0.02961160085935065
1,8,-114.826,30.866,0.707,37.37,-0.02671304250516676
1,9,-114.782,30.866,0.44,37.37,-0.025264820138466253
1,10,-114.738,30.866,0.474,37.37,-0.02286098185262994
1,11,-114.694,30.866,0.112,37.37,-0.024315302191087147
1,12,-114.65,30.866,,37.37,-0.02325310387678782
1,13,-114.606,30.866,,37.37,-0.0230988678626459
1,14,-114.562,30.866,,37.37,-0.02872414681608388
1,15,-114.518,30.866,,37.37,-0.03702914237735468
1,16,-114.474,30.866,,37.37,-0.043586802600093975
1,17,-114.43,30.866,,37.37,-0.04833064943034042
1,18,-114.386,30.866,,37.37,-0.04471679803697471
1,19,-114.342,30.866,,37.37,-0.031040463755773285
1,20,-114.298,30.866,,37.37,-0.029985256107117428
1,21,-114.254,30.866,,37.37,-0.02529937425121389
1,22,-114.21,30.866,,37.37,-0.026488762454774474
1,23,-114.166,30.866,,37.37,-0.021384260266248227
1,24,-114.122,30.866,,37.37,-0.024829014288657848
1,25,-114.078,30.866,,37.37,-0.022589197997370965
1,26,-114.034,30.866,,37.37,-0.023513681535307397
1,27,-113.99,30.866,,37.37,-0.03071617300571463
1,28,-113.946,30.866,,37.37,-0.03879857052848228
1,29,-113.902,30.866,,37.37,-0.044969540655763154
1,30,-113.858,30.866,,37.37,-0.04864294928958756
1,31,-113.814,30.866,,37.37,-0.04247688399453577
1,32,-113.77,30.866,,37.37,-0.03000962542562109
1,33,-113.726,30.866,,37.37,-0.029039572403919883
1,34,-113.682,30.866,,37.37,-0.024266054331688287
1,35,-113.638,30.866,,37.37,-0.027374488609141278
1,36,-113.594,30.866,,37.37,-0.01991249538449374
1,37,-113.55,30.866,,37.37,-0.025280776335497593
1,38,-113.506,30.866,,37.37,-0.02278081959521167
1,39,-113.462,30.866,,37.37,-0.024675133450902376
1,40,-113.418,30.866,,37.37,-0.03172949690151325
1,41,-113.374,30.866,,37.37,-0.0407813917701807
1,42,-113.33,30.866,0.0,37.37,-0.046117919549816276
1,43,-113.286,30.866,0.0,37.37,-0.04754229298107633
1,44,-113.242,30.866,0.0,37.37,-0.04012525889791232
1,45,-113.198,30.866,0.0,37.37,-0.029538427640093776
1,46,-113.154,30.866,0.0,37.37,-0.028524079368930214
1,47,-113.11,30.866,0.155,37.37,-0.023727681052345292
1,48,-113.066,30.866,0.036,37.37,-0.02682340991481693
1,49,-113.022,30.866,0.144,37.37,-0.02052767053185833
1,50,-112.978,30.866,0.238,37.37,-0.02488118117151702
1,51,-112.934,30.866,0.175,37.37,-0.022851666859106053
1,52,-112.89,30.866,0.148,37.37,-0.02615237498430026
1,53,-112.846,30.866,0.129,37.37,-0.032973984917195207
1,54,-112.802,30.866,0.133,37.37,-0.042319723406876536
1,55,-112.758,30.866,0.221,37.37,-0.04726665010870065
1,56,-112.714,30.866,0.285,37.37,-0.04649991905330289
1,57,-112.67,30.866,0.366,37.37,-0.03672267057942644
1,58,-112.626,30.866,0.328,37.37,-0.02920929616164863
1,59,-112.582,30.866,0.367,37.37,-0.027524240403712156
1,60,-112.538,30.866,0.456,37.37,-0.024321831043527493
1,61,-112.494,30.866,0.499,37.37,-0.02518358840336653
1,62,-112.45,30.866,0.527,37.37,-0.022594234175325432
1,63,-112.406,30.866,0.477,37.37,-0.024100359487109896
1,64,-112.362,30.866,0.364,37.37,-0.023130558641005168
1,65,-112.318,30.866,0.941,37.37,-0.027789780953468058
1,66,-112.274,30.866,1.302,37.37,-0.03506184268377349
1,67,-112.23,30.866,1.539,37.37,-0.04268802837814151
1,68,-112.186,30.866,1.048,37.37,-0.047698040157620226
1,69,-112.142,30.866,1.572,37.37,-0.04517244231464414
1,70,-112.098,30.866,7.303,37.37,-0.03405013897931613
1,71,-112.054,30.866,7.002,37.37,-0.02961160085935065
1,72,-112.01,30.866,4.549,37.37,-0.02671304250516676
1,73,-111.966,30.866,1.797,37.37,-0.025264820138466253
1,74,-111.922,30.866,1.148,37.37,-0.02286098185262994
1,75,-111.878,30.866,0.654,37.37,-0.024315302191087147
1,76,-111.834,30.866,0.472,37.37,-0.02325310387678782
1,77,-111.79,30.866,0.682,37.37,-0.02295756156247819
1,78,-111.746,30.866,0.584,37.37,-0.029681303268454206
1,79,-111.702,30.866,0.87,37.37,-0.03795163124567391
1,80,-111.658,30.866,0.683,37.37,-0.0443003420997008
1,81,-111.614,30.866,0.828,37.37,-0.04861853190664376
1,82,-111.57,30.866,0.777,37.37,-0.04355502061886361
1,83,-111.526,30.866,3.649,37.37,-0.030481385001544545
1,84,-111.482,30.866,1.943,37.37,-0.02947753700505201
1,85,-111.438,30.866,2.012,37.37,-0.024874855064870985
1,86,-111.394,30.866,1.011,37.37,-0.026893927755531302
1,87,-111.35,30.866,0.955,37.37,-0.02069879650513665
1,88,-111.306,30.866,0.929,37.37,-0.024908196379563242
1,89,-111.262,30.866,1.585,37.37,-0.022763079567998102
1,90,-111.218,30.866,1.224,37.37,-0.02402914816253388
1,91,-111.174,30.866,0.777,37.37,-0.031356070159616625
1,92,-111.13,30.866,0.742,37.37,-0.039657680590848295
1,93,-111.086,30.866,1.588,37.37,-0.045639126898943644
1,94,-111.042,30.866,9.262,37.37,-0.048034308156869425
1,95,-110.998,30.866,7.573,37.37,-0.041232182312185194
1,96,-110.954,30.866,7.363,37.37,-0.030008777426296505
1,97,-110.91,30.866,3.436,37.37,-0.02889996093912823
1,98,-110.866,30.866,2.002,37.37,-0.023843033666346002
1,99,-110.822,30.866,1.638,37.37,-0.027658259530070353
1,100,-110.778,30.866,4.784,37.37,-0.01935679650086973
1,101,-110.734,30.866,6.227,37.37,-0.02541164508760847
1,102,-110.69,30.866,5.267,37.37,-0.02273930820902659
1,103,-110.646,30.866,3.35,37.37,-0.0253481672708886
1,104,-110.602,30.866,5.172,37.37,-0.032118871327526256
1,105,-110.558,30.866,12.301,37.37,-0.041861277950787076
1,106,-110.514,30.866,7.756,37.37,-0.04649044698436979
1,107,-110.47,30.866,4.628,37.37,-0.047254639885840735
1,108,-110.426,30.866,2.719,37.37,-0.03874811788021692
1,109,-110.382,30.866,1.703,37.37,-0.029019688839592588
1,110,-110.338,30.866,2.106,37.37,-0.02799976833090851
1,111,-110.294,30.866,2.878,37.37,-0.02391434720318494
1,112,-110.25,30.866,4.785,37.37,-0.02605488440471669
1,113,-110.206,30.866,3.599,37.37,-0.02164899717846222
1,114,-110.162,30.866,3.815,37.37,-0.02449678940071495
1,115,-110.118,30.866,2.171,37.37,-0.022898418712827686
1,116,-110.074,30.866,1.639,37.37,-0.026907972605230215
1,117,-110.03,30.866,3.122,37.37,-0.03400971707268304
1,118,-109.986,30.866,5.871,37.37,-0.0426448399982763
1,119,-109.942,30.866,10.042,37.37,-0.04778220843963774
1,120,-109.898,30.866,9.043,37.37,-0.045604595420885075
1,121,-109.854,30.866,9.481,37.37,-0.034926295151864566
1,122,-109.81,30.866,5.986,37.37,-0.029665443392363898
1,123,-109.766,30.866,3.551,37.37,-0.027110513008272455
1,124,-109.722,30.866,2.986,37.37,-0.024865594405070742
1,125,-109.678,30.866,2.725,37.37,-0.024047934147791078
1,126,-109.634,30.866,2.169,37.37,-0.023445387373219016
1,127,-109.59,30.866,1.23,37.37,-0.0238285285908737
1,128,-109.546,30.866,1.852,37.37,-0.023108290534306665
1,129,-109.502,30.866,6.045,37.37,-0.028248848640853072
1,130,-109.458,30.866,4.79,37.37,-0.036058506258699524
1,131,-109.414,30.866,8.3,37.37,-0.04296896514446481
1,132,-109.37,30.866,5.268,37.37,-0.04792285966230099
1,133,-109.326,30.866,7.865,37.37,-0.045198229086446925
1,134,-109.282,30.866,7.167,37.37,-0.0325292492382126
1,135,-109.238,30.866,1.742,37.37,-0.029585403313144156
1,136,-109.194,30.866,1.736,37.37,-0.026032633437614198
1,137,-109.15,30.866,4.767,37.37,-0.026039781484989692
1,138,-109.106,30.866,3.694,37.37,-0.021885072803413324
1,139,-109.062,30.866,7.413,37.37,-0.02488732013908485
1,140,-109.018,30.866,10.236,37.37,-0.023028563541994063
2,0,-115.178,30.91,0.567,37.37,-0.022431779840386606
2,1,-115.134,30.91,1.02,37.37,-0.052544671655809255
2,2,-115.09,30.91,2.516,37.37,-0.07517554478723855
2,3,-115.046,30.91,3.969,37.37,-0.07694918574434188
2,4,-115.002,30.91,2.993,37.37,-0.016935232075592107
2,5,-114.958,30.91,7.015,37.37,-0.035807843147537294
2,6,-114.914,30.91,7.53,37.37,-6.668108529001932e-05
2,7,-114.87,30.91,2.978,37.37,-0.009559395227302368
2,8,-114.826,30.91,0.887,37.37,-0.022400168874330658
2,9,-114.782,30.91,0.46,37.37,-0.02711972792091962
2,10,-114.738,30.91,4.07,37.37,-0.03244909802145645
2,11,-114.694,30.91,0.18,37.37,-0.03310800834805559
2,12,-114.65,30.91,,37.37,-0.04508570221056237
2,13,-114.606,30.91,,37.37,-0.03803687527925503
2,14,-114.562,30.91,,37.37,-0.050043831731933046
2,15,-114.518,30.91,,37.37,-0.0871028487129604
2,16,-114.474,30.91,,37.37,-0.048019490225609196
2,17,-114.43,30.91,,37.37,-0.0343998393649305
2,18,-114.386,30.91,,37.37,-0.025902000458350317
2,19,-114.342,30.91,,37.37,-0.005003914911664567
2,20,-114.298,30.91,,37.37,-0.014254147071854437
2,21,-114.254,30.91,,37.37,-0.014477966222032821
2,22,-114.21,30.91,,37.37,-0.026899432265485683
2,23,-114.166,30.91,,37.37,-0.038829136417370534
2,24,-114.122,30.91,,37.37,-0.037204674648847524
2,25,-114.078,30.91,,37.37,-0.0244356764677838
2,26,-114.034,30.91,,37.37,-0.04417049906837361
2,27,-113.99,30.91,,37.37,-0.058985900179197005
2,28,-113.946,30.91,,37.37,-0.09530476509147516
2,29,-113.902,30.91,,37.37,-0.045304733627093224
2,30,-113.858,30.91,,37.37,-0.02775965683693465
2,31,-113.814,30.91,,37.37,-0.018704615988336334
2,32,-113.77,30.91,,37.37,-0.015946792206247295
2,33,-113.726,30.91,,37.37,-0.007125428861015871
2,34,-113.682,30.91,,37.37,-0.016827213185298184
2,35,-113.638,30.91,,37.37,-0.023186201378763677
2,36,-113.594,30.91,,37.37,-0.039326842147592356
2,37,-113.55,30.91,,37.37,-0.05912707145023901
2,38,-113.506,30.91,,37.37,-0.015309229415922488
2,39,-113.462,30.91,,37.37,-0.03293034593713994
2,40,-113.418,30.91,,37.37,-0.07097229932983701
2,41,-113.374,30.91,,37.37,-0.09065801556232676
2,42,-113.33,30.91,0.0,37.37,-0.03488296737368952
2,43,-113.286,30.91,0.0,37.37,-0.03769222954150835
2,44,-113.242,30.91,0.0,37.37,-0.006882047416892577
2,45,-113.198,30.91,0.0,37.37,-0.017093832313859195
2,46,-113.154,30.91,0.0,37.37,-0.005129102682385257
2,47,-113.11,30.91,0.199,37.37,-0.024324868904469797
2,48,-113.066,30.91,0.103,37.37,-0.0339955639170725
2,49,-113.022,30.91,0.13,37.37,-0.03469916353555419
2,50,-112.978,30.91,0.226,37.37,-0.0510116548944349
2,51,-112.934,30.91,0.152,37.37,-0.026824429658320076
2,52,-112.89,30.91,0.772,37.37,-0.03419819312261818
2,53,-112.846,30.91,0.148,37.37,-0.07071568732836031
2,54,-112.802,30.91,0.621,37.37,-0.0865375684321095
2,55,-112.758,30.91,0.307,37.37,-0.03607924388195966
2,56,-112.714,30.91,0.36,37.37,-0.02660094328396536
2,57,-112.67,30.91,0.464,37.37,-0.002497494944422265
2,58,-112.626,30.91,0.531,37.37,-0.0157457357750284
2,59,-112.582,30.91,0.592,37.37,-0.008539815090029526
2,60,-112.538,30.91,0.709,37.37,-0.027036662854256516
2,61,-112.494,30.91,1.573,37.37,-0.03379576995283612
2,62,-112.45,30.91,1.003,37.37,-0.03616663311123524
2,63,-112.406,30.91,0.5,37.37,-0.05109949628425795
2,64,-112.362,30.91,0.485,37.37,-0.022431779840386606
2,65,-112.318,30.91,1.386,37.37,-0.052544671655809255
2,66,-112.274,30.91,5.764,37.37,-0.07517554478723855
2,67,-112.23,30.91,3.909,37.37,-0.07694918574434188
2,68,-112.186,30.91,4.878,37.37,-0.016935232075592107
2,69,-112.142,30.91,5.588,37.37,-0.035807843147537294
2,70,-112.098,30.91,9.624,37.37,-6.668108529001932e-05
2,71,-112.054,30.91,5.06,37.37,-0.009559395227302368
2,72,-112.01,30.91,1.275,37.37,-0.022400168874330658
2,73,-111.966,30.91,0.421,37.37,-0.02711972792091962
2,74,-111.922,30.91,0.419,37.37,-0.03244909802145645
2,75,-111.878,30.91,0.475,37.37,-0.03310800834805559
2,76,-111.834,30.91,0.557,37.37,-0.04508570221056237
2,77,-111.79,30.91,0.688,37.37,-0.031303438382922065
2,78,-111.746,30.91,0.889,37.37,-0.054685196955853645
2,79,-111.702,30.91,1.04,37.37,-0.09602183260238806
2,80,-111.658,30.91,0.777,37.37,-0.04308943531760227
2,81,-111.614,30.91,0.925,37.37,-0.03545093341663685
2,82,-111.57,30.91,0.956,37.37,-0.01941921235051134
2,83,-111.526,30.91,2.003,37.37,-0.009950861359374836
2,84,-111.482,30.91,0.899,37.37,-0.00749033675296451
2,85,-111.438,30.91,2.29,37.37,-0.01705489413938444
2,86,-111.394,30.91,3.289,37.37,-0.03108550774137999
2,87,-111.35,30.91,1.463,37.37,-0.03704103862435284
2,88,-111.306,30.91,0.974,37.37,-0.046438342618397355
2,89,-111.262,30.91,3.019,37.37,-0.013149352585722127
2,90,-111.218,30.91,1.554,37.37,-0.045125170450948104
2,91,-111.174,30.91,1.298,37.37,-0.061009352097051744
2,92,-111.13,30.91,0.958,37.37,-0.10015460892446024
2,93,-111.086,30.91,3.529,37.37,-0.04502614363751118
2,94,-111.042,30.91,7.199,37.37,-0.02301745046482254
2,95,-110.998,30.91,7.045,37.37,-0.01954717824713526
2,96,-110.954,30.91,4.925,37.37,-0.007883568235226764
2,97,-110.91,30.91,3.117,37.37,-0.006941822437255552
2,98,-110.866,30.91,2.412,37.37,-0.026851282466388893
2,99,-110.822,30.91,3.289,37.37,-0.03147473804652903
2,100,-110.778,30.91,11.017,37.37,-0.03501204800694376
2,101,-110.734,30.91,12.182,37.37,-0.05084233949491864
2,102,-110.69,30.91,8.266,37.37,-0.016455201477024176
2,103,-110.646,30.91,4.955,37.37,-0.03530815316388576
2,104,-110.602,30.91,3.453,37.37,-0.07799750570368051
2,105,-110.558,30.91,7.422,37.37,-0.09203808860486086
2,106,-110.514,30.91,7.239,37.37,-0.02370305743431553
2,107,-110.47,30.91,2.829,37.37,-0.038886520997128714
2,108,-110.426,30.91,2.321,37.37,-0.001944066987448093
2,109,-110.382,30.91,3.164,37.37,-0.01379959546110055
2,110,-110.338,30.91,3.398,37.37,-0.01363969537013577
2,111,-110.294,30.91,2.926,37.37,-0.024791298750612412
2,112,-110.25,30.91,5.29,37.37,-0.032109209753755044
2,113,-110.206,30.91,5.161,37.37,-0.032529491075714144
2,114,-110.162,30.91,2.848,37.37,-0.052551981124526984
2,115,-110.118,30.91,1.774,37.37,-0.027256137507745092
2,116,-110.074,30.91,2.215,37.37,-0.044914161728101046
2,117,-110.03,30.91,3.108,37.37,-0.0673224110638733
2,118,-109.986,30.91,9.829,37.37,-0.07599894221715123
2,119,-109.942,30.91,12.327,37.37,-0.033561407217303295
2,120,-109.898,30.91,11.161,37.37,-0.026953380628380777
2,121,-109.854,30.91,8.464,37.37,-0.005174256312369647
2,122,-109.81,30.91,3.159,37.37,-0.014033025753318894
2,123,-109.766,30.91,2.519,37.37,-0.014539603326816655
2,124,-109.722,30.91,2.932,37.37,-0.025461945737008516
2,125,-109.678,30.91,3.18,37.37,-0.03477298490931356
2,126,-109.634,30.91,1.488,37.37,-0.04391244998305053
2,127,-109.59,30.91,0.804,37.37,-0.038911571829928916
2,128,-109.546,30.91,3.6,37.37,-0.025997198292430298
2,129,-109.502,30.91,6.773,37.37,-0.05598918505934561
2,130,-109.458,30.91,4.558,37.37,-0.08769826587719333
2,131,-109.414,30.91,5.383,37.37,-0.04989024067342134
2,132,-109.37,30.91,4.292,37.37,-0.02941462651594998
2,133,-109.326,30.91,6.234,37.37,-0.031695730207343197
2,134,-109.282,30.91,2.447,37.37,0.0014949062779143596
2,135,-109.238,30.91,1.24,37.37,-0.01686729302385464
2,136,-109.194,30.91,1.769,37.37,-0.018491871111485182
2,137,-109.15,30.91,3.646,37.37,-0.026146111767806166
2,138,-109.106,30.91,10.106,37.37,-0.0364174576315552
2,139,-109.062,30.91,11.578,37.37,-0.04058755467939994
2,140,-109.018,30.91,10.123,37.37,-0.03593578178007711
3,0,-115.178,30.954,1.259,37.37,-0.10919458404668753
3,1,-115.134,30.954,1.168,37.37,-0.08121676538681721
3,2,-115.09,30.954,1.457,37.37,-0.06164389188455592
3,3,-115.046,30.954,6.539,37.37,-0.0915712187888606
3,4,-115.002,30.954,3.374,37.37,-0.10951361164670007
3,5,-114.958,30.954,9.899,37.37,-0.10618460817024836
3,6,-114.914,30.954,10.175,37.37,-0.10193897279754614
3,7,-114.87,30.954,6.334,37.37,-0.11067388797794646
3,8,-114.826,30.954,0.604,37.37,-0.07955053327582572
3,9,-114.782,30.954,0.59,37.37,-0.06085642005713529
3,10,-114.738,30.954,1.099,37.37,-0.026146573325732562
3,11,-114.694,30.954,0.024,37.37,-0.0727520021251652
3,12,-114.65,30.954,,37.37,-0.08842006038929534
3,13,-114.606,30.954,,37.37,-0.09916379173191073
3,14,-114.562,30.954,,37.37,-0.0806754965557519
3,15,-114.518,30.954,,37.37,-0.05642080569112168
3,16,-114.474,30.954,,37.37,-0.09410660996437938
3,17,-114.43,30.954,,37.37,-0.119838387448898
3,18,-114.386,30.954,,37.37,-0.10627527030304994
3,19,-114.342,30.954,,37.37,-0.10047581110228881
3,20,-114.298,30.954,,37.37,-0.09489622263538455
3,21,-114.254,30.954,,37.37,-0.09145050065852318
3,22,-114.21,30.954,,37.37,-0.05150088398690578
3,23,-114.166,30.954,,37.37,-0.022494483223393494
3,24,-114.122,30.954,,37.37,-0.07945837333923039
3,25,-114.078,30.954,,37.37,-0.10263641232753135
3,26,-114.034,30.954,,37.37,-0.0893326581145152
3,27,-113.99,30.954,,37.37,-0.06905335574944602
3,28,-113.946,30.954,,37.37,-0.06476376341149037
3,29,-113.902,30.954,,37.37,-0.11350248118675803
3,30,-113.858,30.954,,37.37,-0.10182373669393524
3,31,-113.814,30.954,,37.37,-0.11492342556365326
3,32,-113.77,30.954,,37.37,-0.09955070790546039
3,33,-113.726,30.954,,37.37,-0.0785650078404487
3,34,-113.682,30.954,,37.37,-0.09326626671118429
3,35,-113.638,30.954,,37.37,-0.052928920069467436
3,36,-113.594,30.954,,37.37,-0.03309703864156264
3,37,-113.55,30.954,,37.37,-0.07361765300408786
3,38,-113.506,30.954,,37.37,-0.10741360251750542
3,39,-113.462,30.954,,37.37,-0.08649599840349723
3,40,-113.418,30.954,,37.37,-0.06392187236081519
3,41,-113.374,30.954,,37.37,-0.0745015084750594
3,42,-113.33,30.954,0.0,37.37,-0.11508819565996913
3,43,-113.286,30.954,0.0,37.37,-0.10658688887748378
3,44,-113.242,30.954,0.0,37.37,-0.11172904084246905
3,45,-113.198,30.954,0.0,37.37,-0.09896905645097052
3,46,-113.154,30.954,0.0,37.37,-0.07047617019327246
3,47,-113.11,30.954,0.189,37.37,-0.08892820547174615
3,48,-113.066,30.954,0.057,37.37,-0.03806072565716766
3,49,-113.022,30.954,0.162,37.37,-0.04604736771928228
3,50,-112.978,30.954,0.174,37.37,-0.07809742170130157
3,51,-112.934,30.954,0.176,37.37,-0.111254440599238
3,52,-112.89,30.954,0.327,37.37,-0.08322901372463355
3,53,-112.846,30.954,0.375,37.37,-0.06290305438105528
3,54,-112.802,30.954,0.382,37.37,-0.08259771517669695
3,55,-112.758,30.954,0.422,37.37,-0.10689210911839503
3,56,-112.714,30.954,0.466,37.37,-0.10729433560573202
3,57,-112.67,30.954,0.599,37.37,-0.11782058025937972
3,58,-112.626,30.954,0.669,37.37,-0.10223898566822537
3,59,-112.582,30.954,0.661,37.37,-0.07179080358672729
3,60,-112.538,30.954,0.893,37.37,-0.07548318074861551
3,61,-112.494,30.954,1.707,37.37,-0.03866175101524034
3,62,-112.45,30.954,1.201,37.37,-0.05448706832768525
3,63,-112.406,30.954,0.923,37.37,-0.07857236724905393
3,64,-112.362,30.954,1.213,37.37,-0.10919458404668753
3,65,-112.318,30.954,1.202,37.37,-0.08121676538681721
3,66,-112.274,30.954,4.579,37.37,-0.06164389188455592
3,67,-112.23,30.954,6.785,37.37,-0.0915712187888606
3,68,-112.186,30.954,11.145,37.37,-0.10951361164670007
3,69,-112.142,30.954,3.469,37.37,-0.10618460817024836
3,70,-112.098,30.954,1.396,37.37,-0.10193897279754614
3,71,-112.054,30.954,0.705,37.37,-0.11067388797794646
3,72,-112.01,30.954,0.417,37.37,-0.07955053327582572
3,73,-111.966,30.954,0.24,37.37,-0.06085642005713529
3,74,-111.922,30.954,0.363,37.37,-0.026146573325732562
3,75,-111.878,30.954,0.488,37.37,-0.0727520021251652
3,76,-111.834,30.954,0.623,37.37,-0.08989033212214237
3,77,-111.79,30.954,0.769,37.37,
3,78,-111.746,30.954,0.797,37.37,
3,79,-111.702,30.954,0.78,37.37,
3,80,-111.658,30.954,0.905,37.37,
3,81,-111.614,30.954,1.321,37.37,
3,82,-111.57,30.954,1.266,37.37,
3,83,-111.526,30.954,1.497,37.37,
3,84,-111.482,30.954,0.979,37.37,
3,85,-111.438,30.954,1.33,37.37,
3,86,-111.394,30.954,2.722,37.37,
3,87,-111.35,30.954,1.057,37.37,
3,88,-111.306,30.954,1.533,37.37,
3,89,-111.262,30.954,6.063,37.37,
3,90,-111.218,30.954,1.927,37.37,
3,91,-111.174,30.954,1.809,37.37,
3,92,-111.13,30.954,1.45,37.37,
3,93,-111.086,30.954,3.995,37.37,
3,94,-111.042,30.954,7.104,37.37,
3,95,-110.998,30.954,4.939,37.37,
3,96,-110.954,30.954,5.718,37.37,
3,97,-110.91,30.954,6.078,37.37,
3,98,-110.866,30.954,4.762,37.37,
3,99,-110.822,30.954,4.065,37.37,
3,100,-110.778,30.954,9.522,37.37,
3,101,-110.734,30.954,11.317,37.37,
3,102,-110.69,30.954,11.11,37.37,
3,103,-110.646,30.954,5.945,37.37,
3,104,-110.602,30.954,2.001,37.37,
3,105,-110.558,30.954,6.503,37.37,
3,106,-110.514,30.954,5.832,37.37,
3,107,-110.47,30.954,2.913,37.37,
3,108,-110.426,30.954,3.933,37.37,
3,109,-110.382,30.954,8.632,37.37,
3,110,-110.338,30.954,5.645,37.37,
3,111,-110.294,30.954,2.495,37.37,
3,112,-110.25,30.954,1.366,37.37,
3,113,-110.206,30.954,2.673,37.37,
3,114,-110.162,30.954,2.672,37.37,
3,115,-110.118,30.954,1.749,37.37,
3,116,-110.074,30.954,2.173,37.37,
3,117,-110.03,30.954,8.08,37.37,
3,118,-109.986,30.954,12.39,37.37,
3,119,-109.942,30.954,10.828,37.37,
3,120,-109.898,30.954,6.96,37.37,
3,121,-109.854,30.954,5.758,37.37,
3,122,-109.81,30.954,3.149,37.37,
3,123,-109.766,30.954,2.046,37.37,
3,124,-109.722,30.954,4.266,37.37,
3,125,-109.678,30.954,2.53,37.37,
3,126,-109.634,30.954,1.276,37.37,
3,127,-109.59,30.954,0.885,37.37,
3,128,-109.546,30.954,1.005,37.37,
3,129,-109.502,30.954,4.314,37.37,
3,130,-109.458,30.954,3.714,37.37,
3,131,-109.414,30.954,10.174,37.37,
3,132,-109.37,30.954,6.003,37.37,
3,133,-109.326,30.954,4.275,37.37,
3,134,-109.282,30.954,2.245,37.37,
3,135,-109.238,30.954,1.329,37.37,
3,136,-109.194,30.954,1.699,37.37,
3,137,-109.15,30.954,4.168,37.37,
3,138,-109.106,30.954,14.191,37.37,
3,139,-109.062,30.954,10.138,37.37,
3,140,-109.018,30.954,10.991,37.37,
4,0,-115.178,30.998,1.513,37.37,-0.0940310682916901
4,1,-115.134,30.998,1.41,37.37,-0.0751968333834234
4,2,-115.09,30.998,1.516,37.37,-0.05560583030299436
4,3,-115.046,30.998,5.971,37.37,-0.042844140024571445
4,4,-115.002,30.998,8.401,37.37,-0.053638093606333766
4,5,-114.958,30.998,10.678,37.37,-0.052330587148361314
4,6,-114.914,30.998,9.974,37.37,-0.05651377027383803
4,7,-114.87,30.998,1.423,37.37,-0.04295173625701186
4,8,-114.826,30.998,0.441,37.37,-0.04467759251063689
4,9,-114.782,30.998,0.069,37.37,-0.05940242859657249
4,10,-114.738,30.998,0.0,37.37,-0.05834043960120994
4,11,-114.694,30.998,0.0,37.37,-0.07933418192195209
4,12,-114.65,30.998,,37.37,-0.09377407797345516
4,13,-114.606,30.998,,37.37,-0.09583398935260112
4,14,-114.562,30.998,,37.37,-0.06861787136658413
4,15,-114.518,30.998,,37.37,-0.04782325492778634
4,16,-114.474,30.998,,37.37,-0.04898475619055597
4,17,-114.43,30.998,,37.37,-0.05156401634204778
4,18,-114.386,30.998,,37.37,-0.054120966878641624
4,19,-114.342,30.998,,37.37,-0.05402289503245166
4,20,-114.298,30.998,,37.37,-0.041914123438742595
4,21,-114.254,30.998,,37.37,-0.04642964622914504
4,22,-114.21,30.998,,37.37,-0.06252672485329783
4,23,-114.166,30.998,,37.37,-0.058373880925594125
4,24,-114.122,30.998,,37.37,-0.08527408080478015
4,25,-114.078,30.998,,37.37,-0.09306597036730409
4,26,-114.034,30.998,,37.37,-0.09478479570680409
4,27,-113.99,30.998,0.0,37.37,-0.0642494576018557
4,28,-113.946,30.998,0.0,37.37,-0.04124873692270384
4,29,-113.902,30.998,0.0,37.37,-0.05395331804411665
4,30,-113.858,30.998,0.0,37.37,-0.05152473987700586
4,31,-113.814,30.998,0.0,37.37,-0.05467117628973549
4,32,-113.77,30.998,0.0,37.37,-0.0506772361800352
4,33,-113.726,30.998,0.0,37.37,-0.042189156603688056
4,34,-113.682,30.998,0.0,37.37,-0.04929891441419642
4,35,-113.638,30.998,0.0,37.37,-0.06335796017804399
4,36,-113.594,30.998,0.0,37.37,-0.06103266157011556
4,37,-113.55,30.998,0.0,37.37,-0.08982130514042438
4,38,-113.506,30.998,0.0,37.37,-0.09268684417884916
4,39,-113.462,30.998,0.0,37.37,-0.08830507631640237
4,40,-113.418,30.998,0.0,37.37,-0.06309739288996515
4,41,-113.374,30.998,0.0,37.37,-0.03874335613243361
4,42,-113.33,30.998,0.0,37.37,-0.055126632797315736
4,43,-113.286,30.998,0.0,37.37,-0.05103718020561188
4,44,-113.242,30.998,0.0,37.37,-0.05596214885727011
4,45,-113.198,30.998,0.0,37.37,-0.04785836267426299
4,46,-113.154,30.998,0.0,37.37,-0.042871444417974976
4,47,-113.11,30.998,0.284,37.37,-0.052469480288504344
4,48,-113.066,30.998,0.097,37.37,-0.06254731650968616
4,49,-113.022,30.998,0.147,37.37,-0.0659659187403323
4,50,-112.978,30.998,0.243,37.37,-0.09181632873216759
4,51,-112.934,30.998,0.243,37.37,-0.09337491841303597
4,52,-112.89,30.998,0.372,37.37,-0.08152591867578035
4,53,-112.846,30.998,0.407,37.37,-0.06092116695375121
4,54,-112.802,30.998,0.366,37.37,-0.039255771641151675
4,55,-112.758,30.998,0.434,37.37,-0.055182942169726544
4,56,-112.714,30.998,0.5,37.37,-0.05074437055558909
4,57,-112.67,30.998,0.747,37.37,-0.05715170492869978
4,58,-112.626,30.998,1.584,37.37,-0.04468702385697304
4,59,-112.582,30.998,1.053,37.37,-0.04372625963679737
4,60,-112.538,30.998,1.495,37.37,-0.056494063779155994
4,61,-112.494,30.998,2.152,37.37,-0.0599558737678787
4,62,-112.45,30.998,1.349,37.37,-0.07160700116830557
4,63,-112.406,30.998,1.692,37.37,-0.0939383782733809
4,64,-112.362,30.998,0.837,37.37,-0.0940310682916901
4,65,-112.318,30.998,0.807,37.37,-0.0751968333834234
4,66,-112.274,30.998,6.635,37.37,-0.05560583030299436
4,67,-112.23,30.998,7.787,37.37,-0.042844140024571445
4,68,-112.186,30.998,3.775,37.37,-0.053638093606333766
4,69,-112.142,30.998,0.916,37.37,-0.052330587148361314
4,70,-112.098,30.998,0.764,37.37,-0.05651377027383803
4,71,-112.054,30.998,0.254,37.37,-0.04295173625701186
4,72,-112.01,30.998,0.295,37.37,-0.04467759251063689
4,73,-111.966,30.998,0.304,37.37,-0.05940242859657249
4,74,-111.922,30.998,0.37,37.37,-0.05834043960120994
4,75,-111.878,30.998,0.47,37.37,-0.07933418192195209
4,76,-111.834,30.998,0.645,37.37,-0.09418044552458313
4,77,-111.79,30.998,0.741,37.37,
4,78,-111.746,30.998,0.878,37.37,
4,79,-111.702,30.998,1.008,37.37,
4,80,-111.658,30.998,1.412,37.37,
4,81,-111.614,30.998,3.21,37.37,
4,82,-111.57,30.998,5.011,37.37,
4,83,-111.526,30.998,1.996,37.37,
4,84,-111.482,30.998,2.197,37.37,
4,85,-111.438,30.998,1.388,37.37,
4,86,-111.394,30.998,1.417,37.37,
4,87,-111.35,30.998,1.55,37.37,
4,88,-111.306,30.998,1.951,37.37,
4,89,-111.262,30.998,4.252,37.37,
4,90,-111.218,30.998,2.807,37.37,
4,91,-111.174,30.998,2.326,37.37,
4,92,-111.13,30.998,1.932,37.37,
4,93,-111.086,30.998,7.961,37.37,
4,94,-111.042,30.998,8.23,37.37,
4,95,-110.998,30.998,8.237,37.37,
4,96,-110.954,30.998,5.88,37.37,
4,97,-110.91,30.998,5.834,37.37,
4,98,-110.866,30.998,2.277,37.37,
4,99,-110.822,30.998,4.67,37.37,
4,100,-110.778,30.998,10.545,37.37,
4,101,-110.734,30.998,9.088,37.37,
4,102,-110.69,30.998,7.064,37.37,
4,103,-110.646,30.998,6.166,37.37,
4,104,-110.602,30.998,2.865,37.37,
4,105,-110.558,30.998,4.035,37.37,
4,106,-110.514,30.998,6.835,37.37,
4,107,-110.47,30.998,3.778,37.37,
4,108,-110.426,30.998,7.747,37.37,
4,109,-110.382,30.998,11.752,37.37,
4,110,-110.338,30.998,6.668,37.37,
4,111,-110.294,30.998,2.065,37.37,
4,112,-110.25,30.998,1.187,37.37,
4,113,-110.206,30.998,1.186,37.37,
4,114,-110.162,30.998,1.828,37.37,
4,115,-110.118,30.998,1.59,37.37,
4,116,-110.074,30.998,2.27,37.37,
4,117,-110.03,30.998,7.553,37.37,
4,118,-109.986,30.998,9.229,37.37,
4,119,-109.942,30.998,9.608,37.37,
4,120,-109.898,30.998,4.975,37.37,
4,121,-109.854,30.998,4.103,37.37,
4,122,-109.81,30.998,2.934,37.37,
4,123,-109.766,30.998,6.556,37.37,
4,124,-109.722,30.998,3.115,37.37,
4,125,-109.678,30.998,1.509,37.37,
4,126,-109.634,30.998,1.954,37.37,
4,127,-109.59,30.998,0.999,37.37,
4,128,-109.546,30.998,0.957,37.37,
4,129,-109.502,30.998,2.733,37.37,
4,130,-109.458,30.998,3.472,37.37,
4,131,-109.414,30.998,7.462,37.37,
4,132,-109.37,30.998,7.172,37.37,
4,133,-109.326,30.998,4.071,37.37,
4,134,-109.282,30.998,1.838,37.37,
4,135,-109.238,30.998,1.18,37.37,
4,136,-109.194,30.998,1.935,37.37,
4,137,-109.15,30.998,6.756,37.37,
4,138,-109.106,30.998,13.436,37.37,
4,139,-109.062,30.998,11.09,37.37,
4,140,-109.018,30.998,7.085,37.37,
5,0,-115.178,31.042,3.077,37.37,-0.0779151839977377
5,1,-115.134,31.042,6.503,37.37,-0.0743943028864269
5,2,-115.09,31.042,6.986,37.37,-0.048593015936378575
5,3,-115.046,31.042,5.822,37.37,-0.03693447861505563
5,4,-115.002,31.042,6.838,37.37,-0.060729159181236426
5,5,-114.958,31.042,9.859,37.37,-0.05397984188657506
5,6,-114.914,31.042,2.647,37.37,-0.055392766187820935
5,7,-114.87,31.042,1.011,37.37,-0.0572862972406897
5,8,-114.826,31.042,2.02,37.37,-0.07080005682457463
5,9,-114.782,31.042,0.0,37.37,-0.07263686315748429
5,10,-114.738,31.042,0.0,37.37,-0.064643205655781
5,11,-114.694,31.042,0.0,37.37,-0.06329024745852511
5,12,-114.65,31.042,,37.37,-0.07506898030370963
5,13,-114.606,31.042,,37.37,-0.08612768698468504
5,14,-114.562,31.042,,37.37,-0.0656389458960691
5,15,-114.518,31.042,,37.37,-0.04171029136892932
5,16,-114.474,31.042,,37.37,-0.04087348071645689
5,17,-114.43,31.042,,37.37,-0.06210060930185399
5,18,-114.386,31.042,,37.37,-0.05272871620805887
5,19,-114.342,31.042,,37.37,-0.05503023914173471
5,20,-114.298,31.042,,37.37,-0.05896367393941098
5,21,-114.254,31.042,,37.37,-0.07147213166459226
5,22,-114.21,31.042,,37.37,-0.07450727645338553
5,23,-114.166,31.042,,37.37,-0.06092855456044559
5,24,-114.122,31.042,,37.37,-0.06729262105376015
5,25,-114.078,31.042,,37.37,-0.07502819369985629
5,26,-114.034,31.042,,37.37,-0.08638615089542652
5,27,-113.99,31.042,0.0,37.37,-0.0637340713578875
5,28,-113.946,31.042,0.0,37.37,-0.03572683926982035
5,29,-113.902,31.042,0.0,37.37,-0.04570361522250254
5,30,-113.858,31.042,0.0,37.37,-0.06201211976404017
5,31,-113.814,31.042,0.0,37.37,-0.05249083416534462
5,32,-113.77,31.042,0.0,37.37,-0.054028602299508226
5,33,-113.726,31.042,0.0,37.37,-0.06361764226316807
5,34,-113.682,31.042,0.0,37.37,-0.0697113341084789
5,35,-113.638,31.042,0.0,37.37,-0.07492259018757015
5,36,-113.594,31.042,0.0,37.37,-0.05869473975481826
5,37,-113.55,31.042,0.0,37.37,-0.07044340149462607
5,38,-113.506,31.042,0.0,37.37,-0.07543926538411826
5,39,-113.462,31.042,0.0,37.37,-0.08311197104602615
5,40,-113.418,31.042,0.0,37.37,-0.05976698732217251
5,41,-113.374,31.042,0.0,37.37,-0.03399848847732229
5,42,-113.33,31.042,0.0,37.37,-0.05217586088532425
5,43,-113.286,31.042,0.0,37.37,-0.05970264430203999
5,44,-113.242,31.042,0.0,37.37,-0.05288179391092837
5,45,-113.198,31.042,0.0,37.37,-0.05454910358285321
5,46,-113.154,31.042,0.0,37.37,-0.06704403844323814
5,47,-113.11,31.042,0.202,37.37,-0.07042481251694216
5,48,-113.066,31.042,0.131,37.37,-0.07201495425293214
5,49,-113.022,31.042,0.243,37.37,-0.05899654073388228
5,50,-112.978,31.042,0.233,37.37,-0.0729236159932733
5,51,-112.934,31.042,0.292,37.37,-0.07503425849449093
5,52,-112.89,31.042,0.36,37.37,-0.07962808284585585
5,53,-112.846,31.042,0.51,37.37,-0.054675455825541584
5,54,-112.802,31.042,0.41,37.37,-0.03489215671739252
5,55,-112.758,31.042,0.441,37.37,-0.05717819705890133
5,56,-112.714,31.042,0.511,37.37,-0.05686494281731044
5,57,-112.67,31.042,0.639,37.37,-0.05410746706404801
5,58,-112.626,31.042,0.918,37.37,-0.0560972885159653
5,59,-112.582,31.042,0.757,37.37,-0.0686840191367366
5,60,-112.538,31.042,1.113,37.37,-0.07237823007701474
5,61,-112.494,31.042,2.594,37.37,-0.06748429998017037
5,62,-112.45,31.042,3.206,37.37,-0.0605750604817983
5,63,-112.406,31.042,1.19,37.37,-0.07448671388399256
5,64,-112.362,31.042,0.487,37.37,-0.0779151839977377
5,65,-112.318,31.042,0.419,37.37,-0.0743943028864269
5,66,-112.274,31.042,5.487,37.37,-0.048593015936378575
5,67,-112.23,31.042,6.263,37.37,-0.03693447861505563
5,68,-112.186,31.042,1.151,37.37,-0.060729159181236426
5,69,-112.142,31.042,0.927,37.37,-0.05397984188657506
5,70,-112.098,31.042,1.619,37.37,-0.055392766187820935
5,71,-112.054,31.042,0.305,37.37,-0.0572862972406897
5,72,-112.01,31.042,0.344,37.37,-0.07080005682457463
5,73,-111.966,31.042,0.443,37.37,-0.07263686315748429
5,74,-111.922,31.042,0.38,37.37,-0.064643205655781
5,75,-111.878,31.042,0.423,37.37,-0.06329024745852511
5,76,-111.834,31.042,0.491,37.37,-0.07591947892831695
5,77,-111.79,31.042,0.763,37.37,
5,78,-111.746,31.042,0.912,37.37,
5,79,-111.702,31.042,2.945,37.37,
5,80,-111.658,31.042,7.034,37.37,
5,81,-111.614,31.042,8.897,37.37,
5,82,-111.57,31.042,8.621,37.37,
5,83,-111.526,31.042,4.238,37.37,
5,84,-111.482,31.042,1.947,37.37,
5,85,-111.438,31.042,1.527,37.37,
5,86,-111.394,31.042,1.677,37.37,
5,87,-111.35,31.042,2.106,37.37,
5,88,-111.306,31.042,2.509,37.37,
5,89,-111.262,31.042,4.047,37.37,
5,90,-111.218,31.042,2.393,37.37,
5,91,-111.174,31.042,2.541,37.37,
5,92,-111.13,31.042,4.879,37.37,
5,93,-111.086,31.042,9.5,37.37,
5,94,-111.042,31.042,7.225,37.37,
5,95,-110.998,31.042,7.601,37.37,
5,96,-110.954,31.042,10.846,37.37,
5,97,-110.91,31.042,3.518,37.37,
5,98,-110.866,31.042,3.1,37.37,
5,99,-110.822,31.042,7.884,37.37,
5,100,-110.778,31.042,11.293,37.37,
5,101,-110.734,31.042,9.355,37.37,
5,102,-110.69,31.042,4.334,37.37,
5,103,-110.646,31.042,3.582,37.37,
5,104,-110.602,31.042,2.905,37.37,
5,105,-110.558,31.042,2.336,37.37,
5,106,-110.514,31.042,3.358,37.37,
5,107,-110.47,31.042,3.149,37.37,
5,108,-110.426,31.042,4.483,37.37,
5,109,-110.382,31.042,11.901,37.37,
5,110,-110.338,31.042,4.028,37.37,
5,111,-110.294,31.042,1.643,37.37,
5,112,-110.25,31.042,1.129,37.37,
5,113,-110.206,31.042,0.8,37.37,
5,114,-110.162,31.042,0.745,37.37,
5,115,-110.118,31.042,1.003,37.37,
5,116,-110.074,31.042,1.186,37.37,
5,117,-110.03,31.042,3.38,37.37,
5,118,-109.986,31.042,7.528,37.37,
5,119,-109.942,31.042,4.859,37.37,
5,120,-109.898,31.042,5.987,37.37,
5,121,-109.854,31.042,5.587,37.37,
5,122,-109.81,31.042,6.622,37.37,
5,123,-109.766,31.042,7.222,37.37,
5,124,-109.722,31.042,1.662,37.37,
5,125,-109.678,31.042,1.184,37.37,
5,126,-109.634,31.042,1.248,37.37,
5,127,-109.59,31.042,0.798,37.37,
5,128,-109.546,31.042,1.677,37.37,
5,129,-109.502,31.042,4.123,37.37,
5,130,-109.458,31.042,3.513,37.37,
5,131,-109.414,31.042,8.594,37.37,
5,132,-109.37,31.042,8.662,37.37,
5,133,-109.326,31.042,7.697,37.37,
5,134,-109.282,31.042,1.026,37.37,
5,135,-109.238,31.042,1.004,37.37,
5,136,-109.194,31.042,1.393,37.37,
5,137,-109.15,31.042,6.946,37.37,
5,138,-109.106,31.042,7.935,37.37,
5,139,-109.062,31.042,12.516,37.37,
5,140,-109.018,31.042,7.083,37.37,
6,0,-115.178,31.086,7.61,37.37,-0.07652967556010297
6,1,-115.134,31.086,8.662,37.37,-0.06883351009699192
6,2,-115.09,31.086,5.281,37.37,-0.055648966949828155
6,3,-115.046,31.086,1.869,37.37,-0.05854054388706713
6,4,-115.002,31.086,2.449,37.37,-0.06833087542315894
6,5,-114.958,31.086,2.441,37.37,-0.04653099441067106
6,6,-114.914,31.086,1.754,37.37,-0.03690512405879227
6,7,-114.87,31.086,1.382,37.37,-0.05507010277888416
6,8,-114.826,31.086,1.66,37.37,-0.05343174448219317
6,9,-114.782,31.086,0.0,37.37,-0.07088524979347963
6,10,-114.738,31.086,0.0,37.37,-0.06026348693122571
6,11,-114.694,31.086,0.0,37.37,-0.05686288370740748
6,12,-114.65,31.086,,37.37,-0.06998045519324646
6,13,-114.606,31.086,,37.37,-0.07870532035009141
6,14,-114.562,31.086,,37.37,-0.06515078610365442
6,15,-114.518,31.086,,37.37,-0.055286120755206045
6,16,-114.474,31.086,,37.37,-0.060029076258510575
6,17,-114.43,31.086,,37.37,-0.06618775597797388
6,18,-114.386,31.086,,37.37,-0.04245152328210453
6,19,-114.342,31.086,,37.37,-0.03778242978888413
6,20,-114.298,31.086,,37.37,-0.059288682810197536
6,21,-114.254,31.086,,37.37,-0.049403247079141815
6,22,-114.21,31.086,,37.37,-0.07689419215949071
6,23,-114.166,31.086,,37.37,-0.05618756757735013
6,24,-114.122,31.086,,37.37,-0.06013865693864212
6,25,-114.078,31.086,,37.37,-0.07282606049175774
6,26,-114.034,31.086,,37.37,-0.07773470432477962
6,27,-113.99,31.086,0.0,37.37,-0.06131854133853209
6,28,-113.946,31.086,0.0,37.37,-0.05597640273941798
6,29,-113.902,31.086,0.0,37.37,-0.06304958502468719
6,30,-113.858,31.086,0.0,37.37,-0.06126433021555091
6,31,-113.814,31.086,0.0,37.37,-0.03956284589264067
6,32,-113.77,31.086,0.0,37.37,-0.04078748492586673
6,33,-113.726,31.086,0.0,37.37,-0.061229755480317276
6,34,-113.682,31.086,0.0,37.37,-0.04917499058178727
6,35,-113.638,31.086,0.0,37.37,-0.07780092538294543
6,36,-113.594,31.086,0.0,37.37,-0.053805751002131946
6,37,-113.55,31.086,0.0,37.37,-0.06352879495510862
6,38,-113.506,31.086,0.0,37.37,-0.07511876042281941
6,39,-113.462,31.086,0.0,37.37,-0.07479916262828347
6,40,-113.418,31.086,0.0,37.37,-0.058208348811334784
6,41,-113.374,31.086,0.0,37.37,-0.056970565709515315
6,42,-113.33,31.086,0.0,37.37,-0.06615287443249784
6,43,-113.286,31.086,0.0,37.37,-0.056131727057216085
6,44,-113.242,31.086,0.0,37.37,-0.037723203626734085
6,45,-113.198,31.086,0.0,37.37,-0.045691271151210834
6,46,-113.154,31.086,0.0,37.37,-0.059720835964971346
6,47,-113.11,31.086,0.007,37.37,-0.05495021742868582
6,48,-113.066,31.086,0.109,37.37,-0.0728952977265066
6,49,-113.022,31.086,0.288,37.37,-0.05365397700886354
6,50,-112.978,31.086,0.315,37.37,-0.0662434845064994
6,51,-112.934,31.086,0.369,37.37,-0.07529391739176622
6,52,-112.89,31.086,0.805,37.37,-0.07241919415620765
6,53,-112.846,31.086,0.578,37.37,-0.05660452998151261
6,54,-112.802,31.086,0.349,37.37,-0.058063490369189896
6,55,-112.758,31.086,0.538,37.37,-0.06760682240932178
6,56,-112.714,31.086,0.631,37.37,-0.0508890270105681
6,57,-112.67,31.086,0.503,37.37,-0.03710683065150412
6,58,-112.626,31.086,0.783,37.37,-0.05059870569708593
6,59,-112.582,31.086,1.253,37.37,-0.056732819513463914
6,60,-112.538,31.086,1.686,37.37,-0.06323373957892155
6,61,-112.494,31.086,3.627,37.37,-0.06613296079815728
6,62,-112.45,31.086,1.253,37.37,-0.05481556316569565
6,63,-112.406,31.086,0.647,37.37,-0.0684546760468791
6,64,-112.362,31.086,0.338,37.37,-0.07652967556010297
6,65,-112.318,31.086,0.343,37.37,-0.06883351009699192
6,66,-112.274,31.086,3.087,37.37,-0.055648966949828155
6,67,-112.23,31.086,1.964,37.37,-0.05854054388706713
6,68,-112.186,31.086,0.615,37.37,-0.06833087542315894
6,69,-112.142,31.086,2.737,37.37,-0.04653099441067106
6,70,-112.098,31.086,2.656,37.37,-0.03690512405879227
6,71,-112.054,31.086,1.184,37.37,-0.05507010277888416
6,72,-112.01,31.086,0.405,37.37,-0.05343174448219317
6,73,-111.966,31.086,0.501,37.37,-0.07088524979347963
6,74,-111.922,31.086,0.481,37.37,-0.06026348693122571
6,75,-111.878,31.086,0.434,37.37,-0.05686288370740748
6,76,-111.834,31.086,0.396,37.37,-0.07010633938905483
6,77,-111.79,31.086,0.775,37.37,
6,78,-111.746,31.086,1.018,37.37,
6,79,-111.702,31.086,2.108,37.37,
6,80,-111.658,31.086,7.784,37.37,
6,81,-111.614,31.086,9.768,37.37,
6,82,-111.57,31.086,5.181,37.37,
6,83,-111.526,31.086,2.54,37.37,
6,84,-111.482,31.086,2.065,37.37,
6,85,-111.438,31.086,1.568,37.37,
6,86,-111.394,31.086,2.094,37.37,
6,87,-111.35,31.086,2.841,37.37,
6,88,-111.306,31.086,2.859,37.37,
6,89,-111.262,31.086,3.225,37.37,
6,90,-111.218,31.086,2.92,37.37,
6,91,-111.174,31.086,4.332,37.37,
6,92,-111.13,31.086,7.631,37.37,
6,93,-111.086,31.086,9.049,37.37,
6,94,-111.042,31.086,5.46,37.37,
6,95,-110.998,31.086,7.871,37.37,
6,96,-110.954,31.086,5.474,37.37,
6,97,-110.91,31.086,2.767,37.37,
6,98,-110.866,31.086,3.742,37.37,
6,99,-110.822,31.086,7.379,37.37,
6,100,-110.778,31.086,9.462,37.37,
6,101,-110.734,31.086,4.862,37.37,
6,102,-110.69,31.086,2.737,37.37,
6,103,-110.646,31.086,2.664,37.37,
6,104,-110.602,31.086,2.844,37.37,
6,105,-110.558,31.086,4.279,37.37,
6,106,-110.514,31.086,4.715,37.37,
6,107,-110.47,31.086,2.894,37.37,
6,108,-110.426,31.086,4.333,37.37,
6,109,-110.382,31.086,12.518,37.37,
6,110,-110.338,31.086,4.21,37.37,
6,111,-110.294,31.086,1.403,37.37,
6,112,-110.25,31.086,0.977,37.37,
6,113,-110.206,31.086,0.685,37.37,
6,114,-110.162,31.086,0.936,37.37,
6,115,-110.118,31.086,0.769,37.37,
6,116,-110.074,31.086,1.153,37.37,
6,117,-110.03,31.086,2.147,37.37,
6,118,-109.986,31.086,3.547,37.37,
6,119,-109.942,31.086,4.189,37.37,
6,120,-109.898,31.086,4.697,37.37,
6,121,-109.854,31.086,5.122,37.37,
6,122,-109.81,31.086,5.971,37.37,
6,123,-109.766,31.086,3.126,37.37,
6,124,-109.722,31.086,2.497,37.37,
6,125,-109.678,31.086,1.702,37.37,
6,126,-109.634,31.086,1.407,37.37,
6,127,-109.59,31.086,0.939,37.37,
6,128,-109.546,31.086,4.306,37.37,
6,129,-109.502,31.086,5.692,37.37,
6,130,-109.458,31.086,3.199,37.37,
6,131,-109.414,31.086,5.845,37.37,
6,132,-109.37,31.086,3.445,37.37,
6,133,-109.326,31.086,2.796,37.37,
6,134,-109.282,31.086,1.488,37.37,
6,135,-109.238,31.086,1.009,37.37,
6,136,-109.194,31.086,0.817,37.37,
6,137,-109.15,31.086,1.581,37.37,
6,138,-109.106,31.086,3.876,37.37,
6,139,-109.062,31.086,9.355,37.37,
6,140,-109.018,31.086,7.959,37.37,
7,0,-115.178,31.13,9.562,37.37,-0.07189602860163598
7,1,-115.134,31.13,10.465,37.37,-0.04868124261785217
7,2,-115.09,31.13,3.74,37.37,-0.04540991109775324
7,3,-115.046,31.13,1.926,37.37,-0.04983836752067585
7,4,-115.002,31.13,1.772,37.37,-0.043018337523063784
7,5,-114.958,31.13,1.254,37.37,-0.027590616232522108
7,6,-114.914,31.13,1.167,37.37,-0.02644372949408226
7,7,-114.87,31.13,0.483,37.37,-0.02712523992698262
7,8,-114.826,31.13,0.0,37.37,-0.029238088600916205
7,9,-114.782,31.13,0.0,37.37,-0.03395283770138276
7,10,-114.738,31.13,0.0,37.37,-0.044211998876407324
7,11,-114.694,31.13,0.0,37.37,-0.06128892725912768
7,12,-114.65,31.13,,37.37,-0.07082540254020123
7,13,-114.606,31.13,,37.37,-0.07117373667140091
7,14,-114.562,31.13,,37.37,-0.042565282406769815
7,15,-114.518,31.13,,37.37,-0.0486665528999354
7,16,-114.474,31.13,,37.37,-0.04904941941657214
7,17,-114.43,31.13,,37.37,-0.03929818216028557
7,18,-114.386,31.13,,37.37,-0.027195616285488115
7,19,-114.342,31.13,,37.37,-0.02583774939276024
7,20,-114.298,31.13,,37.37,-0.028130028613147107
7,21,-114.254,31.13,,37.37,-0.029707710375694304
7,22,-114.21,31.13,,37.37,-0.03372433454007876
7,23,-114.166,31.13,,37.37,-0.049481277448099645
7,24,-114.122,31.13,,37.37,-0.06428106816225994
7,25,-114.078,31.13,,37.37,-0.07225077245155344
7,26,-114.034,31.13,,37.37,-0.06817394938998107
7,27,-113.99,31.13,0.0,37.37,-0.038468886385136465
7,28,-113.946,31.13,0.0,37.37,-0.05140313511517095
7,29,-113.902,31.13,0.0,37.37,-0.04731530914118051
7,30,-113.858,31.13,0.0,37.37,-0.03547803960449956
7,31,-113.814,31.13,0.0,37.37,-0.026981360037685396
7,32,-113.77,31.13,0.0,37.37,-0.025537614253781413
7,33,-113.726,31.13,0.0,37.37,-0.02882669408843945
7,34,-113.682,31.13,0.0,37.37,-0.03088363490023065
7,35,-113.638,31.13,0.0,37.37,-0.03304729350713638
7,36,-113.594,31.13,0.0,37.37,-0.05514875005288566
7,37,-113.55,31.13,0.0,37.37,-0.06700528248462771
7,38,-113.506,31.13,0.0,37.37,-0.0733665900127828
7,39,-113.462,31.13,0.0,37.37,-0.061196333403259084
7,40,-113.418,31.13,0.0,37.37,-0.03947082312822627
7,41,-113.374,31.13,0.0,37.37,-0.051380174903407384
7,42,-113.33,31.13,0.0,37.37,-0.04693621616430838
7,43,-113.286,31.13,0.0,37.37,-0.031541620857420606
7,44,-113.242,31.13,0.0,37.37,-0.026688571508170517
7,45,-113.198,31.13,0.0,37.37,-0.02585608351086688
7,46,-113.154,31.13,0.0,37.37,-0.029045669314891404
7,47,-113.11,31.13,0.0,37.37,-0.032286708803330295
7,48,-113.066,31.13,0.107,37.37,-0.03477397180229273
7,49,-113.022,31.13,0.312,37.37,-0.05858234640379021
7,50,-112.978,31.13,0.555,37.37,-0.06884245561790295
7,51,-112.934,31.13,0.73,37.37,-0.07321451107927227
7,52,-112.89,31.13,1.259,37.37,-0.05475084514298941
7,53,-112.846,31.13,0.471,37.37,-0.04206111684609018
7,54,-112.802,31.13,0.411,37.37,-0.05058634446622123
7,55,-112.758,31.13,1.302,37.37,-0.04560283610797421
7,56,-112.714,31.13,1.605,37.37,-0.028859379295454412
7,57,-112.67,31.13,0.493,37.37,-0.026548395718604997
7,58,-112.626,31.13,0.834,37.37,-0.026487764105660658
7,59,-112.582,31.13,1.232,37.37,-0.028939348498171397
7,60,-112.538,31.13,2.832,37.37,-0.0334659720436011
7,61,-112.494,31.13,2.497,37.37,-0.0394127348499675
7,62,-112.45,31.13,1.549,37.37,-0.059620476049562623
7,63,-112.406,31.13,0.451,37.37,-0.07002637984225366
7,64,-112.362,31.13,0.33,37.37,-0.07189602860163598
7,65,-112.318,31.13,0.385,37.37,-0.04868124261785217
7,66,-112.274,31.13,0.703,37.37,-0.04540991109775324
7,67,-112.23,31.13,0.499,37.37,-0.04983836752067585
7,68,-112.186,31.13,0.62,37.37,-0.043018337523063784
7,69,-112.142,31.13,2.13,37.37,-0.027590616232522108
7,70,-112.098,31.13,2.387,37.37,-0.02644372949408226
7,71,-112.054,31.13,4.334,37.37,-0.02712523992698262
7,72,-112.01,31.13,0.761,37.37,-0.029238088600916205
7,73,-111.966,31.13,0.461,37.37,-0.03395283770138276
7,74,-111.922,31.13,0.558,37.37,-0.044211998876407324
7,75,-111.878,31.13,0.484,37.37,-0.06128892725912768
7,76,-111.834,31.13,0.461,37.37,-0.07130486249796682
7,77,-111.79,31.13,2.614,37.37,
7,78,-111.746,31.13,1.15,37.37,
7,79,-111.702,31.13,3.095,37.37,
7,80,-111.658,31.13,10.649,37.37,
7,81,-111.614,31.13,6.29,37.37,
7,82,-111.57,31.13,0.92,37.37,
7,83,-111.526,31.13,1.025,37.37,
7,84,-111.482,31.13,2.418,37.37,
7,85,-111.438,31.13,2.744,37.37,
7,86,-111.394,31.13,2.746,37.37,
7,87,-111.35,31.13,3.157,37.37,
7,88,-111.306,31.13,4.817,37.37,
7,89,-111.262,31.13,3.518,37.37,
7,90,-111.218,31.13,3.47,37.37,
7,91,-111.174,31.13,5.209,37.37,
7,92,-111.13,31.13,7.106,37.37,
7,93,-111.086,31.13,7.986,37.37,
7,94,-111.042,31.13,5.958,37.37,
7,95,-110.998,31.13,4.834,37.37,
7,96,-110.954,31.13,2.335,37.37,
7,97,-110.91,31.13,3.079,37.37,
7,98,-110.866,31.13,5.045,37.37,
7,99,-110.822,31.13,8.36,37.37,
7,100,-110.778,31.13,8.064,37.37,
7,101,-110.734,31.13,2.381,37.37,
7,102,-110.69,31.13,1.022,37.37,
7,103,-110.646,31.13,1.165,37.37,
7,104,-110.602,31.13,3.34,37.37,
7,105,-110.558,31.13,8.608,37.37,
7,106,-110.514,31.13,8.359,37.37,
7,107,-110.47,31.13,3.009,37.37,
7,108,-110.426,31.13,2.509,37.37,
7,109,-110.382,31.13,2.117,37.37,
7,110,-110.338,31.13,1.4,37.37,
7,111,-110.294,31.13,1.284,37.37,
7,112,-110.25,31.13,0.833,37.37,
7,113,-110.206,31.13,0.646,37.37,
7,114,-110.162,31.13,0.838,37.37,
7,115,-110.118,31.13,0.765,37.37,
7,116,-110.074,31.13,1.366,37.37,
7,117,-110.03,31.13,2.344,37.37,
7,118,-109.986,31.13,1.777,37.37,
7,119,-109.942,31.13,1.728,37.37,
7,120,-109.898,31.13,2.953,37.37,
7,121,-109.854,31.13,2.375,37.37,
7,122,-109.81,31.13,1.702,37.37,
7,123,-109.766,31.13,1.334,37.37,
7,124,-109.722,31.13,1.192,37.37,
7,125,-109.678,31.13,1.38,37.37,
7,126,-109.634,31.13,1.566,37.37,
7,127,-109.59,31.13,1.446,37.37,
7,128,-109.546,31.13,6.012,37.37,
7,129,-109.502,31.13,4.956,37.37,
7,130,-109.458,31.13,3.657,37.37,
7,131,-109.414,31.13,3.418,37.37,
7,132,-109.37,31.13,1.671,37.37,
7,133,-109.326,31.13,1.633,37.37,
7,134,-109.282,31.13,1.657,37.37,
7,135,-109.238,31.13,1.146,37.37,
7,136,-109.194,31.13,0.785,37.37,
7,137,-109.15,31.13,1.229,37.37,
7,138,-109.106,31.13,4.595,37.37,
7,139,-109.062,31.13,10.878,37.37,
7,140,-109.018,31.13,6.419,37.37,
8,0,-115.178,31.174,6.589,37.37,-0.04322065339651662
8,1,-115.134,31.174,7.51,37.37,-0.026078204453748095
8,2,-115.09,31.174,2.434,37.37,-0.022339894172906896
8,3,-115.046,31.174,1.746,37.37,-0.018874210951302383
8,4,-115.002,31.174,2.01,37.37,-0.022072587925698942
8,5,-114.958,31.174,1.679,37.37,-0.018416724194382617
8,6,-114.914,31.174,0.831,37.37,-0.017374543511658527
8,7,-114.87,31.174,0.075,37.37,-0.0212021029308849
8,8,-114.826,31.174,0.0,37.37,-0.024751370669637566
8,9,-114.782,31.174,0.0,37.37,-0.02934756388873248
8,10,-114.738,31.174,0.0,37.37,-0.0417620195893783
8,11,-114.694,31.174,0.0,37.37,-0.05140766875435798
8,12,-114.65,31.174,,37.37,-0.05381043182207609
8,13,-114.606,31.174,,37.37,-0.042239438325903225
8,14,-114.562,31.174,,37.37,-0.021131632261833396
8,15,-114.518,31.174,,37.37,-0.022586801797510898
8,16,-114.474,31.174,,37.37,-0.019785759643123978
8,17,-114.43,31.174,,37.37,-0.021343429456627455
8,18,-114.386,31.174,,37.37,-0.01776135301479746
8,19,-114.342,31.174,,37.37,-0.018065136200027115
8,20,-114.298,31.174,,37.37,-0.02204501644406469
8,21,-114.254,31.174,,37.37,-0.025347065574544345
8,22,-114.21,31.174,,37.37,-0.029888650284372188
8,23,-114.166,31.174,,37.37,-0.04555656147100876
8,24,-114.122,31.174,,37.37,-0.05254535382658574
8,25,-114.078,31.174,,37.37,-0.05227182689793283
8,26,-114.034,31.174,,37.37,-0.039786656399933354
8,27,-113.99,31.174,0.0,37.37,-0.01913581037140794
8,28,-113.946,31.174,0.0,37.37,-0.021683026691272266
8,29,-113.902,31.174,0.0,37.37,-0.02097342764291242
8,30,-113.858,31.174,0.0,37.37,-0.019957046838739674
8,31,-113.814,31.174,0.0,37.37,-0.017360069707771344
8,32,-113.77,31.174,0.0,37.37,-0.0187451196693326
8,33,-113.726,31.174,0.0,37.37,-0.023115858840362866
8,34,-113.682,31.174,0.0,37.37,-0.025958820099440737
8,35,-113.638,31.174,0.0,37.37,-0.031402978628064
8,36,-113.594,31.174,0.0,37.37,-0.0474787058613277
8,37,-113.55,31.174,0.0,37.37,-0.05476783773044227
8,38,-113.506,31.174,0.0,37.37,-0.04977524224113539
8,39,-113.462,31.174,0.0,37.37,-0.034979775927574314
8,40,-113.418,31.174,0.0,37.37,-0.01980437020238688
8,41,-113.374,31.174,0.0,37.37,-0.020659454846073226
8,42,-113.33,31.174,0.0,37.37,-0.021843631209723775
8,43,-113.286,31.174,0.0,37.37,-0.019365536261835646
8,44,-113.242,31.174,0.0,37.37,-0.016934788421617532
8,45,-113.198,31.174,0.0,37.37,-0.019308491454183944
8,46,-113.154,31.174,0.0,37.37,-0.02383256974744412
8,47,-113.11,31.174,0.014,37.37,-0.02718866617929211
8,48,-113.066,31.174,0.169,37.37,-0.03466937451601528
8,49,-113.022,31.174,0.836,37.37,-0.04922887142665288
8,50,-112.978,31.174,1.355,37.37,-0.055722563277882976
8,51,-112.934,31.174,1.613,37.37,-0.04593699771288803
8,52,-112.89,31.174,1.695,37.37,-0.030446163253293124
8,53,-112.846,31.174,0.6,37.37,-0.021251583335558013
8,54,-112.802,31.174,0.351,37.37,-0.019326451962119972
8,55,-112.758,31.174,2.117,37.37,-0.022387679534181967
8,56,-112.714,31.174,1.113,37.37,-0.018848198410326134
8,57,-112.67,31.174,0.561,37.37,-0.01679922671991273
8,58,-112.626,31.174,0.908,37.37,-0.020329861358460915
8,59,-112.582,31.174,1.418,37.37,-0.024237661341585864
8,60,-112.538,31.174,2.303,37.37,-0.028419892021239217
8,61,-112.494,31.174,2.911,37.37,-0.038190411095519926
8,62,-112.45,31.174,1.377,37.37,-0.05063833150794594
8,63,-112.406,31.174,0.471,37.37,-0.0550057950694952
8,64,-112.362,31.174,0.553,37.37,-0.04322065339651662
8,65,-112.318,31.174,0.82,37.37,-0.026078204453748095
8,66,-112.274,31.174,3.539,37.37,-0.022339894172906896
8,67,-112.23,31.174,0.697,37.37,-0.018874210951302383
8,68,-112.186,31.174,0.982,37.37,-0.022072587925698942
8,69,-112.142,31.174,4.644,37.37,-0.018416724194382617
8,70,-112.098,31.174,7.9,37.37,-0.017374543511658527
8,71,-112.054,31.174,7.607,37.37,-0.0212021029308849
8,72,-112.01,31.174,0.979,37.37,-0.024751370669637566
8,73,-111.966,31.174,1.466,37.37,-0.02934756388873248
8,74,-111.922,31.174,5.27,37.37,-0.0417620195893783
8,75,-111.878,31.174,1.828,37.37,-0.05140766875435798
8,76,-111.834,31.174,1.16,37.37,-0.0556213066947348
8,77,-111.79,31.174,3.818,37.37,
8,78,-111.746,31.174,0.819,37.37,
8,79,-111.702,31.174,1.596,37.37,
8,80,-111.658,31.174,5.39,37.37,
8,81,-111.614,31.174,1.115,37.37,
8,82,-111.57,31.174,0.901,37.37,
8,83,-111.526,31.174,1.517,37.37,
8,84,-111.482,31.174,2.926,37.37,
8,85,-111.438,31.174,3.994,37.37,
8,86,-111.394,31.174,4.125,37.37,
8,87,-111.35,31.174,2.108,37.37,
8,88,-111.306,31.174,2.901,37.37,
8,89,-111.262,31.174,3.985,37.37,
8,90,-111.218,31.174,4.532,37.37,
8,91,-111.174,31.174,5.207,37.37,
8,92,-111.13,31.174,6.183,37.37,
8,93,-111.086,31.174,7.987,37.37,
8,94,-111.042,31.174,3.574,37.37,
8,95,-110.998,31.174,2.116,37.37,
8,96,-110.954,31.174,2.177,37.37,
8,97,-110.91,31.174,3.617,37.37,
8,98,-110.866,31.174,6.738,37.37,
8,99,-110.822,31.174,9.072,37.37,
8,100,-110.778,31.174,6.209,37.37,
8,101,-110.734,31.174,2.268,37.37,
8,102,-110.69,31.174,1.364,37.37,
8,103,-110.646,31.174,2.62,37.37,
8,104,-110.602,31.174,2.772,37.37,
8,105,-110.558,31.174,6.755,37.37,
8,106,-110.514,31.174,6.449,37.37,
8,107,-110.47,31.174,3.567,37.37,
8,108,-110.426,31.174,1.974,37.37,
8,109,-110.382,31.174,1.144,37.37,
8,110,-110.338,31.174,1.079,37.37,
8,111,-110.294,31.174,1.261,37.37,
8,112,-110.25,31.174,1.139,37.37,
8,113,-110.206,31.174,0.747,37.37,
8,114,-110.162,31.174,0.805,37.37,
8,115,-110.118,31.174,0.91,37.37,
8,116,-110.074,31.174,1.068,37.37,
8,117,-110.03,31.174,1.371,37.37,
8,118,-109.986,31.174,1.272,37.37,
8,119,-109.942,31.174,1.334,37.37,
8,120,-109.898,31.174,2.93,37.37,
8,121,-109.854,31.174,1.608,37.37,
8,122,-109.81,31.174,1.37,37.37,
8,123,-109.766,31.174,1.096,37.37,
8,124,-109.722,31.174,1.767,37.37,
8,125,-109.678,31.174,1.984,37.37,
8,126,-109.634,31.174,3.475,37.37,
8,127,-109.59,31.174,1.921,37.37,
8,128,-109.546,31.174,1.263,37.37,
8,129,-109.502,31.174,2.099,37.37,
8,130,-109.458,31.174,3.299,37.37,
8,131,-109.414,31.174,5.091,37.37,
8,132,-109.37,31.174,2.709,37.37,
8,133,-109.326,31.174,1.523,37.37,
8,134,-109.282,31.174,1.144,37.37,
8,135,-109.238,31.174,1.517,37.37,
8,136,-109.194,31.174,2.023,37.37,
8,137,-109.15,31.174,1.511,37.37,
8,138,-109.106,31.174,6.974,37.37,
8,139,-109.062,31.174,11.378,37.37,
8,140,-109.018,31.174,7.271,37.37,
9,0,-115.178,31.218,2.045,37.37,-0.01793502243121555
9,1,-115.134,31.218,10.001,37.37,-0.011924316948164633
9,2,-115.09,31.218,5.568,37.37,-0.01008628153446417
9,3,-115.046,31.218,2.475,37.37,-0.012412784243909951
9,4,-115.002,31.218,1.924,37.37,-0.01433538940977861
9,5,-114.958,31.218,1.036,37.37,-0.009983902411775158
9,6,-114.914,31.218,0.617,37.37,-0.011244862960725766
9,7,-114.87,31.218,0.056,37.37,-0.01886216086311597
9,8,-114.826,31.218,0.0,37.37,-0.020203029388763796
9,9,-114.782,31.218,0.0,37.37,-0.021252161090260138
9,10,-114.738,31.218,0.0,37.37,-0.03075947446069197
9,11,-114.694,31.218,0.0,37.37,-0.025380258698901096
9,12,-114.65,31.218,,37.37,-0.018557351412965682
9,13,-114.606,31.218,,37.37,-0.01688225057956244
9,14,-114.562,31.218,,37.37,-0.011718066653984005
9,15,-114.518,31.218,,37.37,-0.009384263304979205
9,16,-114.474,31.218,,37.37,-0.013972496040679521
9,17,-114.43,31.218,,37.37,-0.013376899250481517
9,18,-114.386,31.218,,37.37,-0.009528277831011976
9,19,-114.342,31.218,,37.37,-0.012618867233606612
9,20,-114.298,31.218,,37.37,-0.020368335106571565
9,21,-114.254,31.218,,37.37,-0.0192051281190324
9,22,-114.21,31.218,,37.37,-0.02376104509958622
9,23,-114.166,31.218,,37.37,-0.029755020392213463
9,24,-114.122,31.218,,37.37,-0.02365482148995393
9,25,-114.078,31.218,,37.37,-0.01919790100060582
9,26,-114.034,31.218,,37.37,-0.015641366048109232
9,27,-113.99,31.218,0.0,37.37,-0.011253195792972069
9,28,-113.946,31.218,0.0,37.37,-0.009221272843299745
9,29,-113.902,31.218,0.0,37.37,-0.015280962935033289
9,30,-113.858,31.218,0.0,37.37,-0.012032817486661806
9,31,-113.814,31.218,0.0,37.37,-0.009349518336275587
9,32,-113.77,31.218,0.0,37.37,-0.01403239285917446
9,33,-113.726,31.218,0.0,37.37,-0.021666679062516656
9,34,-113.682,31.218,0.0,37.37,-0.01850351016214335
9,35,-113.638,31.218,0.0,37.37,-0.027828218409732944
9,36,-113.594,31.218,0.0,37.37,-0.027268384838899342
9,37,-113.55,31.218,0.0,37.37,-0.022033382067938367
9,38,-113.506,31.218,0.0,37.37,-0.018956367767084956
9,39,-113.462,31.218,0.0,37.37,-0.014420456127814453
9,40,-113.418,31.218,0.0,37.37,-0.01056699110108711
9,41,-113.374,31.218,0.0,37.37,-0.00958077254940567
9,42,-113.33,31.218,0.0,37.37,-0.0162151497960898
9,43,-113.286,31.218,0.0,37.37,-0.011052757187139274
9,44,-113.242,31.218,0.0,37.37,-0.00959406706684981
9,45,-113.198,31.218,0.04,37.37,-0.01537418816637328
9,46,-113.154,31.218,0.099,37.37,-0.02166607941114925
9,47,-113.11,31.218,0.202,37.37,-0.01872333179212104
9,48,-113.066,31.218,0.884,37.37,-0.029963131591847856
9,49,-113.022,31.218,1.623,37.37,-0.02687581103514073
9,50,-112.978,31.218,1.235,37.37,-0.0201642804593212
9,51,-112.934,31.218,1.372,37.37,-0.018678049013275067
9,52,-112.89,31.218,0.564,37.37,-0.013142168414102748
9,53,-112.846,31.218,0.331,37.37,-0.010207787580239401
9,54,-112.802,31.218,0.685,37.37,-0.010630255091192668
9,55,-112.758,31.218,0.409,37.37,-0.015856790523773857
9,56,-112.714,31.218,0.446,37.37,-0.010339593183181207
9,57,-112.67,31.218,0.656,37.37,-0.010103509733038045
9,58,-112.626,31.218,1.555,37.37,-0.017064523279968283
9,59,-112.582,31.218,4.808,37.37,-0.0213617638241849
9,60,-112.538,31.218,5.36,37.37,-0.019612301713505614
9,61,-112.494,31.218,1.797,37.37,-0.030605451926601045
9,62,-112.45,31.218,0.537,37.37,-0.026265917355312172
9,63,-112.406,31.218,0.646,37.37,-0.019504235843436756
9,64,-112.362,31.218,0.752,37.37,-0.01793502243121555
9,65,-112.318,31.218,6.069,37.37,-0.011924316948164633
9,66,-112.274,31.218,4.542,37.37,-0.01008628153446417
9,67,-112.23,31.218,1.389,37.37,-0.012412784243909951
9,68,-112.186,31.218,1.265,37.37,-0.01433538940977861
9,69,-112.142,31.218,3.502,37.37,-0.009983902411775158
9,70,-112.098,31.218,2.664,37.37,-0.011244862960725766
9,71,-112.054,31.218,1.657,37.37,-0.01886216086311597
9,72,-112.01,31.218,0.97,37.37,-0.020203029388763796
9,73,-111.966,31.218,6.879,37.37,-0.021252161090260138
9,74,-111.922,31.218,9.106,37.37,-0.03075947446069197
9,75,-111.878,31.218,4.945,37.37,-0.025380258698901096
9,76,-111.834,31.218,4.553,37.37,-0.01877489453104001
9,77,-111.79,31.218,2.382,37.37,
9,78,-111.746,31.218,0.588,37.37,
9,79,-111.702,31.218,0.467,37.37,
9,80,-111.658,31.218,0.528,37.37,
9,81,-111.614,31.218,0.738,37.37,
9,82,-111.57,31.218,0.812,37.37,
9,83,-111.526,31.218,1.073,37.37,
9,84,-111.482,31.218,1.205,37.37,
9,85,-111.438,31.218,2.094,37.37,
9,86,-111.394,31.218,5.559,37.37,
9,87,-111.35,31.218,1.696,37.37,
9,88,-111.306,31.218,2.038,37.37,
9,89,-111.262,31.218,2.411,37.37,
9,90,-111.218,31.218,3.54,37.37,
9,91,-111.174,31.218,7.249,37.37,
9,92,-111.13,31.218,6.243,37.37,
9,93,-111.086,31.218,5.191,37.37,
9,94,-111.042,31.218,2.723,37.37,
9,95,-110.998,31.218,1.822,37.37,
9,96,-110.954,31.218,2.349,37.37,
9,97,-110.91,31.218,5.715,37.37,
9,98,-110.866,31.218,4.879,37.37,
9,99,-110.822,31.218,7.398,37.37,
9,100,-110.778,31.218,4.661,37.37,
9,101,-110.734,31.218,1.289,37.37,
9,102,-110.69,31.218,2.601,37.37,
9,103,-110.646,31.218,4.469,37.37,
9,104,-110.602,31.218,3.045,37.37,
9,105,-110.558,31.218,6.893,37.37,
9,106,-110.514,31.218,4.623,37.37,
9,107,-110.47,31.218,2.322,37.37,
9,108,-110.426,31.218,1.239,37.37,
9,109,-110.382,31.218,1.794,37.37,
9,110,-110.338,31.218,1.332,37.37,
9,111,-110.294,31.218,1.329,37.37,
9,112,-110.25,31.218,0.94,37.37,
9,113,-110.206,31.218,0.54,37.37,
9,114,-110.162,31.218,0.742,37.37,
9,115,-110.118,31.218,0.889,37.37,
9,116,-110.074,31.218,1.179,37.37,
9,117,-110.03,31.218,1.979,37.37,
9,118,-109.986,31.218,3.308,37.37,
9,119,-109.942,31.218,1.56,37.37,
9,120,-109.898,31.218,1.52,37.37,
9,121,-109.854,31.218,1.489,37.37,
9,122,-109.81,31.218,1.918,37.37,
9,123,-109.766,31.218,4.591,37.37,
9,124,-109.722,31.218,1.914,37.37,
9,125,-109.678,31.218,4.379,37.37,
9,126,-109.634,31.218,6.931,37.37,
9,127,-109.59,31.218,2.46,37.37,
9,128,-109.546,31.218,1.165,37.37,
9,129,-109.502,31.218,1.623,37.37,
9,130,-109.458,31.218,4.53,37.37,
9,131,-109.414,31.218,7.59,37.37,
9,132,-109.37,31.218,4.454,37.37,
9,133,-109.326,31.218,1.769,37.37,
9,134,-109.282,31.218,1.771,37.37,
9,135,-109.238,31.218,1.382,37.37,
9,136,-109.194,31.218,1.381,37.37,
9,137,-109.15,31.218,2.695,37.37,
9,138,-109.106,31.218,5.15,37.37,
9,139,-109.062,31.218,9.311,37.37,
9,140,-109.018,31.218,6.377,37.37,
10,0,-115.178,31.262,2.246,37.37,-0.017595414504599803
10,1,-115.134,31.262,7.913,37.37,-0.012925372486907534
10,2,-115.09,31.262,10.853,37.37,-0.013026821007621963
10,3,-115.046,31.262,7.208,37.37,-0.014426717365698359
10,4,-115.002,31.262,3.82,37.37,-0.02048398520084238
10,5,-114.958,31.262,0.881,37.37,-0.017372205442970672
10,6,-114.914,31.262,0.421,37.37,-0.01851801353799749
10,7,-114.87,31.262,0.062,37.37,-0.021168814958262797
10,8,-114.826,31.262,0.0,37.37,-0.022864089181824383
10,9,-114.782,31.262,0.0,37.37,-0.020929304329785126
10,10,-114.738,31.262,0.0,37.37,-0.027333736880423853
10,11,-114.694,31.262,0.0,37.37,-0.019649022860882746
10,12,-114.65,31.262,,37.37,-0.01945585426490873
10,13,-114.606,31.262,,37.37,-0.016695890393265557
10,14,-114.562,31.262,,37.37,-0.012999836559778506
10,15,-114.518,31.262,,37.37,-0.012898928641836602
10,16,-114.474,31.262,,37.37,-0.015578573112406749
10,17,-114.43,31.262,,37.37,-0.020162793093539178
10,18,-114.386,31.262,,37.37,-0.018027570439153144
10,19,-114.342,31.262,0.0,37.37,-0.018527736579484044
10,20,-114.298,31.262,0.0,37.37,-0.022417144653078584
10,21,-114.254,31.262,0.0,37.37,-0.021284058265415177
10,22,-114.21,31.262,0.0,37.37,-0.02322936781339703
10,23,-114.166,31.262,0.0,37.37,-0.025293726628313463
10,24,-114.122,31.262,0.0,37.37,-0.019486777637300928
10,25,-114.078,31.262,0.0,37.37,-0.019548921747635697
10,26,-114.034,31.262,0.0,37.37,-0.0154827164080665
10,27,-113.99,31.262,0.0,37.37,-0.0133000322924072
10,28,-113.946,31.262,0.0,37.37,-0.013031160945781457
10,29,-113.902,31.262,0.0,37.37,-0.016763748185771577
10,30,-113.858,31.262,0.0,37.37,-0.019266299898736957
10,31,-113.814,31.262,0.0,37.37,-0.018051212646839506
10,32,-113.77,31.262,0.0,37.37,-0.019484831847572683
10,33,-113.726,31.262,0.0,37.37,-0.023314939323324665
10,34,-113.682,31.262,0.0,37.37,-0.020014278929590006
10,35,-113.638,31.262,0.0,37.37,-0.02564857791972197
10,36,-113.594,31.262,0.0,37.37,-0.022533864830966553
10,37,-113.55,31.262,0.0,37.37,-0.020183013496878142
10,38,-113.506,31.262,0.0,37.37,-0.018998615422843115
10,39,-113.462,31.262,0.0,37.37,-0.014332129933441202
10,40,-113.418,31.262,0.009,37.37,-0.013125826278409358
10,41,-113.374,31.262,0.083,37.37,-0.013468606714343577
10,42,-113.33,31.262,0.134,37.37,-0.018113875432114547
10,43,-113.286,31.262,0.169,37.37,-0.018572529459942134
10,44,-113.242,31.262,0.197,37.37,-0.018318217941159457
10,45,-113.198,31.262,0.211,37.37,-0.019631318378974597
10,46,-113.154,31.262,0.338,37.37,-0.02384705316213314
10,47,-113.11,31.262,1.12,37.37,-0.019316680730151355
10,48,-113.066,31.262,1.665,37.37,-0.0278229956205139
10,49,-113.022,31.262,1.395,37.37,-0.020763091377310763
10,50,-112.978,31.262,0.213,37.37,-0.02012956454067472
10,51,-112.934,31.262,0.484,37.37,-0.018330161689952284
10,52,-112.89,31.262,0.947,37.37,-0.013614330601499072
10,53,-112.846,31.262,3.535,37.37,-0.013039623791801413
10,54,-112.802,31.262,0.701,37.37,-0.01381143270236379
10,55,-112.758,31.262,0.437,37.37,-0.01950183676767846
10,56,-112.714,31.262,0.556,37.37,-0.018001238221819302
10,57,-112.67,31.262,0.774,37.37,-0.01815187760703178
10,58,-112.626,31.262,2.984,37.37,-0.020156477470202473
10,59,-112.582,31.262,6.801,37.37,-0.023811158741597675
10,60,-112.538,31.262,3.61,37.37,-0.019343245517938173
10,61,-112.494,31.262,0.692,37.37,-0.0288035562716667
10,62,-112.45,31.262,1.552,37.37,-0.01967821848252149
10,63,-112.406,31.262,1.123,37.37,-0.020168874962185356
10,64,-112.362,31.262,0.825,37.37,-0.017595414504599803
10,65,-112.318,31.262,4.054,37.37,-0.012925372486907534
10,66,-112.274,31.262,3.945,37.37,-0.013026821007621963
10,67,-112.23,31.262,2.939,37.37,-0.014426717365698359
10,68,-112.186,31.262,1.168,37.37,-0.02048398520084238
10,69,-112.142,31.262,1.263,37.37,-0.017372205442970672
10,70,-112.098,31.262,0.512,37.37,-0.01851801353799749
10,71,-112.054,31.262,0.385,37.37,-0.021168814958262797
10,72,-112.01,31.262,0.936,37.37,-0.022864089181824383
10,73,-111.966,31.262,9.213,37.37,-0.020929304329785126
10,74,-111.922,31.262,8.124,37.37,-0.027333736880423853
10,75,-111.878,31.262,4.825,37.37,-0.019649022860882746
10,76,-111.834,31.262,3.971,37.37,-0.020090100836043026
10,77,-111.79,31.262,1.163,37.37,
10,78,-111.746,31.262,0.769,37.37,
10,79,-111.702,31.262,0.519,37.37,
10,80,-111.658,31.262,0.484,37.37,
10,81,-111.614,31.262,0.683,37.37,
10,82,-111.57,31.262,0.733,37.37,
10,83,-111.526,31.262,0.8,37.37,
10,84,-111.482,31.262,1.033,37.37,
10,85,-111.438,31.262,1.51,37.37,
10,86,-111.394,31.262,2.899,37.37,
10,87,-111.35,31.262,1.438,37.37,
10,88,-111.306,31.262,1.784,37.37,
10,89,-111.262,31.262,3.23,37.37,
10,90,-111.218,31.262,3.122,37.37,
10,91,-111.174,31.262,6.009,37.37,
10,92,-111.13,31.262,5.56,37.37,
10,93,-111.086,31.262,3.166,35.903,
10,94,-111.042,31.262,2.905,34.792,
10,95,-110.998,31.262,2.3,34.718,
10,96,-110.954,31.262,2.335,35.131,
10,97,-110.91,31.262,4.179,35.243,
10,98,-110.866,31.262,6.561,35.411,
10,99,-110.822,31.262,4.05,35.685,
10,100,-110.778,31.262,2.132,35.73,
10,101,-110.734,31.262,2.601,35.258,
10,102,-110.69,31.262,5.8,34.302,
10,103,-110.646,31.262,6.034,34.224,
10,104,-110.602,31.262,2.717,34.875,
10,105,-110.558,31.262,3.694,34.895,
10,106,-110.514,31.262,5.641,34.474,
10,107,-110.47,31.262,2.752,34.244,
10,108,-110.426,31.262,1.29,34.556,
10,109,-110.382,31.262,1.157,34.743,
10,110,-110.338,31.262,1.174,34.761,
10,111,-110.294,31.262,1.97,34.701,
10,112,-110.25,31.262,0.922,34.874,
10,113,-110.206,31.262,0.746,35.218,
10,114,-110.162,31.262,0.853,35.504,
10,115,-110.118,31.262,1.948,35.424,
10,116,-110.074,31.262,3.299,35.249,
10,117,-110.03,31.262,9.3,34.823,
10,118,-109.986,31.262,14.016,34.805,
10,119,-109.942,31.262,3.112,34.992,
10,120,-109.898,31.262,1.314,35.135,
10,121,-109.854,31.262,1.288,35.395,
10,122,-109.81,31.262,2.341,37.37,
10,123,-109.766,31.262,3.716,37.37,
10,124,-109.722,31.262,2.589,37.37,
10,125,-109.678,31.262,3.331,37.37,
10,126,-109.634,31.262,2.84,37.37,
10,127,-109.59,31.262,1.058,37.37,
10,128,-109.546,31.262,1.033,37.37,
10,129,-109.502,31.262,1.336,37.37,
10,130,-109.458,31.262,4.131,37.37,
10,131,-109.414,31.262,3.598,37.37,
10,132,-109.37,31.262,2.913,37.37,
10,133,-109.326,31.262,1.503,37.37,
10,134,-109.282,31.262,2.086,37.37,
10,135,-109.238,31.262,1.305,37.37,
10,136,-109.194,31.262,1.359,37.37,
10,137,-109.15,31.262,2.176,37.37,
10,138,-109.106,31.262,4.675,37.37,
10,139,-109.062,31.262,8.652,37.37,
10,140,-109.018,31.262,5.727,37.37,
11,0,-115.178,31.306,3.537,37.37,-0.016667347160196307
11,1,-115.134,31.306,5.747,37.37,-0.015514852998612555
11,2,-115.09,31.306,7.79,37.37,-0.021171426858142915
11,3,-115.046,31.306,3.845,37.37,-0.0255560385418302
11,4,-115.002,31.306,1.528,37.37,-0.03059589395891546
11,5,-114.958,31.306,0.64,37.37,-0.028920322211519106
11,6,-114.914,31.306,0.099,37.37,-0.028801681191334038
11,7,-114.87,31.306,0.014,37.37,-0.028163101371248323
11,8,-114.826,31.306,0.0,37.37,-0.02338333297134448
11,9,-114.782,31.306,0.0,37.37,-0.021559380831436825
11,10,-114.738,31.306,0.0,37.37,-0.03134248407770053
11,11,-114.694,31.306,0.0,37.37,-0.030580091514799738
11,12,-114.65,31.306,,37.37,-0.020185100790534816
11,13,-114.606,31.306,,37.37,-0.01619853698106976
11,14,-114.562,31.306,,37.37,-0.01583714080342263
11,15,-114.518,31.306,,37.37,-0.022584830796743668
11,16,-114.474,31.306,,37.37,-0.025955508002467452
11,17,-114.43,31.306,,37.37,-0.03250141445776101
11,18,-114.386,31.306,,37.37,-0.02779009280908792
11,19,-114.342,31.306,0.0,37.37,-0.028992331764809722
11,20,-114.298,31.306,0.0,37.37,-0.028044196404512986
11,21,-114.254,31.306,0.0,37.37,-0.021598484192227943
11,22,-114.21,31.306,0.0,37.37,-0.02173386617470121
11,23,-114.166,31.306,0.0,37.37,-0.03448846063507376
11,24,-114.122,31.306,0.0,37.37,-0.02730418404416467
11,25,-114.078,31.306,0.0,37.37,-0.019393561130134483
11,26,-114.034,31.306,0.0,37.37,-0.01608074081373788
11,27,-113.99,31.306,0.0,37.37,-0.016631960154511793
11,28,-113.946,31.306,0.0,37.37,-0.02384015112814083
11,29,-113.902,31.306,0.0,37.37,-0.02709579623996483
11,30,-113.858,31.306,0.0,37.37,-0.03237723826053525
11,31,-113.814,31.306,0.0,37.37,-0.027201639718100495
11,32,-113.77,31.306,0.0,37.37,-0.029212608147146706
11,33,-113.726,31.306,0.0,37.37,-0.02747266822988545
11,34,-113.682,31.306,0.0,37.37,-0.020949704949857498
11,35,-113.638,31.306,0.0,37.37,-0.021897850155331317
11,36,-113.594,31.306,0.0,37.37,-0.03702786426057678
11,37,-113.55,31.306,0.225,37.37,-0.02454338711527713
11,38,-113.506,31.306,0.163,37.37,-0.018247614027286262
11,39,-113.462,31.306,0.229,37.37,-0.015729410018516295
11,40,-113.418,31.306,0.193,37.37,-0.017797462924485634
11,41,-113.374,31.306,0.153,37.37,-0.02471991443059705
11,42,-113.33,31.306,0.045,37.37,-0.028049707188628065
11,43,-113.286,31.306,0.074,37.37,-0.031654981112590026
11,44,-113.242,31.306,0.238,37.37,-0.02832588475252848
11,45,-113.198,31.306,0.411,37.37,-0.02744211136474553
11,46,-113.154,31.306,0.85,37.37,-0.026622868281342558
11,47,-113.11,31.306,1.614,37.37,-0.021249682217965016
11,48,-113.066,31.306,1.795,37.37,-0.024035165357465263
11,49,-113.022,31.306,0.378,37.37,-0.03647686915268304
11,50,-112.978,31.306,0.311,37.37,-0.02294022047042099
11,51,-112.934,31.306,0.298,37.37,-0.017279873157851837
11,52,-112.89,31.306,0.791,37.37,-0.01576380712760843
11,53,-112.846,31.306,3.566,37.37,-0.019316705241559307
11,54,-112.802,31.306,0.342,37.37,-0.025263764129434985
11,55,-112.758,31.306,0.544,37.37,-0.029309304365846427
11,56,-112.714,31.306,0.632,37.37,-0.030146044454782316
11,57,-112.67,31.306,0.856,37.37,-0.029084391849773496
11,58,-112.626,31.306,2.038,37.37,-0.026796964216904477
11,59,-112.582,31.306,3.739,37.37,-0.025473430315715043
11,60,-112.538,31.306,0.704,37.37,-0.021497084434095162
11,61,-112.494,31.306,0.727,37.37,-0.027289409208562182
11,62,-112.45,31.306,0.78,37.37,-0.03392356237738114
11,63,-112.406,31.306,0.779,37.37,-0.02200329368739708
11,64,-112.362,31.306,0.929,37.37,-0.016667347160196307
11,65,-112.318,31.306,5.395,37.37,-0.015514852998612555
11,66,-112.274,31.306,2.065,37.37,-0.021171426858142915
11,67,-112.23,31.306,2.266,37.37,-0.0255560385418302
11,68,-112.186,31.306,1.027,37.37,-0.03059589395891546
11,69,-112.142,31.306,1.412,37.37,-0.028920322211519106
11,70,-112.098,31.306,0.539,37.37,-0.028801681191334038
11,71,-112.054,31.306,0.521,37.37,-0.028163101371248323
11,72,-112.01,31.306,0.814,37.37,-0.02338333297134448
11,73,-111.966,31.306,6.161,37.37,-0.021559380831436825
11,74,-111.922,31.306,4.298,37.37,-0.03134248407770053
11,75,-111.878,31.306,1.704,37.37,-0.030580091514799738
11,76,-111.834,31.306,1.368,37.37,-0.021088757319405585
11,77,-111.79,31.306,1.964,37.37,
11,78,-111.746,31.306,1.073,37.37,
11,79,-111.702,31.306,0.789,37.37,
11,80,-111.658,31.306,0.588,37.37,
11,81,-111.614,31.306,0.672,37.37,
11,82,-111.57,31.306,0.633,37.37,
11,83,-111.526,31.306,0.902,37.37,
11,84,-111.482,31.306,2.258,37.37,
11,85,-111.438,31.306,2.357,37.37,
11,86,-111.394,31.306,1.969,37.37,
11,87,-111.35,31.306,1.898,37.37,
11,88,-111.306,31.306,2.206,37.37,
11,89,-111.262,31.306,2.759,37.37,
11,90,-111.218,31.306,3.015,36.588,
11,91,-111.174,31.306,4.757,35.5,
11,92,-111.13,31.306,4.896,34.904,
11,93,-111.086,31.306,5.523,33.251,
11,94,-111.042,31.306,4.733,32.482,
11,95,-110.998,31.306,4.929,32.786,
11,96,-110.954,31.306,2.505,33.462,
11,97,-110.91,31.306,2.883,33.664,
11,98,-110.866,31.306,2.898,33.955,
11,99,-110.822,31.306,1.646,34.342,
11,100,-110.778,31.306,1.863,34.105,
11,101,-110.734,31.306,3.806,32.82,
11,102,-110.69,31.306,10.69,31.4,
11,103,-110.646,31.306,3.566,31.808,
11,104,-110.602,31.306,1.479,32.612,
11,105,-110.558,31.306,1.876,32.647,
11,106,-110.514,31.306,4.364,32.106,
11,107,-110.47,31.306,3.114,31.75,
11,108,-110.426,31.306,1.596,31.929,
11,109,-110.382,31.306,1.283,32.089,
11,110,-110.338,31.306,1.929,32.073,
11,111,-110.294,31.306,3.953,31.825,
11,112,-110.25,31.306,2.084,32.005,
11,113,-110.206,31.306,1.021,32.887,
11,114,-110.162,31.306,1.098,33.718,
11,115,-110.118,31.306,1.612,33.903,
11,116,-110.074,31.306,2.73,33.752,
11,117,-110.03,31.306,7.065,33.285,
11,118,-109.986,31.306,3.605,33.19,
11,119,-109.942,31.306,1.299,33.284,
11,120,-109.898,31.306,0.784,33.355,
11,121,-109.854,31.306,1.345,33.48,
11,122,-109.81,31.306,0.914,35.285,
11,123,-109.766,31.306,4.091,35.432,
11,124,-109.722,31.306,2.107,35.558,
11,125,-109.678,31.306,0.929,35.791,
11,126,-109.634,31.306,0.655,35.961,
11,127,-109.59,31.306,0.686,36.11,
11,128,-109.546,31.306,0.792,36.137,
11,129,-109.502,31.306,1.165,35.964,
11,130,-109.458,31.306,2.853,35.71,
11,131,-109.414,31.306,3.038,35.449,
11,132,-109.37,31.306,6.117,35.59,
11,133,-109.326,31.306,1.499,36.052,
11,134,-109.282,31.306,0.992,36.366,
11,135,-109.238,31.306,1.284,36.56,
11,136,-109.194,31.306,1.402,36.514,
11,137,-109.15,31.306,2.231,36.289,
11,138,-109.106,31.306,3.378,36.143,
11,139,-109.062,31.306,6.595,35.973,
11,140,-109.018,31.306,6.939,35.506,
12,0,-115.178,31.35,1.823,37.37,-0.024204609929523124
12,1,-115.134,31.35,2.933,37.37,-0.022167433134222866
12,2,-115.09,31.35,6.318,37.37,-0.02986361042190744
12,3,-115.046,31.35,2.564,37.37,-0.031030519313047594
12,4,-115.002,31.35,0.877,37.37,-0.03926068058623188
12,5,-114.958,31.35,0.144,37.37,-0.04265164163345471
12,6,-114.914,31.35,0.07,37.37,-0.03779835179779096
12,7,-114.87,31.35,0.023,37.37,-0.03251559714271283
12,8,-114.826,31.35,0.0,37.37,-0.024299263311707543
12,9,-114.782,31.35,0.0,37.37,-0.025339514315670397
12,10,-114.738,31.35,0.0,37.37,-0.03456821767925336
12,11,-114.694,31.35,0.0,37.37,-0.03638500657196458
12,12,-114.65,31.35,,37.37,-0.02626480221507838
12,13,-114.606,31.35,,37.37,-0.023552441906618732
12,14,-114.562,31.35,,37.37,-0.02362003556879653
12,15,-114.518,31.35,,37.37,-0.02994125340047891
12,16,-114.474,31.35,,37.37,-0.03203872274733005
12,17,-114.43,31.35,,37.37,-0.04070301458387976
12,18,-114.386,31.35,,37.37,-0.0433850534250031
12,19,-114.342,31.35,0.0,37.37,-0.03606570887407136
12,20,-114.298,31.35,0.0,37.37,-0.03127509438553441
12,21,-114.254,31.35,0.0,37.37,-0.02316770094324164
12,22,-114.21,31.35,0.0,37.37,-0.026231310790451677
12,23,-114.166,31.35,0.0,37.37,-0.038056105099484906
12,24,-114.122,31.35,0.0,37.37,-0.03366359610767921
12,25,-114.078,31.35,0.0,37.37,-0.02378238839078465
12,26,-114.034,31.35,0.0,37.37,-0.024078266063438505
12,27,-113.99,31.35,0.0,37.37,-0.025362222143230584
12,28,-113.946,31.35,0.0,37.37,-0.030094264060043986
12,29,-113.902,31.35,0.0,37.37,-0.03395730064288963
12,30,-113.858,31.35,0.0,37.37,-0.04095903091521202
12,31,-113.814,31.35,0.0,37.37,-0.04284828762019422
12,32,-113.77,31.35,0.0,37.37,-0.034704092386214996
12,33,-113.726,31.35,0.0,37.37,-0.030321747318485012
12,34,-113.682,31.35,0.0,37.37,-0.02274507894647432
12,35,-113.638,31.35,0.456,37.37,-0.026781648707426182
12,36,-113.594,31.35,0.275,37.37,-0.038630725520122144
12,37,-113.55,31.35,0.194,37.37,-0.032558240669173115
12,38,-113.506,31.35,0.241,37.37,-0.0235317946303093
12,39,-113.462,31.35,0.156,37.37,-0.023378036510380763
12,40,-113.418,31.35,0.242,37.37,-0.027003687507242132
12,41,-113.374,31.35,0.239,37.37,-0.030556722368470794
12,42,-113.33,31.35,0.237,37.37,-0.036235834889984136
12,43,-113.286,31.35,0.324,37.37,-0.04160868963551522
12,44,-113.242,31.35,0.523,37.37,-0.04149120101117068
12,45,-113.198,31.35,0.724,37.37,-0.033248781466394664
12,46,-113.154,31.35,1.649,37.37,-0.028640227761455837
12,47,-113.11,31.35,1.498,37.37,-0.023125871632275193
12,48,-113.066,31.35,0.928,37.37,-0.0283247638554941
12,49,-113.022,31.35,0.249,37.37,-0.03854226853146147
12,50,-112.978,31.35,0.273,37.37,-0.0312683413111087
12,51,-112.934,31.35,0.3,37.37,-0.023799802194055485
12,52,-112.89,31.35,0.523,37.37,-0.022368616288308833
12,53,-112.846,31.35,1.752,37.37,-0.02852053676384776
12,54,-112.802,31.35,0.372,37.37,-0.03082482692197375
12,55,-112.758,31.35,0.548,37.37,-0.03818200740390973
12,56,-112.714,31.35,0.602,37.37,-0.04229326492610547
12,57,-112.67,31.35,0.677,37.37,-0.03910418745332706
12,58,-112.626,31.35,0.952,37.37,-0.03283250018352306
12,59,-112.582,31.35,0.847,37.37,-0.026542598556013052
12,60,-112.538,31.35,1.05,37.37,-0.02390515689367708
12,61,-112.494,31.35,0.878,37.37,-0.03126221712561521
12,62,-112.45,31.35,0.886,37.37,-0.037591033296553424
12,63,-112.406,31.35,1.439,37.37,-0.0293516618210219
12,64,-112.362,31.35,3.357,37.37,-0.024204609929523124
12,65,-112.318,31.35,2.548,37.37,-0.022167433134222866
12,66,-112.274,31.35,1.501,37.37,-0.02986361042190744
12,67,-112.23,31.35,1.497,37.37,-0.031030519313047594
12,68,-112.186,31.35,1.404,37.37,-0.03926068058623188
12,69,-112.142,31.35,0.825,37.37,-0.04265164163345471
12,70,-112.098,31.35,0.696,37.37,-0.03779835179779096
12,71,-112.054,31.35,0.689,37.37,-0.03251559714271283
12,72,-112.01,31.35,0.713,37.37,-0.024299263311707543
12,73,-111.966,31.35,2.113,37.37,-0.025339514315670397
12,74,-111.922,31.35,3.138,37.37,-0.03456821767925336
12,75,-111.878,31.35,0.948,37.37,-0.03638500657196458
12,76,-111.834,31.35,0.818,37.37,-0.02699624525514594
12,77,-111.79,31.35,1.243,37.37,
12,78,-111.746,31.35,1.565,37.37,
12,79,-111.702,31.35,1.096,37.37,
12,80,-111.658,31.35,0.51,37.37,
12,81,-111.614,31.35,0.495,37.37,
12,82,-111.57,31.35,0.663,37.37,
12,83,-111.526,31.35,0.849,37.37,
12,84,-111.482,31.35,0.952,37.37,
12,85,-111.438,31.35,2.904,37.37,
12,86,-111.394,31.35,2.068,37.37,
12,87,-111.35,31.35,2.741,36.935,
12,88,-111.306,31.35,2.707,36.154,
12,89,-111.262,31.35,3.377,36.157,
12,90,-111.218,31.35,2.611,35.325,0.07806600703902672
12,91,-111.174,31.35,3.94,33.887,0.04806465360313679
12,92,-111.13,31.35,6.55,33.119,0.06630816188116871
12,93,-111.086,31.35,5.557,32.919,0.0917663499377632
12,94,-111.042,31.35,3.399,33.117,0.08763362315421393
12,95,-110.998,31.35,2.903,33.582,0.0952122409223671
12,96,-110.954,31.35,1.943,34.114,0.08287140808700176
12,97,-110.91,31.35,2.078,34.195,0.07500578874545118
12,98,-110.866,31.35,2.253,34.441,0.07958115431758053
12,99,-110.822,31.35,1.295,34.658,0.04865718383944473
12,100,-110.778,31.35,3.132,33.994,0.04426661671207375
12,101,-110.734,31.35,9.49,32.169,0.11410453673601602
12,102,-110.69,31.35,4.794,30.848,0.13157196412826472
12,103,-110.646,31.35,1.925,32.042,0.08769327642574196
12,104,-110.602,31.35,0.945,32.472,0.048369876197876194
12,105,-110.558,31.35,1.386,32.532,0.03492116190200914
12,106,-110.514,31.35,1.552,32.164,0.06625971286644995
12,107,-110.47,31.35,1.513,31.868,0.054485370939313375
12,108,-110.426,31.35,1.223,31.669,0.038634338784984464
12,109,-110.382,31.35,1.466,31.615,0.07136359912153858
12,110,-110.338,31.35,1.823,31.296,0.11637966755901955
12,111,-110.294,31.35,6.846,29.971,0.12224199232020651
12,112,-110.25,31.35,9.56,30.196,0.0804414514931136
12,113,-110.206,31.35,2.332,32.23,0.030520435969488027
12,114,-110.162,31.35,1.044,33.575,0.05043797876321603
12,115,-110.118,31.35,0.952,34.177,0.05101918538968124
12,116,-110.074,31.35,0.839,34.294,0.040336504003286075
12,117,-110.03,31.35,0.997,34.124,0.050569314893276714
12,118,-109.986,31.35,0.994,33.864,0.05701469191334334
12,119,-109.942,31.35,0.779,33.477,0.065550028661257
12,120,-109.898,31.35,0.763,33.346,0.03552618613272534
12,121,-109.854,31.35,1.403,33.236,0.031049244182750936
12,122,-109.81,31.35,2.126,33.356,0.016423585918198032
12,123,-109.766,31.35,2.132,33.828,0.021815304179879355
12,124,-109.722,31.35,1.149,34.388,0.02176368504323722
12,125,-109.678,31.35,0.554,34.693,0.03082904336568221
12,126,-109.634,31.35,0.458,34.926,0.032924562725006615
12,127,-109.59,31.35,0.461,35.117,0.04227197185001193
12,128,-109.546,31.35,0.617,35.116,0.036783906149554325
12,129,-109.502,31.35,0.914,34.862,0.0264394374434656
12,130,-109.458,31.35,1.533,34.394,0.02116408117162529
12,131,-109.414,31.35,3.482,33.767,0.021281907612976353
12,132,-109.37,31.35,2.269,34.099,0.02249710445101491
12,133,-109.326,31.35,0.93,35.017,0.016637099338017297
12,134,-109.282,31.35,0.997,35.493,0.03834977799152427
12,135,-109.238,31.35,0.907,35.772,0.045157834882829956
12,136,-109.194,31.35,1.16,35.808,0.021019616867144562
12,137,-109.15,31.35,2.298,35.459,0.020923983881626057
12,138,-109.106,31.35,3.516,35.067,0.03354187987610019
12,139,-109.062,31.35,4.593,34.464,0.04962361941993891
12,140,-109.018,31.35,4.111,34.127,0.03846309793662652
13,0,-115.178,31.394,1.777,37.37,-0.023144977562369804
13,1,-115.134,31.394,1.246,37.37,-0.025753639460224294
13,2,-115.09,31.394,2.023,37.37,-0.032843344254557934
13,3,-115.046,31.394,2.389,37.37,-0.03954749152011975
13,4,-115.002,31.394,0.467,37.37,-0.044303180519859965
13,5,-114.958,31.394,0.051,37.37,-0.04718621813569625
13,6,-114.914,31.394,0.052,37.37,-0.04072081004849779
13,7,-114.87,31.394,0.029,37.37,-0.03541033939990362
13,8,-114.826,31.394,0.0,37.37,-0.027683614674452385
13,9,-114.782,31.394,0.0,37.37,-0.02986993468617185
13,10,-114.738,31.394,0.0,37.37,-0.026899401600014996
13,11,-114.694,31.394,0.0,37.37,-0.020850038280992272
13,12,-114.65,31.394,,37.37,-0.02392340203578621
13,13,-114.606,31.394,,37.37,-0.02215872172932397
13,14,-114.562,31.394,,37.37,-0.027146550892087725
13,15,-114.518,31.394,,37.37,-0.03422058710479934
13,16,-114.474,31.394,,37.37,-0.04068517442702527
13,17,-114.43,31.394,,37.37,-0.04552200676254269
13,18,-114.386,31.394,,37.37,-0.04715776983312312
13,19,-114.342,31.394,0.0,37.37,-0.03948702771672816
13,20,-114.298,31.394,0.0,37.37,-0.03293715909175084
13,21,-114.254,31.394,0.0,37.37,-0.027610261337749065
13,22,-114.21,31.394,0.0,37.37,-0.03103017761172756
13,23,-114.166,31.394,0.0,37.37,-0.024375323671317693
13,24,-114.122,31.394,0.0,37.37,-0.021004561026428992
13,25,-114.078,31.394,0.0,37.37,-0.024138423637904992
13,26,-114.034,31.394,0.0,37.37,-0.022017782791353812
13,27,-113.99,31.394,0.0,37.37,-0.029303021263139287
13,28,-113.946,31.394,0.0,37.37,-0.03588193780209744
13,29,-113.902,31.394,0.0,37.37,-0.041817244477005674
13,30,-113.858,31.394,0.0,37.37,-0.046304833328024556
13,31,-113.814,31.394,0.0,37.37,-0.04510335247910722
13,32,-113.77,31.394,0.0,37.37,-0.03868919632088967
13,33,-113.726,31.394,0.0,37.37,-0.030701156040542715
13,34,-113.682,31.394,0.0,37.37,-0.028404055604526426
13,35,-113.638,31.394,0.037,37.37,-0.03138687784118917
13,36,-113.594,31.394,0.692,37.37,-0.021749356331101234
13,37,-113.55,31.394,0.215,37.37,-0.022219899183843973
13,38,-113.506,31.394,0.198,37.37,-0.023906182201073573
13,39,-113.462,31.394,0.244,37.37,-0.02275806768826342
13,40,-113.418,31.394,0.259,37.37,-0.030610857228017502
13,41,-113.374,31.394,0.26,37.37,-0.03772272561099192
13,42,-113.33,31.394,0.303,37.37,-0.04258883262906958
13,43,-113.286,31.394,0.416,37.37,-0.04677735317196459
13,44,-113.242,31.394,0.575,37.37,-0.043701520352379744
13,45,-113.198,31.394,0.886,37.37,-0.0379283328643476
13,46,-113.154,31.394,3.354,37.37,-0.028976409275077223
13,47,-113.11,31.394,3.414,37.37,-0.028558040568436284
13,48,-113.066,31.394,0.34,37.37,-0.03100995391474413
13,49,-113.022,31.394,0.269,37.37,-0.020585984756049034
13,50,-112.978,31.394,0.352,37.37,-0.022844127334165368
13,51,-112.934,31.394,0.397,37.37,-0.023503008881772255
13,52,-112.89,31.394,0.464,37.37,-0.024201370396927057
13,53,-112.846,31.394,0.566,37.37,-0.03164570679715976
13,54,-112.802,31.394,0.553,37.37,-0.03870488591936125
13,55,-112.758,31.394,0.97,37.37,-0.04389668262116321
13,56,-112.714,31.394,0.957,37.37,-0.047270903173536244
13,57,-112.67,31.394,0.891,37.37,-0.04165406544828523
13,58,-112.626,31.394,0.827,37.37,-0.0367873589071046
13,59,-112.582,31.394,1.496,37.37,-0.027978470263212953
13,60,-112.538,31.394,2.672,37.37,-0.02900992592082983
13,61,-112.494,31.394,1.32,37.37,-0.029440059548179222
13,62,-112.45,31.394,1.094,37.37,-0.020619885906425273
13,63,-112.406,31.394,5.678,37.37,-0.023552776803893755
13,64,-112.362,31.394,2.744,37.37,-0.023144977562369804
13,65,-112.318,31.394,3.174,37.37,-0.025753639460224294
13,66,-112.274,31.394,2.782,37.37,-0.032843344254557934
13,67,-112.23,31.394,1.017,37.37,-0.03954749152011975
13,68,-112.186,31.394,0.451,37.37,-0.044303180519859965
13,69,-112.142,31.394,0.617,37.37,-0.04718621813569625
13,70,-112.098,31.394,0.776,37.37,-0.04072081004849779
13,71,-112.054,31.394,0.768,37.37,-0.03541033939990362
13,72,-112.01,31.394,1.638,37.37,-0.027683614674452385
13,73,-111.966,31.394,4.653,37.37,-0.02986993468617185
13,74,-111.922,31.394,3.951,37.37,-0.026899401600014996
13,75,-111.878,31.394,0.736,37.37,-0.020850038280992272
13,76,-111.834,31.394,0.51,37.37,-0.02358934698802597
13,77,-111.79,31.394,0.633,37.37,
13,78,-111.746,31.394,1.038,37.37,
13,79,-111.702,31.394,1.224,37.37,
13,80,-111.658,31.394,0.514,37.37,
13,81,-111.614,31.394,0.641,37.37,
13,82,-111.57,31.394,0.684,37.37,
13,83,-111.526,31.394,0.975,37.37,
13,84,-111.482,31.394,2.281,37.191,
13,85,-111.438,31.394,1.833,36.439,0.11598595449372126
13,86,-111.394,31.394,2.556,36.059,0.11802077070790885
13,87,-111.35,31.394,3.493,35.698,0.12832826295736502
13,88,-111.306,31.394,3.574,35.013,0.10234442901127701
13,89,-111.262,31.394,3.389,34.832,0.0909381499716147
13,90,-111.218,31.394,4.832,34.475,0.08155995347705124
13,91,-111.174,31.394,4.548,33.672,0.03817606565747414
13,92,-111.13,31.394,5.383,33.031,0.04610674130617749
13,93,-111.086,31.394,4.506,33.426,0.07882793351653251
13,94,-111.042,31.394,2.774,33.859,0.07804377747248722
13,95,-110.998,31.394,2.141,34.171,0.11312303476315894
13,96,-110.954,31.394,1.807,34.578,0.12111190628048214
13,97,-110.91,31.394,2.927,34.662,0.08694776838024852
13,98,-110.866,31.394,2.527,34.838,0.05065659559295994
13,99,-110.822,31.394,2.205,34.672,0.033926570086453466
13,100,-110.778,31.394,4.361,33.573,0.050022620889380684
13,101,-110.734,31.394,10.228,31.497,0.1396904429835439
13,102,-110.69,31.394,5.142,30.969,0.1469468771355307
13,103,-110.646,31.394,1.688,31.788,0.08415436614729685
13,104,-110.602,31.394,1.124,32.206,0.029932910844567617
13,105,-110.558,31.394,1.403,32.341,0.06652631142044459
13,106,-110.514,31.394,1.838,31.98,0.11050210501928918
13,107,-110.47,31.394,1.92,31.635,0.07832638400052845
13,108,-110.426,31.394,2.1,31.293,0.07349294953840271
13,109,-110.382,31.394,3.787,30.658,0.12282394453592696
13,110,-110.338,31.394,8.356,29.284,0.21414129294289236
13,111,-110.294,31.394,17.188,28.181,0.23422327668474274
13,112,-110.25,31.394,11.817,30.066,0.11031706167452222
13,113,-110.206,31.394,3.204,32.509,0.03701997811642227
13,114,-110.162,31.394,0.978,33.597,0.03662144134218652
13,115,-110.118,31.394,0.635,34.256,0.053414984151227356
13,116,-110.074,31.394,0.946,34.478,0.033020683056314726
13,117,-110.03,31.394,1.149,34.107,0.04066753530716371
13,118,-109.986,31.394,3.748,33.397,0.04496901431955605
13,119,-109.942,31.394,1.93,32.328,0.06708731347952525
13,120,-109.898,31.394,1.6,32.215,0.05067627524900267
13,121,-109.854,31.394,3.057,32.728,0.056781353216220555
13,122,-109.81,31.394,6.188,32.832,0.045836006212328154
13,123,-109.766,31.394,1.701,34.082,0.02396153873746358
13,124,-109.722,31.394,0.6,34.64,0.03483804045411483
13,125,-109.678,31.394,0.386,34.828,0.06606126949043914
13,126,-109.634,31.394,0.343,34.982,0.03137942441989781
13,127,-109.59,31.394,0.484,35.074,0.020444320530831034
13,128,-109.546,31.394,0.503,34.948,0.016588314194818495
13,129,-109.502,31.394,0.776,34.706,0.02301187511912141
13,130,-109.458,31.394,3.611,34.246,0.03306087663551615
13,131,-109.414,31.394,6.292,33.707,0.03443052821410281
13,132,-109.37,31.394,2.36,34.019,0.023390488138162958
13,133,-109.326,31.394,0.959,34.813,0.016524377413069658
13,134,-109.282,31.394,1.056,35.125,0.006464774806693453
13,135,-109.238,31.394,1.125,35.349,0.01899702342234879
13,136,-109.194,31.394,1.448,35.51,0.027911703343479873
13,137,-109.15,31.394,1.634,35.34,0.025685431493777153
13,138,-109.106,31.394,3.27,34.914,0.04193769025764515
13,139,-109.062,31.394,5.176,33.847,0.047745774439815404
13,140,-109.018,31.394,4.666,33.094,0.0270675209616026
14,0,-115.178,31.438,1.837,37.37,-0.024275578667290052
14,1,-115.134,31.438,1.232,37.37,-0.02809243846436163
14,2,-115.09,31.438,1.073,37.37,-0.03582573835069527
14,3,-115.046,31.438,0.977,37.37,-0.043728071498681506
14,4,-115.002,31.438,0.318,37.37,-0.04777441663350315
14,5,-114.958,31.438,0.033,37.37,-0.04349231989838443
14,6,-114.914,31.438,0.043,37.37,-0.03202819817748658
14,7,-114.87,31.438,0.048,37.37,-0.026920716308132343
14,8,-114.826,31.438,0.0,37.37,-0.025701499750560554
14,9,-114.782,31.438,0.0,37.37,-0.023236392458452396
14,10,-114.738,31.438,0.0,37.37,-0.022789126660965765
14,11,-114.694,31.438,0.0,37.37,-0.024989958656520667
14,12,-114.65,31.438,,37.37,-0.022766721712024967
14,13,-114.606,31.438,,37.37,-0.024234342688465756
14,14,-114.562,31.438,,37.37,-0.02906315995029732
14,15,-114.518,31.438,,37.37,-0.037650444398967496
14,16,-114.474,31.438,,37.37,-0.04448003833854744
14,17,-114.43,31.438,,37.37,-0.04808739162402413
14,18,-114.386,31.438,,37.37,-0.043224936097518436
14,19,-114.342,31.438,0.0,37.37,-0.028516362953636624
14,20,-114.298,31.438,0.0,37.37,-0.02838245092891777
14,21,-114.254,31.438,0.0,37.37,-0.02407781977713678
14,22,-114.21,31.438,0.0,37.37,-0.02353541490087787
14,23,-114.166,31.438,0.0,37.37,-0.022610296762237917
14,24,-114.122,31.438,0.0,37.37,-0.024885693926708582
14,25,-114.078,31.438,0.0,37.37,-0.022437561869648646
14,26,-114.034,31.438,0.0,37.37,-0.024488526859299312
14,27,-113.99,31.438,0.0,37.37,-0.03103211226370094
14,28,-113.946,31.438,0.0,37.37,-0.03984281619330264
14,29,-113.902,31.438,0.0,37.37,-0.04512982803589595
14,30,-113.858,31.438,0.0,37.37,-0.04850142033196861
14,31,-113.814,31.438,0.0,37.37,-0.041206775884120764
14,32,-113.77,31.438,0.0,37.37,-0.026893443493469747
14,33,-113.726,31.438,0.0,37.37,-0.02773106491555732
14,34,-113.682,31.438,0.0,37.37,-0.022989144701043105
14,35,-113.638,31.438,0.132,37.37,-0.024631192735026123
14,36,-113.594,31.438,0.241,37.37,-0.021793745936612575
14,37,-113.55,31.438,0.22,37.37,-0.02481633418369306
14,38,-113.506,31.438,0.182,37.37,-0.023063539654150565
14,39,-113.462,31.438,0.204,37.37,-0.02531376622824442
14,40,-113.418,31.438,0.175,37.37,-0.03212907272835033
14,41,-113.374,31.438,0.159,37.37,-0.04190746941028864
14,42,-113.33,31.438,0.166,37.37,-0.046362903834536985
14,43,-113.286,31.438,0.492,37.37,-0.04674932427612167
14,44,-113.242,31.438,0.668,37.37,-0.03895790653558916
14,45,-113.198,31.438,2.072,37.37,-0.02605686065256027
14,46,-113.154,31.438,4.258,37.37,-0.02767334588553922
14,47,-113.11,31.438,1.599,37.37,-0.02215390185564615
14,48,-113.066,31.438,0.308,37.37,-0.024437134174952656
14,49,-113.022,31.438,0.471,37.37,-0.022457612215527317
14,50,-112.978,31.438,0.348,37.37,-0.02437202695982528
14,51,-112.934,31.438,0.402,37.37,-0.02347868373325381
14,52,-112.89,31.438,0.803,37.37,-0.026613928070753058
14,53,-112.846,31.438,0.953,37.37,-0.03356738813436295
14,54,-112.802,31.438,0.963,37.37,-0.04337611177895319
14,55,-112.758,31.438,2.924,37.37,-0.047445855220593004
14,56,-112.714,31.438,2.838,37.37,-0.04521356056495247
14,57,-112.67,31.438,0.932,37.37,-0.03513046798718276
14,58,-112.626,31.438,0.951,37.37,-0.026030825776898858
14,59,-112.582,31.438,1.784,37.37,-0.026795299040803883
14,60,-112.538,31.438,3.995,37.37,-0.02243440166526215
14,61,-112.494,31.438,1.143,37.37,-0.023898041341236603
14,62,-112.45,31.438,0.742,37.37,-0.024009143532336342
14,63,-112.406,31.438,1.485,37.37,-0.02332846738636872
14,64,-112.362,31.438,1.307,37.37,-0.024275578667290052
14,65,-112.318,31.438,3.575,37.37,-0.02809243846436163
14,66,-112.274,31.438,1.435,37.37,-0.03582573835069527
14,67,-112.23,31.438,0.607,37.37,-0.043728071498681506
14,68,-112.186,31.438,0.465,37.37,-0.04777441663350315
14,69,-112.142,31.438,0.754,37.37,-0.04349231989838443
14,70,-112.098,31.438,0.936,37.37,-0.03202819817748658
14,71,-112.054,31.438,1.269,37.37,-0.026920716308132343
14,72,-112.01,31.438,2.725,37.37,-0.025701499750560554
14,73,-111.966,31.438,2.521,37.37,-0.023236392458452396
14,74,-111.922,31.438,1.32,37.37,-0.022789126660965765
14,75,-111.878,31.438,1.833,37.37,-0.024989958656520667
14,76,-111.834,31.438,0.491,37.37,-0.02263706450171324
14,77,-111.79,31.438,0.526,37.37,
14,78,-111.746,31.438,0.528,37.37,
14,79,-111.702,31.438,0.635,37.37,
14,80,-111.658,31.438,0.675,37.37,
14,81,-111.614,31.438,1.172,37.307,
14,82,-111.57,31.438,3.707,36.651,
14,83,-111.526,31.438,2.487,36.664,
14,84,-111.482,31.438,1.244,36.617,
14,85,-111.438,31.438,3.429,35.804,0.09325120594758936
14,86,-111.394,31.438,3.509,35.169,0.10602112947521646
14,87,-111.35,31.438,2.077,34.836,0.12370725935824244
14,88,-111.306,31.438,3.323,34.386,0.08503759358312225
14,89,-111.262,31.438,4.01,34.018,0.08257595456091195
14,90,-111.218,31.438,5.567,33.911,0.06986738474503046
14,91,-111.174,31.438,5.282,33.515,0.06568159747675625
14,92,-111.13,31.438,9.82,32.888,0.10043140641749186
14,93,-111.086,31.438,5.244,33.373,0.08109334717764594
14,94,-111.042,31.438,2.86,34.214,0.05195094534621215
14,95,-110.998,31.438,2.041,34.687,0.046916848009613515
14,96,-110.954,31.438,1.62,34.97,0.06424328437032133
14,97,-110.91,31.438,2.205,34.809,0.04595404528561777
14,98,-110.866,31.438,1.735,34.63,0.05585048182444291
14,99,-110.822,31.438,2.329,34.309,0.09380193602390285
14,100,-110.778,31.438,7.036,33.3,0.12392740130452168
14,101,-110.734,31.438,7.625,31.128,0.1569406006725145
14,102,-110.69,31.438,3.102,31.667,0.13106502826714625
14,103,-110.646,31.438,1.46,31.97,0.07496071850646437
14,104,-110.602,31.438,1.045,32.062,0.026509551282125
14,105,-110.558,31.438,1.16,32.116,0.06136794205431628
14,106,-110.514,31.438,2.165,31.598,0.09006208405118633
14,107,-110.47,31.438,3.868,31.041,0.11309050862910713
14,108,-110.426,31.438,2.736,30.698,0.1241289792025313
14,109,-110.382,31.438,7.443,29.949,0.22259650180303647
14,110,-110.338,31.438,14.466,29.325,0.2724025127851451
14,111,-110.294,31.438,15.734,30.02,0.19398899835936995
14,112,-110.25,31.438,5.962,31.937,0.06204495760478299
14,113,-110.206,31.438,1.266,33.243,0.03954517043836237
14,114,-110.162,31.438,0.841,33.848,0.04348462623610093
14,115,-110.118,31.438,0.689,34.388,0.05276969130465499
14,116,-110.074,31.438,1.258,34.567,0.021470549586336034
14,117,-110.03,31.438,1.908,33.909,0.03017311197187037
14,118,-109.986,31.438,5.896,32.347,0.058998473317486824
14,119,-109.942,31.438,9.551,30.751,0.11731935983172984
14,120,-109.898,31.438,7.017,31.142,0.04610213424280987
14,121,-109.854,31.438,6.582,31.642,0.07761471225312826
14,122,-109.81,31.438,4.308,32.961,0.04810421148823012
14,123,-109.766,31.438,0.901,34.42,0.03367127328804541
14,124,-109.722,31.438,0.4,34.848,0.03694869424569861
14,125,-109.678,31.438,0.296,34.985,0.02974747462352586
14,126,-109.634,31.438,0.331,35.017,0.030222661565301356
14,127,-109.59,31.438,0.44,34.976,0.012294113714465156
14,128,-109.546,31.438,0.535,34.809,0.008253486470010788
14,129,-109.502,31.438,0.731,34.51,0.019354506116679618
14,130,-109.458,31.438,2.791,34.046,0.02214540122025038
14,131,-109.414,31.438,6.254,33.34,0.03063217112660961
14,132,-109.37,31.438,4.823,33.683,0.027341551609160752
14,133,-109.326,31.438,1.52,34.569,0.025821192360131896
14,134,-109.282,31.438,1.684,34.766,0.03062787339684182
14,135,-109.238,31.438,0.916,34.856,0.014162603077562765
14,136,-109.194,31.438,0.947,35.132,0.016104289836795436
14,137,-109.15,31.438,1.129,35.076,0.021836705370954265
14,138,-109.106,31.438,3.672,34.585,0.040907416185761145
14,139,-109.062,31.438,6.964,33.318,0.05793577980104808
14,140,-109.018,31.438,4.852,32.017,0.05427501293240259
15,0,-115.178,31.482,3.685,37.37,-0.05485790927587067
15,1,-115.134,31.482,1.29,37.37,-0.0671436660366774
15,2,-115.09,31.482,1.053,37.37,-0.07604804932165757
15,3,-115.046,31.482,1.402,37.37,-0.11910979902948737
15,4,-115.002,31.482,0.157,37.37,-0.061092342251782505
15,5,-114.958,31.482,0.027,37.37,-0.0825011574437363
15,6,-114.914,31.482,0.026,37.37,-0.05612874501664754
15,7,-114.87,31.482,0.031,37.37,-0.08610492897878766
15,8,-114.826,31.482,0.0,37.37,-0.06870371599815023
15,9,-114.782,31.482,0.0,37.37,-0.04324532829313445
15,10,-114.738,31.482,0.0,37.37,-0.01439014699103308
15,11,-114.694,31.482,0.0,37.37,-0.04415651075843487
15,12,-114.65,31.482,,37.37,-0.06301770412163131
15,13,-114.606,31.482,,37.37,-0.06185495344930111
15,14,-114.562,31.482,,37.37,-0.06324701468283031
15,15,-114.518,31.482,,37.37,-0.09168612489528345
15,16,-114.474,31.482,,37.37,-0.0813904773013433
15,17,-114.43,31.482,,37.37,-0.09151103493239059
15,18,-114.386,31.482,,37.37,-0.07480832923593465
15,19,-114.342,31.482,0.0,37.37,-0.06298870003107421
15,20,-114.298,31.482,0.0,37.37,-0.07596838584667474
15,21,-114.254,31.482,0.0,37.37,-0.07062863637666206
15,22,-114.21,31.482,0.0,37.37,-0.03159132376911054
15,23,-114.166,31.482,0.03,37.37,-0.01720837928439247
15,24,-114.122,31.482,0.084,37.37,-0.05104305788843073
15,25,-114.078,31.482,0.05,37.37,-0.054658226503539936
15,26,-114.034,31.482,0.019,37.37,-0.05842829494791127
15,27,-113.99,31.482,0.0,37.37,-0.06271307775022485
15,28,-113.946,31.482,0.0,37.37,-0.11422664705618679
15,29,-113.902,31.482,0.0,37.37,-0.09404392091084722
15,30,-113.858,31.482,0.0,37.37,-0.06577048483160956
15,31,-113.814,31.482,0.0,37.37,-0.08042132367187985
15,32,-113.77,31.482,0.0,37.37,-0.07657526125857682
15,33,-113.726,31.482,0.0,37.37,-0.05184811526819481
15,34,-113.682,31.482,0.0,37.37,-0.07384711402210113
15,35,-113.638,31.482,0.218,37.37,-0.026133760331966138
15,36,-113.594,31.482,0.254,37.37,-0.025439333384188665
15,37,-113.55,31.482,0.321,37.37,-0.06719702483731065
15,38,-113.506,31.482,0.533,37.37,-0.04327389313457419
15,39,-113.462,31.482,0.893,37.37,-0.03648906548804833
15,40,-113.418,31.482,0.138,37.37,-0.07071320519170436
15,41,-113.374,31.482,0.124,37.37,-0.12652501300788183
15,42,-113.33,31.482,0.173,37.37,-0.08510896881478693
15,43,-113.286,31.482,0.306,37.37,-0.08068620444222126
15,44,-113.242,31.482,0.355,37.37,-0.06994474582406668
15,45,-113.198,31.482,1.043,37.37,-0.08426354737902648
15,46,-113.154,31.482,1.096,37.37,-0.042467491436992355
15,47,-113.11,31.482,0.67,37.37,-0.07951419813855476
15,48,-113.066,31.482,0.696,37.37,-0.02305405716299903
15,49,-113.022,31.482,0.628,37.37,-0.025459549487291244
15,50,-112.978,31.482,0.509,37.37,-0.05709120297182905
15,51,-112.934,31.482,0.456,37.37,-0.058842081801681385
15,52,-112.89,31.482,0.58,37.37,-0.037955399129561834
15,53,-112.846,31.482,1.977,37.37,-0.06854020607383626
15,54,-112.802,31.482,1.789,37.37,-0.13024888547939478
15,55,-112.758,31.482,2.607,37.37,-0.0775544523704801
15,56,-112.714,31.482,0.941,37.37,-0.07017550954473793
15,57,-112.67,31.482,0.614,37.37,-0.07543509252811507
15,58,-112.626,31.482,0.986,37.37,-0.08884662991545193
15,59,-112.582,31.482,2.94,37.37,-0.047573849696235834
15,60,-112.538,31.482,4.083,37.37,-0.06374474773005796
15,61,-112.494,31.482,0.838,37.37,-0.024763683664019643
15,62,-112.45,31.482,0.834,37.37,-0.0306775355286789
15,63,-112.406,31.482,2.179,37.37,-0.05533268235347518
15,64,-112.362,31.482,2.419,37.37,-0.049234746771294136
15,65,-112.318,31.482,0.844,37.37,-0.06436973719294439
15,66,-112.274,31.482,0.642,37.37,-0.07560405574076862
15,67,-112.23,31.482,0.486,37.37,-0.12550043459771387
15,68,-112.186,31.482,0.634,37.37,-0.05867301556660308
15,69,-112.142,31.482,1.973,37.37,-0.08372093597966491
15,70,-112.098,31.482,4.36,37.37,-0.056934026798889335
15,71,-112.054,31.482,3.691,37.37,-0.09275381382736407
15,72,-112.01,31.482,2.061,37.37,-0.07340905664031454
15,73,-111.966,31.482,1.521,37.37,-0.04290639599358916
15,74,-111.922,31.482,0.937,37.37,-0.010227920813822993
15,75,-111.878,31.482,0.51,37.37,-0.040604515112614266
15,76,-111.834,31.482,0.438,37.37,-0.06319723213909768
15,77,-111.79,31.482,0.385,37.37,
15,78,-111.746,31.482,0.415,37.37,
15,79,-111.702,31.482,0.594,37.712,
15,80,-111.658,31.482,0.766,37.544,
15,81,-111.614,31.482,3.176,36.757,0.0693197558723386
15,82,-111.57,31.482,3.141,36.056,0.08304033630958099
15,83,-111.526,31.482,1.577,36.464,0.09801322027237597
15,84,-111.482,31.482,1.231,36.277,0.11164716236341393
15,85,-111.438,31.482,3.476,35.519,0.1000313840132774
15,86,-111.394,31.482,4.403,34.782,0.10718257497365846
15,87,-111.35,31.482,2.565,34.398,0.101265032937469
15,88,-111.306,31.482,4.426,34.156,0.08276113359268678
15,89,-111.262,31.482,4.001,34.106,0.09453765813246152
15,90,-111.218,31.482,3.796,33.711,0.09266072827472067
15,91,-111.174,31.482,2.926,33.341,0.06960108534875246
15,92,-111.13,31.482,9.0,33.256,0.07965823315029773
15,93,-111.086,31.482,4.061,33.687,0.07254583369009271
15,94,-111.042,31.482,2.717,34.361,0.055544792267601624
15,95,-110.998,31.482,2.058,34.915,0.08381234407639734
15,96,-110.954,31.482,1.921,34.622,0.04371661751334683
15,97,-110.91,31.482,2.436,34.59,0.03997465296313465
15,98,-110.866,31.482,2.867,34.449,0.052729868647754134
15,99,-110.822,31.482,2.275,34.261,0.05965214919160743
15,100,-110.778,31.482,7.982,33.816,0.08879716911494767
15,101,-110.734,31.482,6.605,32.228,0.1249539611909588
15,102,-110.69,31.482,3.336,32.263,0.13462330498842526
15,103,-110.646,31.482,2.541,32.162,0.10158894232920686
15,104,-110.602,31.482,1.393,31.855,0.06275916972438499
15,105,-110.558,31.482,2.402,31.53,0.08706710635170008
15,106,-110.514,31.482,3.79,31.286,0.1217550624630328
15,107,-110.47,31.482,3.602,31.205,0.13976068788709625
15,108,-110.426,31.482,5.332,30.422,0.19239362979786928
15,109,-110.382,31.482,11.089,29.249,0.22977614711593802
15,110,-110.338,31.482,10.882,30.206,0.1620679384048151
15,111,-110.294,31.482,4.411,32.116,0.08974026987411524
15,112,-110.25,31.482,1.56,33.087,0.051197419954942515
15,113,-110.206,31.482,0.902,33.712,0.048130670485530366
15,114,-110.162,31.482,0.741,34.176,0.05232107767209686
15,115,-110.118,31.482,1.054,34.658,0.05562712289900543
15,116,-110.074,31.482,1.395,34.609,0.035389558117250426
15,117,-110.03,31.482,6.039,33.786,0.057593586302362304
15,118,-109.986,31.482,11.88,32.43,0.0894826641767627
15,119,-109.942,31.482,9.159,30.441,0.11851963554176793
15,120,-109.898,31.482,6.508,31.154,0.07111557752876657
15,121,-109.854,31.482,9.029,32.185,0.08507021769546146
15,122,-109.81,31.482,2.644,33.797,0.04218671329682558
15,123,-109.766,31.482,0.764,34.696,0.04548826980669515
15,124,-109.722,31.482,0.336,35.046,0.04821117142565806
15,125,-109.678,31.482,0.263,35.095,0.027422613805982682
15,126,-109.634,31.482,0.4,34.968,0.014160050225526714
15,127,-109.59,31.482,0.545,34.77,0.01121806998958906
15,128,-109.546,31.482,0.72,34.556,0.027459249229275166
15,129,-109.502,31.482,1.869,34.103,0.03376462043756299
15,130,-109.458,31.482,3.491,33.648,0.03835187728911589
15,131,-109.414,31.482,6.04,33.421,0.03124967390369479
15,132,-109.37,31.482,2.682,33.379,0.02350551559182943
15,133,-109.326,31.482,0.964,33.952,0.02590094056999838
15,134,-109.282,31.482,1.649,34.272,0.02034462350755782
15,135,-109.238,31.482,1.611,34.378,0.004902013150388507
15,136,-109.194,31.482,0.965,34.722,0.0018753799900858759
15,137,-109.15,31.482,1.641,34.707,0.014469314571918516
15,138,-109.106,31.482,4.866,34.16,0.05643332873341619
15,139,-109.062,31.482,7.129,32.546,0.09215279253074556
15,140,-109.018,31.482,4.717,31.805,0.02387151760785191
16,0,-115.178,31.526,2.906,37.37,-0.09074603256409089
16,1,-115.134,31.526,1.705,37.37,-0.08219850613926648
16,2,-115.09,31.526,0.958,37.37,-0.07153734988410729
16,3,-115.046,31.526,0.156,37.37,-0.05414479207915921
16,4,-115.002,31.526,0.225,37.37,-0.06900534085109991
16,5,-114.958,31.526,0.016,37.37,-0.06272895118371487
16,6,-114.914,31.526,0.026,37.37,-0.04637693602984869
16,7,-114.87,31.526,0.027,37.37,-0.03649223204913743
16,8,-114.826,31.526,0.002,37.37,-0.03780201974286624
16,9,-114.782,31.526,0.0,37.37,-0.05042522698126186
16,10,-114.738,31.526,0.0,37.37,-0.052137929607228496
16,11,-114.694,31.526,0.0,37.37,-0.0742587800305522
16,12,-114.65,31.526,0.0,37.37,-0.09100456212026073
16,13,-114.606,31.526,0.0,37.37,-0.09071813407027367
16,14,-114.562,31.526,0.0,37.37,-0.08112516381761106
16,15,-114.518,31.526,0.0,37.37,-0.06115882284364938
16,16,-114.474,31.526,0.0,37.37,-0.06313391572765642
16,17,-114.43,31.526,0.0,37.37,-0.06785601813679784
16,18,-114.386,31.526,0.0,37.37,-0.05828309120749247
16,19,-114.342,31.526,0.0,37.37,-0.04517448428446114
16,20,-114.298,31.526,0.0,37.37,-0.03473450264585474
16,21,-114.254,31.526,0.225,37.37,-0.039443177754309694
16,22,-114.21,31.526,0.477,37.37,-0.05307671821582129
16,23,-114.166,31.526,0.449,37.37,-0.05265339717489539
16,24,-114.122,31.526,0.214,37.37,-0.08023312909277416
16,25,-114.078,31.526,0.119,37.37,-0.09140269156750788
16,26,-114.034,31.526,0.162,37.37,-0.09119820307575224
16,27,-113.99,31.526,0.187,37.37,-0.0783652200478438
16,28,-113.946,31.526,0.0,37.37,-0.05426651069311645
16,29,-113.902,31.526,0.0,37.37,-0.06861745448650494
16,30,-113.858,31.526,0.0,37.37,-0.06850448285332765
16,31,-113.814,31.526,0.0,37.37,-0.05303293156794552
16,32,-113.77,31.526,0.0,37.37,-0.04377099452622274
16,33,-113.726,31.526,0.068,37.37,-0.03374850705013671
16,34,-113.682,31.526,0.159,37.37,-0.041395781780787094
16,35,-113.638,31.526,0.231,37.37,-0.05499685292861817
16,36,-113.594,31.526,0.373,37.37,-0.05649814139466417
16,37,-113.55,31.526,0.869,37.37,-0.08414178291377462
16,38,-113.506,31.526,0.809,37.37,
16,39,-113.462,31.526,0.746,37.37,
16,40,-113.418,31.526,0.474,37.37,
16,41,-113.374,31.526,0.259,37.37,
16,42,-113.33,31.526,0.225,37.37,
16,43,-113.286,31.526,0.277,37.37,
16,44,-113.242,31.526,0.368,37.37,
16,45,-113.198,31.526,0.62,37.37,
16,46,-113.154,31.526,0.892,37.37,
16,47,-113.11,31.526,1.629,37.37,
16,48,-113.066,31.526,2.809,37.37,
16,49,-113.022,31.526,2.585,37.37,
16,50,-112.978,31.526,0.471,37.37,
16,51,-112.934,31.526,0.596,37.37,
16,52,-112.89,31.526,1.699,37.37,
16,53,-112.846,31.526,3.882,37.37,
16,54,-112.802,31.526,1.366,37.37,
16,55,-112.758,31.526,1.564,37.37,
16,56,-112.714,31.526,0.692,37.37,
16,57,-112.67,31.526,0.744,37.37,
16,58,-112.626,31.526,1.462,37.37,
16,59,-112.582,31.526,3.51,37.37,
16,60,-112.538,31.526,0.677,37.37,
16,61,-112.494,31.526,0.557,37.37,
16,62,-112.45,31.526,0.505,37.37,
16,63,-112.406,31.526,1.525,37.37,
16,64,-112.362,31.526,1.756,37.37,
16,65,-112.318,31.526,0.733,37.37,
16,66,-112.274,31.526,0.35,37.37,
16,67,-112.23,31.526,0.638,37.37,
16,68,-112.186,31.526,0.91,37.37,
16,69,-112.142,31.526,1.646,37.37,
16,70,-112.098,31.526,5.864,37.37,
16,71,-112.054,31.526,3.696,37.37,
16,72,-112.01,31.526,1.245,37.37,
16,73,-111.966,31.526,0.746,37.37,
16,74,-111.922,31.526,0.665,37.37,
16,75,-111.878,31.526,1.6,37.37,
16,76,-111.834,31.526,0.955,37.577,
16,77,-111.79,31.526,0.545,38.061,0.08051739990930341
16,78,-111.746,31.526,0.556,38.101,0.07155017962733518
16,79,-111.702,31.526,0.707,37.928,0.08009224271399785
16,80,-111.658,31.526,2.146,37.282,0.07310731424319167
16,81,-111.614,31.526,5.929,36.011,0.08385887341178405
16,82,-111.57,31.526,2.803,35.695,0.10632667308438921
16,83,-111.526,31.526,0.721,36.265,0.09737994520954338
16,84,-111.482,31.526,0.959,36.028,0.09014044092200532
16,85,-111.438,31.526,2.399,35.461,0.08685059252074628
16,86,-111.394,31.526,3.334,34.952,0.08844376472708246
16,87,-111.35,31.526,4.08,34.729,0.07562577915840023
16,88,-111.306,31.526,3.193,34.893,0.08809999923469398
16,89,-111.262,31.526,2.753,34.71,0.09548448556407124
16,90,-111.218,31.526,5.045,34.205,0.06811385832414514
16,91,-111.174,31.526,5.458,33.554,0.05309255893324304
16,92,-111.13,31.526,6.967,32.665,0.05377587037337102
16,93,-111.086,31.526,6.067,33.163,0.0759457894653937
16,94,-111.042,31.526,2.803,34.43,0.07664788270383167
16,95,-110.998,31.526,3.446,34.793,0.09660885967646753
16,96,-110.954,31.526,8.395,33.609,0.04410585170421691
16,97,-110.91,31.526,3.437,33.607,0.06293287040542339
16,98,-110.866,31.526,3.546,33.657,0.044406521743179155
16,99,-110.822,31.526,3.672,33.544,0.05690258180289051
16,100,-110.778,31.526,2.919,33.656,0.07811143240509047
16,101,-110.734,31.526,8.769,33.486,0.10308333937314668
16,102,-110.69,31.526,6.207,32.983,0.09976992117844663
16,103,-110.646,31.526,4.965,32.443,0.09944347359289261
16,104,-110.602,31.526,3.767,31.638,0.10342056397162996
16,105,-110.558,31.526,4.161,31.195,0.11730460148720548
16,106,-110.514,31.526,2.25,31.544,0.12189885112162328
16,107,-110.47,31.526,2.784,31.559,0.12522961599361548
16,108,-110.426,31.526,10.417,30.632,0.22234470593825256
16,109,-110.382,31.526,13.73,30.307,0.20507470932227637
16,110,-110.338,31.526,5.477,31.775,0.09109184909509219
16,111,-110.294,31.526,1.307,33.072,0.04397871042026061
16,112,-110.25,31.526,0.872,33.661,0.034068648781450515
16,113,-110.206,31.526,0.775,34.053,0.02815053083428539
16,114,-110.162,31.526,0.826,34.43,0.037375892432418616
16,115,-110.118,31.526,1.191,34.898,0.05427765431358066
16,116,-110.074,31.526,1.123,34.74,0.0332172557099835
16,117,-110.03,31.526,3.678,34.226,0.033214249230808526
16,118,-109.986,31.526,6.341,33.484,0.05549333953003937
16,119,-109.942,31.526,6.516,31.95,0.07647585218832449
16,120,-109.898,31.526,7.356,31.509,0.0531712389719524
16,121,-109.854,31.526,4.811,33.017,0.040360471422296144
16,122,-109.81,31.526,1.107,34.376,0.02768331073284245
16,123,-109.766,31.526,0.562,34.96,0.04454090183397762
16,124,-109.722,31.526,0.283,35.232,0.034685096160946144
16,125,-109.678,31.526,0.352,35.188,0.02795590212319172
16,126,-109.634,31.526,0.423,34.942,0.01509452388276004
16,127,-109.59,31.526,0.588,34.702,0.021565735584780178
16,128,-109.546,31.526,0.957,34.407,0.03210685020855182
16,129,-109.502,31.526,3.29,33.911,0.037861370963440395
16,130,-109.458,31.526,1.523,33.381,0.03506849298651141
16,131,-109.414,31.526,3.226,32.729,0.04887042004436345
16,132,-109.37,31.526,4.531,32.305,0.03933193954780327
16,133,-109.326,31.526,1.43,33.026,0.029243956876819875
16,134,-109.282,31.526,1.168,33.777,0.00689978843938333
16,135,-109.238,31.526,0.995,34.127,0.003443064179689212
16,136,-109.194,31.526,0.956,34.365,-0.004575076113010797
16,137,-109.15,31.526,1.9,34.344,-0.0008898245727401117
16,138,-109.106,31.526,6.208,33.636,0.04918150691988049
16,139,-109.062,31.526,7.104,32.307,0.09460840619284827
16,140,-109.018,31.526,4.173,31.417,-0.017785863068123676
17,0,-115.178,31.57,6.925,37.37,-0.0872126164441912
17,1,-115.134,31.57,3.63,37.37,-0.07114382233874157
17,2,-115.09,31.57,1.208,37.37,-0.050466452158402016
17,3,-115.046,31.57,0.0,37.37,-0.03735054469872923
17,4,-115.002,31.57,0.208,37.37,-0.050200975594496156
17,5,-114.958,31.57,0.014,37.37,-0.05049691333232568
17,6,-114.914,31.57,0.019,37.37,-0.057917616700319974
17,7,-114.87,31.57,0.022,37.37,-0.04559814400236212
17,8,-114.826,31.57,0.019,37.37,-0.05012855025347024
17,9,-114.782,31.57,0.0,37.37,-0.06105186636614488
17,10,-114.738,31.57,0.0,37.37,-0.060565428966106956
17,11,-114.694,31.57,0.0,37.37,-0.07764191335318553
17,12,-114.65,31.57,0.0,37.37,-0.08959459514255444
17,13,-114.606,31.57,0.0,37.37,-0.09261035068072887
17,14,-114.562,31.57,0.0,37.37,-0.06211678682186855
17,15,-114.518,31.57,0.0,37.37,-0.043302804912881375
17,16,-114.474,31.57,0.0,37.37,-0.042356353997277336
17,17,-114.43,31.57,0.0,37.37,-0.04874340140792722
17,18,-114.386,31.57,0.0,37.37,-0.05398738846174418
17,19,-114.342,31.57,0.006,37.37,-0.053866299867589056
17,20,-114.298,31.57,0.612,37.37,-0.045946088327872774
17,21,-114.254,31.57,0.347,37.37,-0.05093409362478077
17,22,-114.21,31.57,0.276,37.37,-0.06455242446955227
17,23,-114.166,31.57,0.305,37.37,-0.06020462954805633
17,24,-114.122,31.57,0.336,37.37,-0.08318826397362976
17,25,-114.078,31.57,0.279,37.37,-0.08796591089461177
17,26,-114.034,31.57,0.304,37.37,-0.09127674482387677
17,27,-113.99,31.57,0.194,37.37,-0.05892523069138893
17,28,-113.946,31.57,0.007,37.37,-0.03671807274064136
17,29,-113.902,31.57,0.0,37.37,-0.04680201697472477
17,30,-113.858,31.57,0.001,37.37,-0.0487504722058328
17,31,-113.814,31.57,0.112,37.37,-0.055910804167806874
17,32,-113.77,31.57,0.214,37.37,-0.0497763753876046
17,33,-113.726,31.57,0.202,37.37,-0.048190302449236846
17,34,-113.682,31.57,0.172,37.37,-0.05207952813878986
17,35,-113.638,31.57,0.268,37.37,-0.06542574352352075
17,36,-113.594,31.57,0.905,37.37,-0.062229110118193806
17,37,-113.55,31.57,0.89,37.37,-0.0870605356151747
17,38,-113.506,31.57,1.018,37.37,
17,39,-113.462,31.57,3.018,37.37,
17,40,-113.418,31.57,3.434,37.37,
17,41,-113.374,31.57,0.164,37.37,
17,42,-113.33,31.57,0.198,37.37,
17,43,-113.286,31.57,0.333,37.37,
17,44,-113.242,31.57,0.373,37.37,
17,45,-113.198,31.57,0.487,37.37,
17,46,-113.154,31.57,0.589,37.37,
17,47,-113.11,31.57,9.011,37.37,
17,48,-113.066,31.57,7.146,37.37,
17,49,-113.022,31.57,1.019,37.37,
17,50,-112.978,31.57,0.415,37.37,
17,51,-112.934,31.57,0.596,37.37,
17,52,-112.89,31.57,0.795,37.37,
17,53,-112.846,31.57,2.629,37.37,
17,54,-112.802,31.57,1.654,37.37,
17,55,-112.758,31.57,1.318,37.37,
17,56,-112.714,31.57,0.881,37.37,
17,57,-112.67,31.57,1.642,37.37,
17,58,-112.626,31.57,2.375,37.37,
17,59,-112.582,31.57,0.697,37.37,
17,60,-112.538,31.57,0.447,37.37,
17,61,-112.494,31.57,0.445,37.37,
17,62,-112.45,31.57,0.433,37.37,
17,63,-112.406,31.57,1.298,37.37,
17,64,-112.362,31.57,0.778,37.37,
17,65,-112.318,31.57,0.479,37.37,
17,66,-112.274,31.57,0.39,37.37,
17,67,-112.23,31.57,0.808,37.37,
17,68,-112.186,31.57,1.683,37.37,
17,69,-112.142,31.57,2.527,37.37,
17,70,-112.098,31.57,3.668,37.37,
17,71,-112.054,31.57,2.691,37.37,
17,72,-112.01,31.57,1.05,37.659,
17,73,-111.966,31.57,0.775,37.759,0.051689636480421706
17,74,-111.922,31.57,1.18,37.396,0.055311777469114386
17,75,-111.878,31.57,4.51,36.805,0.05992393387638393
17,76,-111.834,31.57,2.502,37.604,0.059010784031884284
17,77,-111.79,31.57,0.626,38.379,0.06883318755736315
17,78,-111.746,31.57,0.639,38.349,0.05537328894821919
17,79,-111.702,31.57,1.038,37.934,0.06145414549282569
17,80,-111.658,31.57,5.809,36.661,0.06340922593257683
17,81,-111.614,31.57,5.317,35.26,0.09002263443646978
17,82,-111.57,31.57,1.991,35.714,0.10888567986872914
17,83,-111.526,31.57,0.605,36.003,0.08049011025243642
17,84,-111.482,31.57,0.88,35.983,0.08099357519475069
17,85,-111.438,31.57,1.465,35.636,0.0927347834607872
17,86,-111.394,31.57,4.242,35.347,0.089942223054634
17,87,-111.35,31.57,2.69,35.28,0.08513496412947617
17,88,-111.306,31.57,1.033,35.243,0.09209913537981156
17,89,-111.262,31.57,1.938,35.008,0.058171503303654
17,90,-111.218,31.57,1.885,34.65,0.060475528119454926
17,91,-111.174,31.57,1.821,33.973,0.06801710837897178
17,92,-111.13,31.57,6.98,32.971,0.06835392945994473
17,93,-111.086,31.57,9.372,33.422,0.07117847957083136
17,94,-111.042,31.57,2.003,34.71,0.11882942392644887
17,95,-110.998,31.57,2.593,34.823,0.07304460325253717
17,96,-110.954,31.57,7.119,34.275,0.06365040138958186
17,97,-110.91,31.57,7.342,33.704,0.07085234906914786
17,98,-110.866,31.57,4.846,33.287,0.06564978779564179
17,99,-110.822,31.57,4.971,32.407,0.07714852829846144
17,100,-110.778,31.57,3.495,32.955,0.07797138241060471
17,101,-110.734,31.57,2.101,33.189,0.09316642677936723
17,102,-110.69,31.57,5.18,32.855,0.06950313129557611
17,103,-110.646,31.57,5.302,31.639,0.07278599865758899
17,104,-110.602,31.57,3.417,31.325,0.0894097869404822
17,105,-110.558,31.57,2.382,31.599,0.1011540219477869
17,106,-110.514,31.57,1.682,32.035,0.1021610433848284
17,107,-110.47,31.57,2.72,32.244,0.10259451729026335
17,108,-110.426,31.57,7.238,32.058,0.11747047384480958
17,109,-110.382,31.57,4.935,32.252,0.09969787580085407
17,110,-110.338,31.57,1.667,32.828,0.06444887712177205
17,111,-110.294,31.57,0.841,33.409,0.06448309342717011
17,112,-110.25,31.57,0.766,33.925,0.05020426342304949
17,113,-110.206,31.57,0.697,34.328,0.051630537151550096
17,114,-110.162,31.57,1.018,34.738,0.05840976631387438
17,115,-110.118,31.57,0.807,35.107,0.061048371558475034
17,116,-110.074,31.57,0.859,35.004,0.04990934230767714
17,117,-110.03,31.57,1.139,34.503,0.042255853474064624
17,118,-109.986,31.57,2.937,33.664,0.05089227493692631
17,119,-109.942,31.57,5.138,33.204,0.07730195170368172
17,120,-109.898,31.57,6.488,32.94,0.08254845477463377
17,121,-109.854,31.57,2.198,33.795,0.056556222643508874
17,122,-109.81,31.57,0.751,34.66,0.058137213443994404
17,123,-109.766,31.57,0.411,35.061,0.07411411352402357
17,124,-109.722,31.57,0.291,35.346,0.08196670237235228
17,125,-109.678,31.57,0.377,35.305,0.0578456796152941
17,126,-109.634,31.57,0.454,35.039,0.04157906877130205
17,127,-109.59,31.57,0.724,34.715,0.047407123592293925
17,128,-109.546,31.57,1.074,34.284,0.055742760320803546
17,129,-109.502,31.57,3.654,33.609,0.053833721231900326
17,130,-109.458,31.57,5.151,33.032,0.06330158638655298
17,131,-109.414,31.57,6.131,32.618,0.08980504401889432
17,132,-109.37,31.57,7.734,31.726,0.10518436430185556
17,133,-109.326,31.57,3.672,31.811,0.04769686361885633
17,134,-109.282,31.57,1.347,32.953,0.028365033362738643
17,135,-109.238,31.57,1.191,33.646,0.028430824374386852
17,136,-109.194,31.57,1.089,33.876,0.018403027157700754
17,137,-109.15,31.57,2.776,33.99,0.024984692119248336
17,138,-109.106,31.57,4.307,33.74,0.04364554675339904
17,139,-109.062,31.57,6.878,33.308,0.08402339868779439
17,140,-109.018,31.57,3.913,32.472,0.05312170702505987
18,0,-115.178,31.614,5.84,37.37,-0.07876417390112234
18,1,-115.134,31.614,8.925,37.37,-0.07457869850744672
18,2,-115.09,31.614,5.978,37.37,-0.05074273912439512
18,3,-115.046,31.614,0.016,37.37,-0.039636532614939345
18,4,-115.002,31.614,0.209,37.37,-0.06476295379705824
18,5,-114.958,31.614,0.015,37.37,-0.053925363649420736
18,6,-114.914,31.614,0.015,37.37,-0.05189104576900615
18,7,-114.87,31.614,0.017,37.37,-0.06445964365069687
18,8,-114.826,31.614,0.03,37.37,-0.07471799117748762
18,9,-114.782,31.614,0.009,37.37,-0.08470135405420962
18,10,-114.738,31.614,0.0,37.37,-0.06676912996077543
18,11,-114.694,31.614,0.0,37.37,-0.059597795400136724
18,12,-114.65,31.614,0.0,37.37,-0.07221798894219512
18,13,-114.606,31.614,0.0,37.37,-0.08459383484826483
18,14,-114.562,31.614,0.0,37.37,-0.06833502043868057
18,15,-114.518,31.614,0.0,37.37,-0.045330125206574895
18,16,-114.474,31.614,0.0,37.37,-0.04197575802354278
18,17,-114.43,31.614,0.0,37.37,-0.06661341424097618
18,18,-114.386,31.614,0.502,37.37,-0.05086479752518747
18,19,-114.342,31.614,1.451,37.37,-0.05352156793783438
18,20,-114.298,31.614,0.534,37.37,-0.06685567622597817
18,21,-114.254,31.614,0.071,37.37,-0.07472177430183749
18,22,-114.21,31.614,0.049,37.37,-0.0870172758497307
18,23,-114.166,31.614,0.307,37.37,-0.06144063389235594
18,24,-114.122,31.614,0.28,37.37,-0.06313340968216469
18,25,-114.078,31.614,0.349,37.37,-0.07372386096588611
18,26,-114.034,31.614,0.327,37.37,-0.08501856329258187
18,27,-113.99,31.614,0.289,37.37,-0.06559009967333863
18,28,-113.946,31.614,0.02,37.37,-0.040068615167065585
18,29,-113.902,31.614,0.026,37.37,-0.04753746378937972
18,30,-113.858,31.614,0.111,37.37,-0.06521200316182035
18,31,-113.814,31.614,0.082,37.37,-0.049685443968957646
18,32,-113.77,31.614,0.038,37.37,-0.05537293218515628
18,33,-113.726,31.614,0.244,37.37,-0.07039533139951018
18,34,-113.682,31.614,0.209,37.37,-0.07467816177860218
18,35,-113.638,31.614,0.756,37.37,-0.08615525979300395
18,36,-113.594,31.614,1.061,37.37,-0.05711864862145614
18,37,-113.55,31.614,0.982,37.37,-0.06618897797515415
18,38,-113.506,31.614,1.409,37.37,
18,39,-113.462,31.614,2.245,37.37,
18,40,-113.418,31.614,0.355,37.37,
18,41,-113.374,31.614,0.242,37.37,
18,42,-113.33,31.614,0.246,37.37,
18,43,-113.286,31.614,0.208,37.37,
18,44,-113.242,31.614,0.334,37.37,
18,45,-113.198,31.614,0.484,37.37,
18,46,-113.154,31.614,1.209,37.37,
18,47,-113.11,31.614,6.463,37.37,
18,48,-113.066,31.614,2.137,37.37,
18,49,-113.022,31.614,0.314,37.37,
18,50,-112.978,31.614,0.445,37.37,
18,51,-112.934,31.614,0.574,37.37,
18,52,-112.89,31.614,0.867,37.37,
18,53,-112.846,31.614,1.672,37.37,
18,54,-112.802,31.614,7.401,37.37,
18,55,-112.758,31.614,2.342,37.37,
18,56,-112.714,31.614,1.726,37.37,
18,57,-112.67,31.614,4.767,37.37,
18,58,-112.626,31.614,3.545,37.37,
18,59,-112.582,31.614,0.508,37.37,
18,60,-112.538,31.614,0.361,37.37,
18,61,-112.494,31.614,0.427,37.37,
18,62,-112.45,31.614,0.999,37.37,
18,63,-112.406,31.614,0.744,37.37,
18,64,-112.362,31.614,0.428,37.37,
18,65,-112.318,31.614,0.303,37.37,
18,66,-112.274,31.614,0.521,37.37,
18,67,-112.23,31.614,0.727,37.37,
18,68,-112.186,31.614,0.974,37.37,
18,69,-112.142,31.614,2.123,37.719,
18,70,-112.098,31.614,2.235,38.175,
18,71,-112.054,31.614,2.286,38.201,
18,72,-112.01,31.614,0.834,38.223,
18,73,-111.966,31.614,0.807,38.178,0.04804592653171113
18,74,-111.922,31.614,1.605,38.021,0.0511655590157416
18,75,-111.878,31.614,5.21,37.962,0.05255140659023641
18,76,-111.834,31.614,1.412,38.308,0.044629614397107484
18,77,-111.79,31.614,0.579,38.573,0.07579867315241896
18,78,-111.746,31.614,0.683,38.372,0.05419350594046349
18,79,-111.702,31.614,1.38,37.856,0.04720773238678066
18,80,-111.658,31.614,6.543,36.18,0.06241709954663567
18,81,-111.614,31.614,2.365,35.115,0.09220729808820734
18,82,-111.57,31.614,0.867,35.596,0.09271270717685433
18,83,-111.526,31.614,0.63,35.786,0.07758261991247721
18,84,-111.482,31.614,0.739,35.975,0.08362608666635632
18,85,-111.438,31.614,1.631,35.9,0.08549869984420036
18,86,-111.394,31.614,3.683,35.645,0.086563764543477
18,87,-111.35,31.614,3.481,35.052,0.07583728550525791
18,88,-111.306,31.614,1.349,34.944,0.07749132857979134
18,89,-111.262,31.614,1.617,35.047,0.05787656466948555
18,90,-111.218,31.614,1.394,34.947,0.07078241104600029
18,91,-111.174,31.614,2.51,34.432,0.076655143545574
18,92,-111.13,31.614,6.199,33.974,0.07890139565702416
18,93,-111.086,31.614,3.567,34.431,0.058739409559056315
18,94,-111.042,31.614,1.449,35.308,0.10925667017739883
18,95,-110.998,31.614,1.912,35.076,0.06425711579536861
18,96,-110.954,31.614,2.112,34.394,0.06328932425856786
18,97,-110.91,31.614,3.945,33.499,0.05167881120126456
18,98,-110.866,31.614,7.158,32.408,0.09638659537985404
18,99,-110.822,31.614,7.585,31.177,0.1297902912011602
18,100,-110.778,31.614,3.925,32.347,0.0931457348536616
18,101,-110.734,31.614,2.44,32.686,0.10048857415077567
18,102,-110.69,31.614,6.247,32.682,0.08708916984432417
18,103,-110.646,31.614,3.026,31.682,0.08964920499356753
18,104,-110.602,31.614,1.386,31.649,0.06390628915260493
18,105,-110.558,31.614,1.108,31.936,0.07177963709792842
18,106,-110.514,31.614,1.439,32.356,0.08669328510973937
18,107,-110.47,31.614,1.94,32.685,0.09088065313953551
18,108,-110.426,31.614,1.586,32.905,0.07881333637717101
18,109,-110.382,31.614,1.427,33.268,0.07895054449132653
18,110,-110.338,31.614,1.124,33.603,0.06865041632972034
18,111,-110.294,31.614,0.784,33.887,0.05912304649908906
18,112,-110.25,31.614,0.798,34.21,0.0558265187171874
18,113,-110.206,31.614,0.966,34.648,0.05351321188444289
18,114,-110.162,31.614,1.34,35.111,0.07745365437806016
18,115,-110.118,31.614,1.007,35.245,0.061375976804287025
18,116,-110.074,31.614,0.758,35.073,0.059199009867957085
18,117,-110.03,31.614,3.797,34.727,0.06489804113973462
18,118,-109.986,31.614,4.504,34.34,0.07511144884110964
18,119,-109.942,31.614,1.45,34.2,0.07717920188294228
18,120,-109.898,31.614,2.079,34.04,0.06503464789676659
18,121,-109.854,31.614,0.915,34.214,0.0632263670134069
18,122,-109.81,31.614,0.579,34.584,0.05919751973058689
18,123,-109.766,31.614,0.512,35.026,0.0723883786452968
18,124,-109.722,31.614,0.258,35.419,0.05945282294543509
18,125,-109.678,31.614,0.361,35.387,0.05012203431670658
18,126,-109.634,31.614,0.46,35.173,0.04090982064604659
18,127,-109.59,31.614,0.594,34.857,0.04729430538497814
18,128,-109.546,31.614,2.481,34.055,0.049820617317037484
18,129,-109.502,31.614,5.709,32.872,0.056160187410841785
18,130,-109.458,31.614,1.427,32.662,0.04410596020549661
18,131,-109.414,31.614,5.552,32.31,0.07323137948825334
18,132,-109.37,31.614,6.196,31.29,0.10611348443029572
18,133,-109.326,31.614,4.655,31.164,0.07583631121488367
18,134,-109.282,31.614,1.943,32.255,0.045478069677512376
18,135,-109.238,31.614,1.011,33.077,0.035924212701501604
18,136,-109.194,31.614,1.253,33.439,0.03417411187110223
18,137,-109.15,31.614,1.383,33.845,0.023296906376294012
18,138,-109.106,31.614,3.055,34.28,0.05036400895585711
18,139,-109.062,31.614,3.905,34.323,0.05094571310146789
18,140,-109.018,31.614,5.259,33.54,0.0439865015081714
19,0,-115.178,31.658,3.921,37.37,-0.07403307002235915
19,1,-115.134,31.658,6.475,37.37,-0.06309285313623028
19,2,-115.09,31.658,5.263,37.37,-0.053440393014522296
19,3,-115.046,31.658,0.751,37.37,-0.06597431761216212
19,4,-115.002,31.658,0.209,37.37,-0.06780055294018665
19,5,-114.958,31.658,0.014,37.37,-0.04142604717560866
19,6,-114.914,31.658,0.014,37.37,-0.03159703779186161
19,7,-114.87,31.658,0.013,37.37,-0.041430013302271355
19,8,-114.826,31.658,0.011,37.37,-0.040400612998665014
19,9,-114.782,31.658,0.018,37.37,-0.05320281582237766
19,10,-114.738,31.658,0.002,37.37,-0.05210370536098632
19,11,-114.694,31.658,0.013,37.37,-0.056966669394475346
19,12,-114.65,31.658,0.017,37.37,-0.06920135680939755
19,13,-114.606,31.658,0.0,37.37,-0.07595812905887342
19,14,-114.562,31.658,0.0,37.37,-0.058134716143294955
19,15,-114.518,31.658,0.0,37.37,-0.05523629288953282
19,16,-114.474,31.658,0.243,37.37,-0.06879257089065044
19,17,-114.43,31.658,1.648,37.37,-0.06253101557402194
19,18,-114.386,31.658,2.287,37.37,-0.0379335898598221
19,19,-114.342,31.658,0.894,37.37,-0.03155783487027039
19,20,-114.298,31.658,0.385,37.37,-0.04479098079795798
19,21,-114.254,31.658,0.023,37.37,-0.037635764638275775
19,22,-114.21,31.658,0.298,37.37,-0.057208441391527066
19,23,-114.166,31.658,0.405,37.37,-0.051502552688620945
19,24,-114.122,31.658,0.398,37.37,-0.06029061663737585
19,25,-114.078,31.658,0.337,37.37,-0.07131444209798612
19,26,-114.034,31.658,0.391,37.37,-0.07429365120291824
19,27,-113.99,31.658,0.336,37.37,-0.054573499763366916
19,28,-113.946,31.658,0.279,37.37,-0.05837865635684814
19,29,-113.902,31.658,0.22,37.37,-0.07045659503344429
19,30,-113.858,31.658,0.223,37.37,-0.056317100468615156
19,31,-113.814,31.658,0.163,37.37,-0.03527986591239566
19,32,-113.77,31.658,0.25,37.37,-0.03266857184668507
19,33,-113.726,31.658,0.281,37.37,-0.04660519891221861
19,34,-113.682,31.658,0.665,37.37,-0.037458292679636435
19,35,-113.638,31.658,0.844,37.37,-0.057927453903859796
19,36,-113.594,31.658,1.105,37.37,-0.05253436564794617
19,37,-113.55,31.658,0.898,37.37,-0.06364564800078773
19,38,-113.506,31.658,0.771,37.37,
19,39,-113.462,31.658,1.447,37.37,
19,40,-113.418,31.658,0.934,37.37,
19,41,-113.374,31.658,0.303,37.37,
19,42,-113.33,31.658,0.514,37.37,
19,43,-113.286,31.658,0.273,37.37,
19,44,-113.242,31.658,0.505,37.37,
19,45,-113.198,31.658,0.489,37.37,
19,46,-113.154,31.658,2.749,37.37,
19,47,-113.11,31.658,5.371,37.37,
19,48,-113.066,31.658,0.587,37.37,
19,49,-113.022,31.658,0.367,37.37,
19,50,-112.978,31.658,0.459,37.37,
19,51,-112.934,31.658,0.604,37.37,
19,52,-112.89,31.658,0.869,37.37,
19,53,-112.846,31.658,1.61,37.37,
19,54,-112.802,31.658,2.586,37.37,
19,55,-112.758,31.658,4.338,37.37,
19,56,-112.714,31.658,0.744,37.37,
19,57,-112.67,31.658,0.602,37.37,
19,58,-112.626,31.658,0.605,37.37,
19,59,-112.582,31.658,0.435,37.37,
19,60,-112.538,31.658,1.073,37.37,
19,61,-112.494,31.658,0.719,37.37,
19,62,-112.45,31.658,0.343,37.37,
19,63,-112.406,31.658,0.22,37.38,
19,64,-112.362,31.658,0.256,37.426,
19,65,-112.318,31.658,0.276,37.427,
19,66,-112.274,31.658,0.514,38.098,
19,67,-112.23,31.658,0.862,39.331,0.042216936445053733
19,68,-112.186,31.658,4.796,38.781,0.051089458933403865
19,69,-112.142,31.658,2.889,38.66,0.05716719300395315
19,70,-112.098,31.658,0.918,38.811,0.053640680349234485
19,71,-112.054,31.658,0.598,38.679,0.04470711129631917
19,72,-112.01,31.658,0.594,38.611,0.055719726303387083
19,73,-111.966,31.658,0.709,38.593,0.04407841606979802
19,74,-111.922,31.658,0.859,38.608,0.03955864802437938
19,75,-111.878,31.658,0.892,38.674,0.033712561230215855
19,76,-111.834,31.658,0.607,38.751,0.04548681164082389
19,77,-111.79,31.658,0.445,38.661,0.06792512817981354
19,78,-111.746,31.658,0.844,38.322,0.04873364558800087
19,79,-111.702,31.658,1.633,37.671,0.05072564055862325
19,80,-111.658,31.658,6.781,35.987,0.05706239860634033
19,81,-111.614,31.658,3.221,34.711,0.07822769614044074
19,82,-111.57,31.658,0.992,35.347,0.09241236724475403
19,83,-111.526,31.658,0.85,35.567,0.06954243090545317
19,84,-111.482,31.658,0.7,35.827,0.06255691325975421
19,85,-111.438,31.658,0.948,36.005,0.07146333037508033
19,86,-111.394,31.658,4.468,35.869,0.05735554264038498
19,87,-111.35,31.658,3.46,35.576,0.067347402458443
19,88,-111.306,31.658,1.451,35.367,0.060218339203727655
19,89,-111.262,31.658,1.19,35.249,0.05910326425768504
19,90,-111.218,31.658,1.352,35.337,0.08034533671800444
19,91,-111.174,31.658,2.068,35.034,0.07585724974725157
19,92,-111.13,31.658,6.008,34.731,0.10128140749969898
19,93,-111.086,31.658,1.902,35.266,0.05823725307153721
19,94,-111.042,31.658,1.332,35.846,0.10999187313117473
19,95,-110.998,31.658,1.981,35.302,0.06787013591289376
19,96,-110.954,31.658,3.568,34.3,0.07294564524998882
19,97,-110.91,31.658,7.552,32.58,0.09916335317941945
19,98,-110.866,31.658,8.691,30.539,0.22233629714800962
19,99,-110.822,31.658,7.86,29.565,0.20645331291210045
19,100,-110.778,31.658,5.684,31.335,0.13698469665245253
19,101,-110.734,31.658,3.946,31.931,0.13160073115731294
19,102,-110.69,31.658,2.309,32.268,0.10050600258856981
19,103,-110.646,31.658,1.415,32.119,0.0858373140484296
19,104,-110.602,31.658,1.174,32.157,0.07379303221303862
19,105,-110.558,31.658,0.718,32.245,0.0771870530474548
19,106,-110.514,31.658,1.127,32.381,0.08263438163912701
19,107,-110.47,31.658,3.107,32.156,0.07859311776776227
19,108,-110.426,31.658,1.936,32.396,0.07480792401010233
19,109,-110.382,31.658,0.945,33.305,0.07772010299769055
19,110,-110.338,31.658,0.99,33.826,0.07265537628926035
19,111,-110.294,31.658,0.875,34.233,0.07363493804814253
19,112,-110.25,31.658,0.917,34.519,0.05563580021297969
19,113,-110.206,31.658,1.078,34.94,0.05790475263884301
19,114,-110.162,31.658,2.129,35.423,0.0876075739546337
19,115,-110.118,31.658,1.05,35.19,0.06073893128555992
19,116,-110.074,31.658,2.684,34.435,0.06400041403036755
19,117,-110.03,31.658,2.223,34.028,0.06908499501310121
19,118,-109.986,31.658,1.79,34.065,0.0701149373162413
19,119,-109.942,31.658,0.717,34.11,0.07238852300944255
19,120,-109.898,31.658,1.785,33.775,0.08093130253176697
19,121,-109.854,31.658,1.195,33.72,0.06406409691737794
19,122,-109.81,31.658,0.931,34.133,0.05904266674795842
19,123,-109.766,31.658,0.866,34.737,0.053243852322628855
19,124,-109.722,31.658,0.244,35.309,0.03851259681470712
19,125,-109.678,31.658,0.217,35.382,0.07177829256904388
19,126,-109.634,31.658,0.373,35.249,0.06671846983986783
19,127,-109.59,31.658,1.326,34.859,0.05778624513650937
19,128,-109.546,31.658,6.953,33.135,0.08900825291782365
19,129,-109.502,31.658,6.575,31.554,0.08957624497806899
19,130,-109.458,31.658,2.101,32.259,0.07968894331761366
19,131,-109.414,31.658,4.479,32.068,0.10385122342002394
19,132,-109.37,31.658,3.386,31.019,0.12244132948536281
19,133,-109.326,31.658,7.555,30.375,0.10816421125875929
19,134,-109.282,31.658,2.147,31.362,0.05628807630622687
19,135,-109.238,31.658,0.851,32.545,0.045140075040862974
19,136,-109.194,31.658,1.728,32.937,0.04593648863896498
19,137,-109.15,31.658,1.268,33.558,0.03427109597347734
19,138,-109.106,31.658,0.561,34.388,0.04351126710873385
19,139,-109.062,31.658,1.586,34.723,0.03868339694094453
19,140,-109.018,31.658,6.503,34.043,0.059497531734389444
20,0,-115.178,31.702,2.548,37.37,-0.0686011459881735
20,1,-115.134,31.702,2.76,37.37,-0.04469645855415383
20,2,-115.09,31.702,3.597,37.37,-0.04224345545421516
20,3,-115.046,31.702,1.346,37.37,-0.03739399631629401
20,4,-115.002,31.702,0.209,37.37,-0.031240025894979505
20,5,-114.958,31.702,0.014,37.37,-0.025275099506023437
20,6,-114.914,31.702,0.014,37.37,-0.025466313596171526
20,7,-114.87,31.702,0.015,37.37,-0.025818121046489426
20,8,-114.826,31.702,0.019,37.37,-0.02816627903972778
20,9,-114.782,31.702,0.03,37.37,-0.033038585230594324
20,10,-114.738,31.702,0.044,37.37,-0.04458558603515361
20,11,-114.694,31.702,0.047,37.37,-0.06250254868501946
20,12,-114.65,31.702,0.043,37.37,-0.07263720659639974
20,13,-114.606,31.702,0.0,37.37,-0.06711277214346473
20,14,-114.562,31.702,0.0,37.37,-0.0382778152138926
20,15,-114.518,31.702,0.429,37.37,-0.04433552728777792
20,16,-114.474,31.702,1.862,37.37,-0.03556624637701475
20,17,-114.43,31.702,1.899,37.37,-0.02965354367639832
20,18,-114.386,31.702,1.134,37.37,-0.02567090348923289
20,19,-114.342,31.702,0.552,37.37,-0.024892616203605434
20,20,-114.298,31.702,0.268,37.37,-0.026506915979863002
20,21,-114.254,31.702,0.183,37.37,-0.0287946571178069
20,22,-114.21,31.702,0.455,37.37,-0.033037536444207254
20,23,-114.166,31.702,0.677,37.37,-0.04964050100026557
20,24,-114.122,31.702,0.691,37.37,-0.06579967856247937
20,25,-114.078,31.702,0.505,37.37,-0.07349032716767413
20,26,-114.034,31.702,0.324,37.37,-0.06444046953477402
20,27,-113.99,31.702,0.295,37.37,-0.033884269200989164
20,28,-113.946,31.702,0.358,37.37,-0.045195946304247246
20,29,-113.902,31.702,0.159,37.37,-0.0330662464907505
20,30,-113.858,31.702,0.287,37.37,-0.028338333371401448
20,31,-113.814,31.702,0.371,37.37,-0.025829212051883627
20,32,-113.77,31.702,0.305,37.37,-0.024581735919250697
20,33,-113.726,31.702,0.479,37.37,-0.027097522401257467
20,34,-113.682,31.702,0.545,37.37,-0.029805842884817087
20,35,-113.638,31.702,0.569,37.37,-0.03307062313208504
20,36,-113.594,31.702,0.999,37.37,-0.054987339079839694
20,37,-113.55,31.702,1.827,37.37,-0.06895767665118453
20,38,-113.506,31.702,2.86,37.37,
20,39,-113.462,31.702,2.727,37.37,
20,40,-113.418,31.702,1.819,37.37,
20,41,-113.374,31.702,0.462,37.37,
20,42,-113.33,31.702,0.355,37.37,
20,43,-113.286,31.702,1.741,37.37,
20,44,-113.242,31.702,1.088,37.37,
20,45,-113.198,31.702,1.202,37.37,
20,46,-113.154,31.702,1.165,37.37,
20,47,-113.11,31.702,0.493,37.37,
20,48,-113.066,31.702,0.451,37.37,
20,49,-113.022,31.702,0.453,37.37,
20,50,-112.978,31.702,0.554,37.37,
20,51,-112.934,31.702,0.659,37.37,
20,52,-112.89,31.702,1.08,37.37,
20,53,-112.846,31.702,4.207,37.37,
20,54,-112.802,31.702,7.926,37.37,
20,55,-112.758,31.702,4.452,37.37,
20,56,-112.714,31.702,0.901,37.37,
20,57,-112.67,31.702,0.593,37.37,
20,58,-112.626,31.702,0.409,37.37,
20,59,-112.582,31.702,0.344,37.37,
20,60,-112.538,31.702,0.91,37.518,
20,61,-112.494,31.702,1.616,37.481,
20,62,-112.45,31.702,1.663,37.527,
20,63,-112.406,31.702,0.202,37.968,0.06420807663263127
20,64,-112.362,31.702,0.23,39.888,0.03767185969680999
20,65,-112.318,31.702,0.268,39.913,0.04866041010301327
20,66,-112.274,31.702,0.455,39.793,0.03575241585899597
20,67,-112.23,31.702,1.886,39.595,0.04578152048442364
20,68,-112.186,31.702,2.021,39.309,0.04270546751184253
20,69,-112.142,31.702,0.68,39.286,0.04233930267792216
20,70,-112.098,31.702,0.502,39.175,0.0382757204162695
20,71,-112.054,31.702,0.519,39.003,0.04461971700121783
20,72,-112.01,31.702,1.637,38.621,0.050405749847041124
20,73,-111.966,31.702,1.482,38.556,0.041153658886531774
20,74,-111.922,31.702,0.562,38.853,0.03412600557904892
20,75,-111.878,31.702,0.438,38.938,0.042243544489023684
20,76,-111.834,31.702,0.445,38.793,0.05260294790977905
20,77,-111.79,31.702,0.592,38.552,0.04219461764681681
20,78,-111.746,31.702,0.864,38.172,0.043336018780542274
20,79,-111.702,31.702,1.965,37.587,0.04947825004568851
20,80,-111.658,31.702,8.216,36.058,0.07145566517579005
20,81,-111.614,31.702,6.03,34.08,0.08744465181127616
20,82,-111.57,31.702,2.955,34.556,0.09034437470847628
20,83,-111.526,31.702,1.062,35.401,0.07162838030664542
20,84,-111.482,31.702,0.865,35.797,0.07069135149768896
20,85,-111.438,31.702,0.769,36.149,0.0730959275062612
20,86,-111.394,31.702,1.244,36.253,0.05776482010738368
20,87,-111.35,31.702,2.073,36.16,0.0444976448046881
20,88,-111.306,31.702,2.045,35.801,0.05663637901301938
20,89,-111.262,31.702,5.05,34.899,0.0625547804129676
20,90,-111.218,31.702,2.732,34.669,0.043206525582700765
20,91,-111.174,31.702,1.477,35.429,0.06676214205677887
20,92,-111.13,31.702,1.946,35.682,0.08515517992936127
20,93,-111.086,31.702,1.194,35.974,0.0755930937752126
20,94,-111.042,31.702,1.274,36.292,0.08698234671813437
20,95,-110.998,31.702,1.959,35.814,0.06324126343652658
20,96,-110.954,31.702,5.168,34.807,0.07217278195093284
20,97,-110.91,31.702,12.901,32.174,0.15400187084070008
20,98,-110.866,31.702,16.159,30.427,0.29980086532322825
20,99,-110.822,31.702,12.297,28.392,0.24592619366141322
20,100,-110.778,31.702,5.243,30.663,0.16168965390265785
20,101,-110.734,31.702,3.167,31.463,0.12746068044200584
20,102,-110.69,31.702,1.559,31.685,0.0965508792038186
20,103,-110.646,31.702,0.939,32.138,0.08811222428378215
20,104,-110.602,31.702,1.111,32.568,0.08986308999579723
20,105,-110.558,31.702,1.146,32.581,0.08733688493332392
20,106,-110.514,31.702,2.09,32.158,0.07814938225200367
20,107,-110.47,31.702,7.084,32.046,0.0783452296251184
20,108,-110.426,31.702,4.886,32.401,0.0826034146816521
20,109,-110.382,31.702,2.219,32.963,0.08772591757565376
20,110,-110.338,31.702,0.601,33.889,0.0819026900683535
20,111,-110.294,31.702,0.526,34.359,0.06567485706338323
20,112,-110.25,31.702,1.117,34.697,0.07063041041629957
20,113,-110.206,31.702,1.523,35.247,0.11449961854240165
20,114,-110.162,31.702,1.59,35.677,0.0982421067926152
20,115,-110.118,31.702,3.087,35.046,0.08640624253081912
20,116,-110.074,31.702,3.117,34.687,0.07659670154884242
20,117,-110.03,31.702,1.935,34.525,0.062000989798446905
20,118,-109.986,31.702,1.787,34.126,0.06343718712421045
20,119,-109.942,31.702,1.792,33.707,0.06218868024203756
20,120,-109.898,31.702,1.727,33.155,0.07389995147822681
20,121,-109.854,31.702,1.587,32.965,0.06505615439936911
20,122,-109.81,31.702,1.38,33.46,0.0557911513178355
20,123,-109.766,31.702,1.192,34.296,0.05817383582308734
20,124,-109.722,31.702,0.391,35.034,0.05612568698974463
20,125,-109.678,31.702,0.254,35.216,0.1075267722395545
20,126,-109.634,31.702,0.381,35.117,0.0890660345945526
20,127,-109.59,31.702,2.593,34.65,0.07637787952731957
20,128,-109.546,31.702,10.167,33.176,0.10053593600075075
20,129,-109.502,31.702,3.5,31.992,0.09158962608485328
20,130,-109.458,31.702,1.541,32.25,0.08311257195757075
20,131,-109.414,31.702,4.574,31.668,0.12896416411597053
20,132,-109.37,31.702,5.943,30.591,0.16666986125838829
20,133,-109.326,31.702,6.59,30.435,0.1233409111229752
20,134,-109.282,31.702,9.788,29.717,0.1255566603352
20,135,-109.238,31.702,3.436,30.675,0.07553150921926584
20,136,-109.194,31.702,5.599,31.45,0.05422505942957409
20,137,-109.15,31.702,2.868,32.786,0.051836113541002427
20,138,-109.106,31.702,0.45,34.31,0.04616822325237538
20,139,-109.062,31.702,0.997,35.004,0.04371853111761279
20,140,-109.018,31.702,6.454,34.961,0.05641949827853529
21,0,-115.178,31.746,1.137,37.37,-0.0337134196578219
21,1,-115.134,31.746,1.901,37.37,-0.018977356429223057
21,2,-115.09,31.746,2.367,37.37,-0.015364618245314604
21,3,-115.046,31.746,0.583,37.37,-0.016494082169229138
21,4,-115.002,31.746,0.248,37.37,-0.020004184797272506
21,5,-114.958,31.746,0.052,37.37,-0.014680294106454854
21,6,-114.914,31.746,0.038,37.37,-0.013268059572885595
21,7,-114.87,31.746,0.026,37.37,-0.019573733771154192
21,8,-114.826,31.746,0.027,37.37,-0.022989495605890264
21,9,-114.782,31.746,0.059,37.37,-0.025514910308023494
21,10,-114.738,31.746,0.026,37.37,-0.03820356493272012
21,11,-114.694,31.746,0.048,37.37,-0.04376476520493105
21,12,-114.65,31.746,0.126,37.37,-0.04022891793997104
21,13,-114.606,31.746,0.111,37.37,-0.03291965996159811
21,14,-114.562,31.746,0.493,37.37,-0.015784210294784846
21,15,-114.518,31.746,1.434,37.37,-0.015476112944499498
21,16,-114.474,31.746,1.532,37.37,-0.018203912212531686
21,17,-114.43,31.746,0.829,37.37,-0.01865742988043557
21,18,-114.386,31.746,0.634,37.37,-0.013726387023149367
21,19,-114.342,31.746,0.437,37.37,-0.014384004884170479
21,20,-114.298,31.746,0.228,37.37,-0.020782803073805565
21,21,-114.254,31.746,0.494,37.37,-0.02314781301876663
21,22,-114.21,31.746,0.509,37.37,-0.026197648023049913
21,23,-114.166,31.746,0.586,37.37,-0.041543244736769305
21,24,-114.122,31.746,0.563,37.37,-0.043187589498863456
21,25,-114.078,31.746,0.382,37.37,-0.03912997049104587
21,26,-114.034,31.746,0.236,37.37,-0.03015040505871533
21,27,-113.99,31.746,0.297,37.37,-0.015014154692229475
21,28,-113.946,31.746,0.313,37.37,-0.015075935468310398
21,29,-113.902,31.746,0.394,37.37,-0.020091843602505762
21,30,-113.858,31.746,0.715,37.37,-0.01657880817706875
21,31,-113.814,31.746,0.523,37.37,-0.01310359145451688
21,32,-113.77,31.746,0.191,37.37,-0.01559284729718121
21,33,-113.726,31.746,0.221,37.37,-0.02216184589479261
21,34,-113.682,31.746,0.49,37.37,-0.02322195123145703
21,35,-113.638,31.746,0.983,37.37,-0.028249601581056348
21,36,-113.594,31.746,1.975,37.37,-0.04272996197537271
21,37,-113.55,31.746,3.752,37.37,-0.04356805961179277
21,38,-113.506,31.746,6.025,37.37,
21,39,-113.462,31.746,5.026,37.37,
21,40,-113.418,31.746,2.317,37.37,
21,41,-113.374,31.746,1.023,37.37,
21,42,-113.33,31.746,0.787,37.37,
21,43,-113.286,31.746,0.991,37.37,
21,44,-113.242,31.746,2.208,37.37,
21,45,-113.198,31.746,0.388,37.37,
21,46,-113.154,31.746,0.555,37.37,
21,47,-113.11,31.746,0.523,37.37,
21,48,-113.066,31.746,0.642,37.37,
21,49,-113.022,31.746,0.695,37.37,
21,50,-112.978,31.746,2.075,37.37,
21,51,-112.934,31.746,2.507,37.37,
21,52,-112.89,31.746,3.06,37.37,
21,53,-112.846,31.746,9.051,37.37,
21,54,-112.802,31.746,7.968,37.37,
21,55,-112.758,31.746,1.722,37.37,
21,56,-112.714,31.746,0.89,37.37,
21,57,-112.67,31.746,0.569,37.641,
21,58,-112.626,31.746,0.312,37.663,
21,59,-112.582,31.746,0.765,37.651,
21,60,-112.538,31.746,3.1,39.592,
21,61,-112.494,31.746,5.812,39.113,
21,62,-112.45,31.746,1.655,39.751,
21,63,-112.406,31.746,0.191,40.0,0.07438333533778428
21,64,-112.362,31.746,0.14,40.181,0.04474088185562594
21,65,-112.318,31.746,0.226,40.13,0.03678073344912443
21,66,-112.274,31.746,0.344,39.933,0.024256324437127327
21,67,-112.23,31.746,2.094,39.705,0.03724240619116606
21,68,-112.186,31.746,0.861,39.607,0.042520350282437384
21,69,-112.142,31.746,0.462,39.569,0.03694467396155407
21,70,-112.098,31.746,0.459,39.458,0.03360076635226565
21,71,-112.054,31.746,0.482,39.293,0.038931006630977566
21,72,-112.01,31.746,3.763,38.925,0.03966518461832644
21,73,-111.966,31.746,4.059,38.863,0.051661002671802
21,74,-111.922,31.746,0.937,39.019,0.07286514257643166
21,75,-111.878,31.746,0.404,38.91,0.047294819459308635
21,76,-111.834,31.746,1.349,38.652,0.034388126961533066
21,77,-111.79,31.746,0.715,38.365,0.04070185346100877
21,78,-111.746,31.746,0.863,37.98,0.036637685936356676
21,79,-111.702,31.746,1.323,37.486,0.050848351016299656
21,80,-111.658,31.746,2.984,36.659,0.09091256303009067
21,81,-111.614,31.746,11.699,34.259,0.13616328344847092
21,82,-111.57,31.746,7.614,32.991,0.11047197509184363
21,83,-111.526,31.746,4.034,34.515,0.08550283603423506
21,84,-111.482,31.746,1.09,35.905,0.05370700757934262
21,85,-111.438,31.746,0.867,36.379,0.056156233651481556
21,86,-111.394,31.746,0.688,36.627,0.052847704838238814
21,87,-111.35,31.746,0.689,36.48,0.031165852473923877
21,88,-111.306,31.746,1.746,36.09,0.023250591371072094
21,89,-111.262,31.746,5.764,35.454,0.04729065404803165
21,90,-111.218,31.746,2.816,35.118,0.04770854697221583
21,91,-111.174,31.746,1.136,35.294,0.051428144605561235
21,92,-111.13,31.746,1.048,35.556,0.076782471373842
21,93,-111.086,31.746,0.833,35.917,0.08356413158598204
21,94,-111.042,31.746,0.905,36.509,0.0905867258023783
21,95,-110.998,31.746,1.601,36.575,0.06587410600680899
21,96,-110.954,31.746,4.111,35.982,0.0626690071502964
21,97,-110.91,31.746,8.909,34.938,0.11775784034142225
21,98,-110.866,31.746,14.75,33.394,0.18029260085184162
21,99,-110.822,31.746,14.76,31.802,0.23846062189282496
21,100,-110.778,31.746,4.913,31.024,0.1818916117871969
21,101,-110.734,31.746,2.255,31.469,0.11953181004903239
21,102,-110.69,31.746,1.739,31.949,0.11026791400453412
21,103,-110.646,31.746,1.19,32.416,0.10417912464746042
21,104,-110.602,31.746,1.004,32.862,0.10813336990670878
21,105,-110.558,31.746,1.599,32.801,0.09808639059079186
21,106,-110.514,31.746,1.294,32.268,0.08210164255321356
21,107,-110.47,31.746,2.585,31.935,0.07605608662645946
21,108,-110.426,31.746,5.571,31.688,0.0963943033155152
21,109,-110.382,31.746,2.726,32.469,0.08020599480118179
21,110,-110.338,31.746,0.945,33.797,0.07394216166149763
21,111,-110.294,31.746,0.407,34.563,0.05683121358810526
21,112,-110.25,31.746,0.669,34.994,0.030626486487825712
21,113,-110.206,31.746,1.156,35.622,0.07531406912796006
21,114,-110.162,31.746,1.117,35.766,0.05997939905618808
21,115,-110.118,31.746,1.793,35.412,0.05057967239600325
21,116,-110.074,31.746,1.106,34.964,0.05338901640627086
21,117,-110.03,31.746,1.051,34.455,0.048945188255217334
21,118,-109.986,31.746,1.238,33.974,0.058031258037453695
21,119,-109.942,31.746,1.532,33.36,0.06131900393382046
21,120,-109.898,31.746,2.93,32.64,0.07562036499820671
21,121,-109.854,31.746,3.039,31.973,0.07022750712111529
21,122,-109.81,31.746,3.138,32.949,0.05602693221344492
21,123,-109.766,31.746,1.328,34.063,0.06307044267150852
21,124,-109.722,31.746,0.505,34.797,0.08546774094397096
21,125,-109.678,31.746,0.357,35.037,0.11014773430100062
21,126,-109.634,31.746,0.53,34.9,0.06227201747750712
21,127,-109.59,31.746,1.876,34.493,0.04803396459541354
21,128,-109.546,31.746,4.245,33.756,0.07974163127569259
21,129,-109.502,31.746,3.085,33.104,0.09563534869518665
21,130,-109.458,31.746,1.643,32.652,0.10241176959411444
21,131,-109.414,31.746,5.173,31.779,0.1422727866308609
21,132,-109.37,31.746,7.87,30.695,0.22852537775815282
21,133,-109.326,31.746,6.162,30.063,0.21509449169163403
21,134,-109.282,31.746,9.442,28.785,0.2421247013314263
21,135,-109.238,31.746,6.062,29.271,0.15080366232543382
21,136,-109.194,31.746,7.017,30.498,0.07606849761364573
21,137,-109.15,31.746,8.32,31.078,0.056409295312742185
21,138,-109.106,31.746,1.401,33.289,0.04123400153689396
21,139,-109.062,31.746,0.603,35.01,0.029335479710942847
21,140,-109.018,31.746,4.032,35.466,0.0462191839978627
22,0,-115.178,31.79,4.43,37.37,-0.017725998648748287
22,1,-115.134,31.79,5.282,37.37,-0.012186274713587877
22,2,-115.09,31.79,3.079,37.37,-0.010072081052528548
22,3,-115.046,31.79,0.001,37.37,-0.010968856681737502
22,4,-115.002,31.79,0.125,37.37,-0.01325113941966405
22,5,-114.958,31.79,0.0,37.37,-0.010366644956664693
22,6,-114.914,31.79,0.0,37.37,-0.012531558731534151
22,7,-114.87,31.79,0.0,37.37,-0.019576607847462763
22,8,-114.826,31.79,0.014,37.37,-0.02042595167804711
22,9,-114.782,31.79,0.017,37.37,-0.021756663716031938
22,10,-114.738,31.79,0.027,37.37,-0.03113940124435761
22,11,-114.694,31.79,0.014,37.37,-0.023155169390669063
22,12,-114.65,31.79,0.183,37.37,-0.01858799579083468
22,13,-114.606,31.79,0.346,37.37,-0.016614117326887973
22,14,-114.562,31.79,1.549,37.37,-0.01212353055711393
22,15,-114.518,31.79,0.898,37.37,-0.009193843755782603
22,16,-114.474,31.79,0.771,37.37,-0.012091770363435627
22,17,-114.43,31.79,0.656,37.37,-0.012847871284066724
22,18,-114.386,31.79,0.543,37.37,-0.010264892683898685
22,19,-114.342,31.79,0.208,37.37,-0.013793433705811334
22,20,-114.298,31.79,0.238,37.37,-0.020948185785624754
22,21,-114.254,31.79,0.479,37.37,-0.01920354036601885
22,22,-114.21,31.79,0.807,37.37,-0.025093243937177424
22,23,-114.166,31.79,0.303,37.37,-0.028905451737796427
22,24,-114.122,31.79,0.517,37.37,-0.02199768983821897
22,25,-114.078,31.79,0.252,37.37,-0.019042468357366532
22,26,-114.034,31.79,0.221,37.37,-0.01551844164697209
22,27,-113.99,31.79,0.372,37.37,-0.011704396821298688
22,28,-113.946,31.79,0.256,37.37,-0.008833487851757636
22,29,-113.902,31.79,0.711,37.37,-0.013131907481819931
22,30,-113.858,31.79,0.745,37.37,-0.011946622008931007
22,31,-113.814,31.79,0.652,37.37,-0.010322287276425954
22,32,-113.77,31.79,0.236,37.37,-0.01518129747033261
22,33,-113.726,31.79,0.268,37.37,-0.022017234007488597
22,34,-113.682,31.79,0.946,37.37,-0.01828694147046765
22,35,-113.638,31.79,2.048,37.37,-0.029767217139274132
22,36,-113.594,31.79,2.266,37.37,-0.025106801125449416
22,37,-113.55,31.79,4.828,37.37,-0.021195340471823424
22,38,-113.506,31.79,7.211,37.37,
22,39,-113.462,31.79,7.23,37.37,
22,40,-113.418,31.79,2.444,37.37,
22,41,-113.374,31.79,0.917,37.37,
22,42,-113.33,31.79,0.795,37.37,
22,43,-113.286,31.79,0.197,37.37,
22,44,-113.242,31.79,0.249,37.37,
22,45,-113.198,31.79,0.447,37.37,
22,46,-113.154,31.79,0.707,37.37,
22,47,-113.11,31.79,0.806,37.37,
22,48,-113.066,31.79,1.665,37.37,
22,49,-113.022,31.79,1.744,37.37,
22,50,-112.978,31.79,6.324,37.37,
22,51,-112.934,31.79,4.35,37.37,
22,52,-112.89,31.79,1.703,37.37,
22,53,-112.846,31.79,6.884,37.37,
22,54,-112.802,31.79,1.55,37.695,
22,55,-112.758,31.79,0.864,37.849,
22,56,-112.714,31.79,0.656,37.845,
22,57,-112.67,31.79,0.353,39.836,
22,58,-112.626,31.79,2.475,39.907,0.04603098934274959
22,59,-112.582,31.79,2.338,39.776,0.0440616929890878
22,60,-112.538,31.79,6.908,39.56,0.06588881573388063
22,61,-112.494,31.79,4.126,39.71,0.0653968222507349
22,62,-112.45,31.79,0.483,39.909,0.04362130915119959
22,63,-112.406,31.79,0.112,40.132,0.04666610070928925
22,64,-112.362,31.79,0.142,40.178,0.04242261928262607
22,65,-112.318,31.79,0.184,40.095,0.05437133843452331
22,66,-112.274,31.79,0.239,40.006,0.037901386596224045
22,67,-112.23,31.79,0.531,39.859,0.03692338941667843
22,68,-112.186,31.79,0.353,39.727,0.03290970091239884
22,69,-112.142,31.79,0.343,39.629,0.03780750198323639
22,70,-112.098,31.79,0.328,39.581,0.04054110835835802
22,71,-112.054,31.79,0.314,39.472,0.05407288443021677
22,72,-112.01,31.79,0.965,39.299,0.04568897231180682
22,73,-111.966,31.79,1.269,39.171,0.07314902713910557
22,74,-111.922,31.79,0.364,39.025,0.046123896971591104
22,75,-111.878,31.79,0.519,38.769,0.0471356496972222
22,76,-111.834,31.79,0.754,38.552,0.0392109432725886
22,77,-111.79,31.79,0.654,38.287,0.026716138936151074
22,78,-111.746,31.79,0.783,37.895,0.03378781364938917
22,79,-111.702,31.79,1.088,37.428,0.05774033193667646
22,80,-111.658,31.79,2.415,36.724,0.08848792310107507
22,81,-111.614,31.79,14.633,34.496,0.14621324146869588
22,82,-111.57,31.79,14.643,31.924,0.15504844165958784
22,83,-111.526,31.79,9.966,34.15,0.07392148851004317
22,84,-111.482,31.79,1.237,36.106,0.03883217305140083
22,85,-111.438,31.79,0.8,36.584,0.025583602882594134
22,86,-111.394,31.79,0.604,36.767,0.025569393966529214
22,87,-111.35,31.79,0.712,36.529,0.025511892903056478
22,88,-111.306,31.79,1.157,36.07,0.020204305479046555
22,89,-111.262,31.79,1.753,35.461,0.036690657736018394
22,90,-111.218,31.79,1.501,34.893,0.04555355471083865
22,91,-111.174,31.79,1.348,34.663,0.059056581499626476
22,92,-111.13,31.79,1.171,34.943,0.07325097400385044
22,93,-111.086,31.79,1.05,35.597,0.08132846052142557
22,94,-111.042,31.79,1.109,36.432,0.09241910488495562
22,95,-110.998,31.79,0.988,36.959,0.07585336494387458
22,96,-110.954,31.79,1.625,36.646,0.05554123353816342
22,97,-110.91,31.79,2.118,35.932,0.06655362011791617
22,98,-110.866,31.79,3.909,35.107,0.1133907403351663
22,99,-110.822,31.79,6.598,34.118,0.11899765359797869
22,100,-110.778,31.79,7.417,32.092,0.13198641167678554
22,101,-110.734,31.79,1.977,31.66,0.09564348993264636
22,102,-110.69,31.79,1.548,31.995,0.10562414634327931
22,103,-110.646,31.79,1.369,32.473,0.10073667679676639
22,104,-110.602,31.79,0.838,33.028,0.12265528472346998
22,105,-110.558,31.79,2.248,33.133,0.08305926396447859
22,106,-110.514,31.79,2.343,32.618,0.09072869890778124
22,107,-110.47,31.79,5.19,31.983,0.10756214030584133
22,108,-110.426,31.79,10.276,30.832,0.20215965218240942
22,109,-110.382,31.79,6.903,31.255,0.10385615115365368
22,110,-110.338,31.79,1.724,33.325,0.051751563390181506
22,111,-110.294,31.79,0.929,34.633,0.04334050265094605
22,112,-110.25,31.79,1.282,35.42,0.028399748335538693
22,113,-110.206,31.79,1.263,36.083,0.08249039482862122
22,114,-110.162,31.79,0.886,35.938,0.04007358777409744
22,115,-110.118,31.79,1.012,35.364,0.038944353328847374
22,116,-110.074,31.79,0.939,34.808,0.04747106511986626
22,117,-110.03,31.79,1.009,34.256,0.05348614258773762
22,118,-109.986,31.79,1.144,33.655,0.0641084305737667
22,119,-109.942,31.79,1.403,32.951,0.053281195974293205
22,120,-109.898,31.79,4.194,32.163,0.0806439590393058
22,121,-109.854,31.79,3.624,32.564,0.0756986108174926
22,122,-109.81,31.79,2.843,33.342,0.051516694503715196
22,123,-109.766,31.79,1.064,34.037,0.04065013023871299
22,124,-109.722,31.79,0.6,34.618,0.06805978043508337
22,125,-109.678,31.79,0.392,34.922,0.06797486091260019
22,126,-109.634,31.79,0.953,34.798,0.05290065243944506
22,127,-109.59,31.79,1.131,34.397,0.04822226531757691
22,128,-109.546,31.79,1.7,33.959,0.06155360099058012
22,129,-109.502,31.79,1.286,33.413,0.06183002621507999
22,130,-109.458,31.79,1.794,32.597,0.057957445753308114
22,131,-109.414,31.79,4.231,31.289,0.10970982165363197
22,132,-109.37,31.79,8.466,29.59,0.2199219133772635
22,133,-109.326,31.79,8.233,28.396,0.23622103687959758
22,134,-109.282,31.79,12.973,27.61,0.2760637096032975
22,135,-109.238,31.79,13.663,27.107,0.22192858665587864
22,136,-109.194,31.79,9.94,28.655,0.11488269544796044
22,137,-109.15,31.79,10.197,30.528,0.07274123858285844
22,138,-109.106,31.79,6.006,32.272,0.047573212294543386
22,139,-109.062,31.79,0.551,34.821,0.02876729860515019
22,140,-109.018,31.79,1.905,35.622,0.04021426011426319
23,0,-115.178,31.834,4.52,37.37,-0.01726021948763222
23,1,-115.134,31.834,2.587,37.37,-0.013157996929816214
23,2,-115.09,31.834,0.458,37.37,-0.014316935637653232
23,3,-115.046,31.834,0.0,37.37,-0.017366727589774377
23,4,-115.002,31.834,0.125,37.37,-0.0230690375282531
23,5,-114.958,31.834,0.0,37.37,-0.018782727777096525
23,6,-114.914,31.834,0.0,37.37,-0.020232857277293296
23,7,-114.87,31.834,0.005,37.37,-0.022064438963568044
23,8,-114.826,31.834,0.028,37.37,-0.02333512721167068
23,9,-114.782,31.834,0.02,37.37,-0.02040660112073297
23,10,-114.738,31.834,0.006,37.37,-0.02600298065591968
23,11,-114.694,31.834,0.001,37.37,-0.020166866254714182
23,12,-114.65,31.834,0.144,37.37,-0.01960375550412733
23,13,-114.606,31.834,0.954,37.37,-0.016345016468742334
23,14,-114.562,31.834,0.659,37.37,-0.013311704399019963
23,15,-114.518,31.834,0.401,37.37,-0.014656902579434437
23,16,-114.474,31.834,0.466,37.37,-0.01843296479073765
23,17,-114.43,31.834,0.331,37.37,-0.022860035019606838
23,18,-114.386,31.834,0.256,37.37,-0.019209628972627256
23,19,-114.342,31.834,0.283,37.37,-0.020048756418684546
23,20,-114.298,31.834,0.623,37.37,-0.02327257018134586
23,21,-114.254,31.834,0.936,37.37,-0.02182702333739718
23,22,-114.21,31.834,0.554,37.37,-0.02171048751582213
23,23,-114.166,31.834,0.62,37.37,-0.025088897196429705
23,24,-114.122,31.834,0.209,37.37,-0.019928672539907176
23,25,-114.078,31.834,0.109,37.37,-0.019443464041245213
23,26,-114.034,31.834,0.188,37.37,-0.015222150681471565
23,27,-113.99,31.834,0.367,37.37,-0.01365101811097051
23,28,-113.946,31.834,0.277,37.37,-0.015316390599148293
23,29,-113.902,31.834,0.736,37.37,-0.019558647627737215
23,30,-113.858,31.834,0.668,37.37,-0.02158109292894221
23,31,-113.814,31.834,0.88,37.37,-0.019463030224493662
23,32,-113.77,31.834,0.609,37.37,-0.021040769002128767
23,33,-113.726,31.834,0.458,37.37,-0.023926152264522164
23,34,-113.682,31.834,1.15,37.37,-0.020649014707910668
23,35,-113.638,31.834,1.419,37.37,-0.02305189074083134
23,36,-113.594,31.834,2.227,37.37,-0.02319461915183989
23,37,-113.55,31.834,3.653,37.37,-0.020646881846733123
23,38,-113.506,31.834,5.331,37.37,
23,39,-113.462,31.834,3.392,37.37,
23,40,-113.418,31.834,1.445,37.37,
23,41,-113.374,31.834,1.689,37.37,
23,42,-113.33,31.834,0.437,37.37,
23,43,-113.286,31.834,0.266,37.37,
23,44,-113.242,31.834,0.385,37.37,
23,45,-113.198,31.834,0.483,37.37,
23,46,-113.154,31.834,0.843,37.37,
23,47,-113.11,31.834,2.124,37.37,
23,48,-113.066,31.834,2.374,37.37,
23,49,-113.022,31.834,1.583,37.37,
23,50,-112.978,31.834,1.35,37.37,
23,51,-112.934,31.834,0.97,37.745,
23,52,-112.89,31.834,0.923,38.045,
23,53,-112.846,31.834,2.54,38.018,
23,54,-112.802,31.834,0.768,39.633,0.04741882867887467
23,55,-112.758,31.834,0.604,40.387,0.04811690430551154
23,56,-112.714,31.834,0.422,40.342,0.15187096540395192
23,57,-112.67,31.834,0.452,40.226,0.05470334682611653
23,58,-112.626,31.834,4.719,39.709,0.06090235925261909
23,59,-112.582,31.834,3.24,39.712,0.05683349392949448
23,60,-112.538,31.834,1.041,39.837,0.07452198576362334
23,61,-112.494,31.834,0.33,39.777,0.03262134622740359
23,62,-112.45,31.834,0.473,39.775,0.04118996689088568
23,63,-112.406,31.834,1.745,39.855,0.0491223755429394
23,64,-112.362,31.834,0.592,40.089,0.07535717003154453
23,65,-112.318,31.834,1.194,39.995,0.04536306377695519
23,66,-112.274,31.834,0.262,39.946,0.06176526751269471
23,67,-112.23,31.834,0.21,39.817,0.04418492866083268
23,68,-112.186,31.834,0.199,39.721,0.03890485542912977
23,69,-112.142,31.834,0.204,39.644,0.0544912918730469
23,70,-112.098,31.834,0.21,39.587,0.05283848060676233
23,71,-112.054,31.834,0.218,39.487,0.08338325180602324
23,72,-112.01,31.834,0.267,39.322,0.06936659263993078
23,73,-111.966,31.834,0.343,39.18,0.0449813607755658
23,74,-111.922,31.834,0.937,38.942,0.031153919108465464
23,75,-111.878,31.834,2.644,38.437,0.022657902223097662
23,76,-111.834,31.834,0.6,38.349,0.030390289257784513
23,77,-111.79,31.834,0.636,38.24,0.03963384076439644
23,78,-111.746,31.834,0.834,37.859,0.035829634915604654
23,79,-111.702,31.834,1.052,37.324,0.042931291299000106
23,80,-111.658,31.834,2.063,36.588,0.06720513706330311
23,81,-111.614,31.834,7.823,35.207,0.0677877198611416
23,82,-111.57,31.834,13.851,33.277,0.08735306820437373
23,83,-111.526,31.834,5.651,35.238,0.05463775790665444
23,84,-111.482,31.834,1.126,36.313,0.015107305346463464
23,85,-111.438,31.834,0.754,36.721,0.018669445685529553
23,86,-111.394,31.834,0.779,36.865,0.027742741989146957
23,87,-111.35,31.834,1.471,36.513,0.0271452955611167
23,88,-111.306,31.834,3.632,35.829,0.0510856577796103
23,89,-111.262,31.834,2.87,34.946,0.053704708744146006
23,90,-111.218,31.834,3.122,34.045,0.06858297186630441
23,91,-111.174,31.834,2.307,33.915,0.08460017842837331
23,92,-111.13,31.834,3.585,34.571,0.09600197631144523
23,93,-111.086,31.834,2.031,35.375,0.10800299538618278
23,94,-111.042,31.834,2.343,36.227,0.0586078642722138
23,95,-110.998,31.834,1.032,37.015,0.1311773151772952
23,96,-110.954,31.834,1.169,37.033,0.06810440155207483
23,97,-110.91,31.834,1.337,36.523,0.06585479304364926
23,98,-110.866,31.834,1.815,35.8,0.09637758675456615
23,99,-110.822,31.834,3.505,34.815,0.08146087261035019
23,100,-110.778,31.834,9.41,32.955,0.1259160867468314
23,101,-110.734,31.834,3.428,32.047,0.12717554998159533
23,102,-110.69,31.834,2.574,32.599,0.11827109505394734
23,103,-110.646,31.834,1.874,32.866,0.094250736090678
23,104,-110.602,31.834,1.49,33.05,0.11806155068468634
23,105,-110.558,31.834,2.201,33.547,0.08813254904165164
23,106,-110.514,31.834,2.368,33.197,0.08758495282323998
23,107,-110.47,31.834,5.389,32.382,0.1259721432188042
23,108,-110.426,31.834,10.43,30.963,0.23367366325506186
23,109,-110.382,31.834,9.797,31.09,0.15475372225487255
23,110,-110.338,31.834,2.102,33.151,0.07895076446140652
23,111,-110.294,31.834,1.305,34.632,0.05916514435291334
23,112,-110.25,31.834,1.227,35.646,0.043671649746779576
23,113,-110.206,31.834,0.994,36.314,0.10927953019638893
23,114,-110.162,31.834,1.416,36.013,0.04049798230847863
23,115,-110.118,31.834,1.137,35.18,0.050231541549685864
23,116,-110.074,31.834,1.228,34.483,0.052937271327873646
23,117,-110.03,31.834,1.381,33.818,0.06851830701008668
23,118,-109.986,31.834,1.82,32.89,0.0893120834516896
23,119,-109.942,31.834,6.6,31.891,0.10739110032154392
23,120,-109.898,31.834,7.844,31.722,0.08832893745382173
23,121,-109.854,31.834,1.635,33.19,0.05476784353614133
23,122,-109.81,31.834,1.089,33.787,0.03999591788804539
23,123,-109.766,31.834,0.763,34.205,0.04271245817508031
23,124,-109.722,31.834,0.505,34.592,0.07206859035434071
23,125,-109.678,31.834,0.276,34.857,0.0703494083930518
23,126,-109.634,31.834,1.833,34.75,0.04628020413477239
23,127,-109.59,31.834,3.665,34.35,0.03652081187799179
23,128,-109.546,31.834,0.77,33.997,0.05335554846828441
23,129,-109.502,31.834,1.136,33.619,0.04809627586574758
23,130,-109.458,31.834,1.937,32.919,0.05682720915713328
23,131,-109.414,31.834,6.719,31.719,0.10285481604499282
23,132,-109.37,31.834,11.13,29.866,0.17646585930207365
23,133,-109.326,31.834,12.523,27.658,0.17071771068253144
23,134,-109.282,31.834,14.098,25.592,0.12987361570712944
23,135,-109.238,31.834,14.567,26.133,0.17344739088350644
23,136,-109.194,31.834,12.315,28.182,0.15004877849453357
23,137,-109.15,31.834,13.784,28.988,0.10812296754037443
23,138,-109.106,31.834,6.055,31.977,0.05055275414996219
23,139,-109.062,31.834,0.547,34.828,0.03355107726028999
23,140,-109.018,31.834,0.899,35.763,0.0375779693331775
24,0,-115.178,31.878,1.139,37.37,-0.01765561060955756
24,1,-115.134,31.878,0.755,37.37,-0.016649845574214818
24,2,-115.09,31.878,0.077,37.37,-0.02329063138559381
24,3,-115.046,31.878,0.0,37.37,-0.02640379747135967
24,4,-115.002,31.878,0.125,37.37,-0.03215898129694644
24,5,-114.958,31.878,0.005,37.37,-0.032659864214457664
24,6,-114.914,31.878,0.015,37.37,-0.030911515755572525
24,7,-114.87,31.878,0.018,37.37,-0.029190992839928966
24,8,-114.826,31.878,0.006,37.37,-0.023672583440446267
24,9,-114.782,31.878,0.0,37.37,-0.021684070295704252
24,10,-114.738,31.878,0.0,37.37,-0.03349386890453228
24,11,-114.694,31.878,0.079,37.37,-0.03474598845650806
24,12,-114.65,31.878,0.491,37.37,-0.022585320925913414
24,13,-114.606,31.878,0.654,37.37,-0.01723535853395702
24,14,-114.562,31.878,0.385,37.37,-0.01701068180632072
24,15,-114.518,31.878,0.388,37.37,-0.02464578615983375
24,16,-114.474,31.878,0.294,37.37,-0.026785749740844765
24,17,-114.43,31.878,0.524,37.37,-0.034272378658195976
24,18,-114.386,31.878,0.69,37.37,-0.031762797870598346
24,19,-114.342,31.878,0.463,37.37,-0.03097739037948311
24,20,-114.298,31.878,0.575,37.37,-0.028456833937193275
24,21,-114.254,31.878,0.54,37.37,-0.021889487620595886
24,22,-114.21,31.878,0.465,37.37,-0.022233454170524167
24,23,-114.166,31.878,0.887,37.37,-0.03716965738243713
24,24,-114.122,31.878,0.304,37.37,-0.031633489551660315
24,25,-114.078,31.878,0.269,37.37,-0.020789612803057144
24,26,-114.034,31.878,0.252,37.37,-0.017342123914334262
24,27,-113.99,31.878,0.541,37.37,-0.018143092219974156
24,28,-113.946,31.878,0.568,37.37,-0.02550238392134454
24,29,-113.902,31.878,0.71,37.37,-0.027953462903461995
24,30,-113.858,31.878,0.473,37.37,-0.03483350683181187
24,31,-113.814,31.878,0.543,37.37,-0.030672889758861347
24,32,-113.77,31.878,0.287,37.37,-0.030894308255723903
24,33,-113.726,31.878,0.558,37.37,-0.027849554349998886
24,34,-113.682,31.878,0.689,37.37,-0.02109753125488761
24,35,-113.638,31.878,1.447,37.37,-0.0226592799300789
24,36,-113.594,31.878,1.73,37.37,-0.04067502575260219
24,37,-113.55,31.878,2.366,37.37,-0.02818913644173702
24,38,-113.506,31.878,2.275,37.37,
24,39,-113.462,31.878,2.207,37.37,
24,40,-113.418,31.878,1.334,37.37,
24,41,-113.374,31.878,1.711,37.37,
24,42,-113.33,31.878,0.731,37.37,
24,43,-113.286,31.878,0.342,37.37,
24,44,-113.242,31.878,0.305,37.37,
24,45,-113.198,31.878,0.593,37.37,
24,46,-113.154,31.878,1.51,37.37,
24,47,-113.11,31.878,2.173,37.712,
24,48,-113.066,31.878,1.624,38.273,
24,49,-113.022,31.878,1.111,38.264,0.03026902660291445
24,50,-112.978,31.878,1.293,38.27,0.02994210985015787
24,51,-112.934,31.878,0.796,39.603,0.07246536725867454
24,52,-112.89,31.878,0.666,40.65,0.08658616735176569
24,53,-112.846,31.878,1.564,40.497,0.03867637152661585
24,54,-112.802,31.878,0.776,40.434,0.0894197626525687
24,55,-112.758,31.878,0.488,40.363,0.06674539265877737
24,56,-112.714,31.878,0.492,40.243,0.052129974017551206
24,57,-112.67,31.878,0.563,40.114,0.04923659713608044
24,58,-112.626,31.878,4.038,39.688,0.05244504908758157
24,59,-112.582,31.878,2.169,39.65,0.04369354920016452
24,60,-112.538,31.878,0.405,39.73,0.0474275314556339
24,61,-112.494,31.878,0.803,39.602,0.047218045311461454
24,62,-112.45,31.878,4.89,39.145,0.061348483986076625
24,63,-112.406,31.878,4.132,39.507,0.06261384680025717
24,64,-112.362,31.878,0.735,39.989,0.09888345569781455
24,65,-112.318,31.878,0.679,39.883,0.03992364130045245
24,66,-112.274,31.878,0.331,39.709,0.037984462452084415
24,67,-112.23,31.878,0.769,39.679,0.04271700360800972
24,68,-112.186,31.878,0.254,39.69,0.07328078101660156
24,69,-112.142,31.878,0.185,39.673,0.13354606903621474
24,70,-112.098,31.878,0.229,39.581,0.09779471144149662
24,71,-112.054,31.878,0.321,39.42,0.059722129465069045
24,72,-112.01,31.878,0.353,39.224,0.04472267639153804
24,73,-111.966,31.878,0.387,39.061,0.03601144166594763
24,74,-111.922,31.878,1.219,38.863,0.023486109958814103
24,75,-111.878,31.878,2.126,38.469,0.004701102760011105
24,76,-111.834,31.878,2.062,38.201,0.014817064405838177
24,77,-111.79,31.878,0.659,38.147,0.036706704239645595
24,78,-111.746,31.878,0.957,37.783,0.03316625862322812
24,79,-111.702,31.878,1.533,37.162,0.018522385318599607
24,80,-111.658,31.878,2.552,35.917,0.038964925600160606
24,81,-111.614,31.878,7.481,33.746,0.061766996553755504
24,82,-111.57,31.878,10.027,33.6,0.08166053608015363
24,83,-111.526,31.878,1.695,35.572,0.06083446590562734
24,84,-111.482,31.878,0.868,36.356,0.0480738091769949
24,85,-111.438,31.878,0.72,36.733,0.04946095073027444
24,86,-111.394,31.878,0.839,36.916,0.05611827058936354
24,87,-111.35,31.878,1.489,36.594,0.039700958621422505
24,88,-111.306,31.878,1.944,35.861,0.04256501151689423
24,89,-111.262,31.878,3.831,34.68,0.03922098658785324
24,90,-111.218,31.878,8.634,33.04,0.08174271081936704
24,91,-111.174,31.878,6.284,33.034,0.07678471543055002
24,92,-111.13,31.878,9.416,34.437,0.0205662307227852
24,93,-111.086,31.878,2.506,35.376,0.08509619663764958
24,94,-111.042,31.878,3.655,36.196,0.0493218217667296
24,95,-110.998,31.878,1.391,37.049,0.10108166512853428
24,96,-110.954,31.878,0.897,37.42,0.08751702668787838
24,97,-110.91,31.878,1.161,37.147,0.04593793749079612
24,98,-110.866,31.878,1.691,36.661,0.04699815883647543
24,99,-110.822,31.878,2.615,35.817,0.0417403798965946
24,100,-110.778,31.878,6.408,34.681,0.061051921589651635
24,101,-110.734,31.878,6.64,33.177,0.1033712573967795
24,102,-110.69,31.878,2.961,33.123,0.09701928582222831
24,103,-110.646,31.878,4.587,33.584,0.09433632876690919
24,104,-110.602,31.878,2.536,33.089,0.09450699327222599
24,105,-110.558,31.878,1.854,33.846,0.09364154460382892
24,106,-110.514,31.878,2.856,33.957,0.0803094366575862
24,107,-110.47,31.878,4.99,33.221,0.09388949328745397
24,108,-110.426,31.878,8.855,32.447,0.157218005437182
24,109,-110.382,31.878,8.696,32.415,0.12558574557926497
24,110,-110.338,31.878,2.655,33.48,0.09403724385391118
24,111,-110.294,31.878,1.749,34.867,0.06396925301837278
24,112,-110.25,31.878,1.476,35.973,0.04318923381691229
24,113,-110.206,31.878,1.163,36.379,0.07487815198546038
24,114,-110.162,31.878,1.507,35.839,0.036084793021317015
24,115,-110.118,31.878,1.171,34.986,0.04970046723377244
24,116,-110.074,31.878,1.072,34.226,0.05615337235962678
24,117,-110.03,31.878,2.734,33.516,0.077767345045504
24,118,-109.986,31.878,8.064,31.688,0.13701118658545686
24,119,-109.942,31.878,8.768,31.191,0.12437507345555933
24,120,-109.898,31.878,2.4,32.801,0.0576609887926785
24,121,-109.854,31.878,1.015,33.715,0.049229311401105445
24,122,-109.81,31.878,0.916,34.129,0.03488488030454182
24,123,-109.766,31.878,0.657,34.415,0.029521455082732476
24,124,-109.722,31.878,0.671,34.64,0.011418390922047328
24,125,-109.678,31.878,0.595,34.805,0.032841263903042796
24,126,-109.634,31.878,0.821,34.736,0.035760697287108706
24,127,-109.59,31.878,0.558,34.563,0.028237993158755394
24,128,-109.546,31.878,0.711,34.23,0.04323401219087126
24,129,-109.502,31.878,0.962,33.751,0.06265717271086452
24,130,-109.458,31.878,1.497,33.054,0.06923126961513387
24,131,-109.414,31.878,3.943,31.879,0.0693236771433573
24,132,-109.37,31.878,6.652,30.587,0.11079389594073823
24,133,-109.326,31.878,10.284,29.134,0.16486922686129588
24,134,-109.282,31.878,12.634,26.533,0.17641376755261082
24,135,-109.238,31.878,13.603,27.409,0.14869517971753526
24,136,-109.194,31.878,12.334,29.81,0.11028500472050748
24,137,-109.15,31.878,17.794,30.247,0.12006719677828626
24,138,-109.106,31.878,6.172,32.014,0.044341442594005145
24,139,-109.062,31.878,0.723,34.697,0.025042639464206304
24,140,-109.018,31.878,0.719,35.702,0.002495905416495092
25,0,-115.178,31.922,0.047,37.37,-0.02507737637696356
25,1,-115.134,31.922,0.071,37.37,-0.023334924671553167
25,2,-115.09,31.922,0.118,37.37,-0.030705740278876608
25,3,-115.046,31.922,0.133,37.37,-0.03270375703343542
25,4,-115.002,31.922,0.134,37.37,-0.041189397286012834
25,5,-114.958,31.922,0.0,37.37,-0.04400164500364281
25,6,-114.914,31.922,0.0,37.37,-0.03901142954885678
25,7,-114.87,31.922,0.0,37.37,-0.03401438938870244
25,8,-114.826,31.922,0.0,37.37,-0.024785485209720494
25,9,-114.782,31.922,0.0,37.37,-0.027193507940363203
25,10,-114.738,31.922,0.116,37.37,-0.03327124391379491
25,11,-114.694,31.922,0.289,37.37,-0.032218185896841244
25,12,-114.65,31.922,0.323,37.37,-0.024288770866957625
25,13,-114.606,31.922,0.453,37.37,-0.02430861863428795
25,14,-114.562,31.922,0.237,37.37,-0.0249786787373842
25,15,-114.518,31.922,0.308,37.37,-0.030722582863470765
25,16,-114.474,31.922,0.414,37.37,-0.03383435783231142
25,17,-114.43,31.922,0.386,37.37,-0.04267556812704165
25,18,-114.386,31.922,0.658,37.37,-0.04444131721142352
25,19,-114.342,31.922,0.698,37.37,-0.03732822114840343
25,20,-114.298,31.922,1.027,37.37,-0.032833181734334006
25,21,-114.254,31.922,0.5,37.37,-0.023905332469681646
25,22,-114.21,31.922,0.511,37.37,-0.02771802236126376
25,23,-114.166,31.922,0.573,37.37,-0.03596421169852692
25,24,-114.122,31.922,0.562,37.37,-0.029089094931961535
25,25,-114.078,31.922,0.405,37.37,-0.023231641207447
25,26,-114.034,31.922,0.264,37.37,-0.024546283807301825
25,27,-113.99,31.922,0.519,37.37,-0.02694314250595309
25,28,-113.946,31.922,0.554,37.37,-0.031027173641069824
25,29,-113.902,31.922,0.581,37.37,-0.035799167532896
25,30,-113.858,31.922,0.685,37.37,-0.04287455280946967
25,31,-113.814,31.922,0.522,37.37,-0.04391568171485587
25,32,-113.77,31.922,0.375,37.37,-0.03568350587718524
25,33,-113.726,31.922,0.4,37.37,-0.03160295932633127
25,34,-113.682,31.922,0.839,37.37,-0.024028435494927933
25,35,-113.638,31.922,1.01,37.37,-0.028022584047039934
25,36,-113.594,31.922,1.113,37.37,-0.03535430176964385
25,37,-113.55,31.922,1.485,37.37,-0.028488991553449
25,38,-113.506,31.922,1.537,37.37,
25,39,-113.462,31.922,2.273,37.37,
25,40,-113.418,31.922,1.209,37.37,
25,41,-113.374,31.922,1.058,37.37,
25,42,-113.33,31.922,0.472,37.37,
25,43,-113.286,31.922,0.626,37.37,
25,44,-113.242,31.922,0.512,37.643,
25,45,-113.198,31.922,1.186,38.503,
25,46,-113.154,31.922,1.074,38.442,
25,47,-113.11,31.922,1.427,39.432,
25,48,-113.066,31.922,1.21,41.02,0.014911773724842436
25,49,-113.022,31.922,1.12,40.964,0.03361279180211613
25,50,-112.978,31.922,0.724,40.926,0.03445563466703328
25,51,-112.934,31.922,0.745,40.737,0.03561081522973208
25,52,-112.89,31.922,0.885,40.499,0.038985936608305856
25,53,-112.846,31.922,1.887,40.257,0.040807884543674365
25,54,-112.802,31.922,0.717,40.248,0.047196265079745586
25,55,-112.758,31.922,0.702,40.205,0.053891414897227305
25,56,-112.714,31.922,0.751,40.047,0.05131068134039683
25,57,-112.67,31.922,1.091,39.618,0.0520546199856699
25,58,-112.626,31.922,5.038,39.291,0.05972639403713844
25,59,-112.582,31.922,2.595,39.421,0.05777271002616784
25,60,-112.538,31.922,0.996,39.601,0.04580634649837708
25,61,-112.494,31.922,1.83,39.296,0.0557905566882527
25,62,-112.45,31.922,7.337,38.995,0.06760768723460854
25,63,-112.406,31.922,2.11,39.658,0.05037595521803682
25,64,-112.362,31.922,0.242,39.9,0.07713801072056002
25,65,-112.318,31.922,0.705,39.787,0.0343604558341776
25,66,-112.274,31.922,2.961,39.539,0.046728274642221165
25,67,-112.23,31.922,0.967,39.665,0.06076119715398077
25,68,-112.186,31.922,0.174,39.714,0.08907259523814601
25,69,-112.142,31.922,0.206,39.7,0.07844718072522977
25,70,-112.098,31.922,0.292,39.586,0.04320958749131929
25,71,-112.054,31.922,0.366,39.422,0.041683395671078316
25,72,-112.01,31.922,0.374,39.226,0.04347248178193309
25,73,-111.966,31.922,0.38,39.001,0.0476752738252257
25,74,-111.922,31.922,0.448,38.776,0.04617487729262201
25,75,-111.878,31.922,1.314,38.528,0.0446411543921789
25,76,-111.834,31.922,0.837,38.302,0.01957652618927524
25,77,-111.79,31.922,0.744,38.104,0.033987716351018514
25,78,-111.746,31.922,1.012,37.812,0.030717882467536307
25,79,-111.702,31.922,1.797,37.19,0.03562857170143173
25,80,-111.658,31.922,5.42,35.454,0.0714749795304279
25,81,-111.614,31.922,11.01,32.243,0.08526209521302733
25,82,-111.57,31.922,7.165,33.359,0.1092324895341807
25,83,-111.526,31.922,3.433,34.714,0.08011263334879935
25,84,-111.482,31.922,1.042,36.142,0.05361746328998903
25,85,-111.438,31.922,1.02,36.689,0.04179601733347403
25,86,-111.394,31.922,0.925,37.009,0.04838202450617305
25,87,-111.35,31.922,1.378,36.74,0.03450003983871699
25,88,-111.306,31.922,3.197,36.043,0.034307834567529956
25,89,-111.262,31.922,4.148,35.154,0.04853036796169374
25,90,-111.218,31.922,7.711,33.975,0.11131112765755066
25,91,-111.174,31.922,4.984,33.763,0.11010146768778575
25,92,-111.13,31.922,1.766,34.72,0.09616009482790117
25,93,-111.086,31.922,1.535,35.561,0.09261082782258306
25,94,-111.042,31.922,3.663,36.319,0.08134440470398312
25,95,-110.998,31.922,2.071,37.091,0.07630311541399576
25,96,-110.954,31.922,0.581,37.631,0.11844905297268554
25,97,-110.91,31.922,0.757,37.579,0.038925980452184664
25,98,-110.866,31.922,1.192,37.272,0.0259760776964553
25,99,-110.822,31.922,1.779,36.683,0.021027379680353345
25,100,-110.778,31.922,3.375,35.835,0.044124980310425915
25,101,-110.734,31.922,7.723,34.669,0.08833061306881666
25,102,-110.69,31.922,3.763,34.288,0.09290676615309168
25,103,-110.646,31.922,4.506,34.536,0.08483835515513832
25,104,-110.602,31.922,5.436,34.075,0.08468774021568035
25,105,-110.558,31.922,2.459,34.398,0.07426210287081454
25,106,-110.514,31.922,2.442,34.682,0.07012162046559153
25,107,-110.47,31.922,2.629,34.266,0.08119205575616048
25,108,-110.426,31.922,2.207,33.875,0.10114100017155347
25,109,-110.382,31.922,1.831,33.866,0.08917709860987101
25,110,-110.338,31.922,1.838,34.385,0.07738109620364698
25,111,-110.294,31.922,2.244,35.425,0.05541835950186771
25,112,-110.25,31.922,1.106,36.311,0.0866586929439694
25,113,-110.206,31.922,1.286,36.24,0.03288934311515892
25,114,-110.162,31.922,1.362,35.594,0.018393816421895103
25,115,-110.118,31.922,1.183,34.863,0.03709765966891096
25,116,-110.074,31.922,1.201,34.108,0.044070688821010215
25,117,-110.03,31.922,5.407,33.155,0.0741149019356745
25,118,-109.986,31.922,10.649,31.241,0.15990451428965455
25,119,-109.942,31.922,7.545,32.007,0.09474908846199714
25,120,-109.898,31.922,1.772,33.532,0.033106280751043105
25,121,-109.854,31.922,0.934,34.22,0.03786384720239718
25,122,-109.81,31.922,1.502,34.528,0.02054912499390228
25,123,-109.766,31.922,0.944,34.649,0.022800245314850615
25,124,-109.722,31.922,1.083,34.695,0.014404508711046649
25,125,-109.678,31.922,0.575,34.747,0.03170482413894303
25,126,-109.634,31.922,0.296,34.771,0.03362194531473087
25,127,-109.59,31.922,0.484,34.6,0.02502514758995684
25,128,-109.546,31.922,0.7,34.279,0.030149792233153033
25,129,-109.502,31.922,0.965,33.828,0.030800061968768784
25,130,-109.458,31.922,3.358,33.097,0.05785808849612466
25,131,-109.414,31.922,7.439,31.707,0.08795236536361971
25,132,-109.37,31.922,8.308,30.401,0.12169409384849347
25,133,-109.326,31.922,8.039,29.302,0.17997179856981393
25,134,-109.282,31.922,11.769,27.914,0.1711225316998249
25,135,-109.238,31.922,9.633,28.433,0.1378775535859782
25,136,-109.194,31.922,12.34,30.152,0.08815650469274618
25,137,-109.15,31.922,10.143,31.949,0.06886000256444023
25,138,-109.106,31.922,2.211,33.663,0.028679152189929717
25,139,-109.062,31.922,0.979,34.728,0.005718605867610305
25,140,-109.018,31.922,0.557,35.521,-0.004489106959572007
26,0,-115.178,31.966,0.057,37.37,-0.022868910067184424
26,1,-115.134,31.966,0.0,37.37,-0.026322800013453856
26,2,-115.09,31.966,0.004,37.37,-0.03361893153937828
26,3,-115.046,31.966,0.08,37.37,-0.04102224309557481
26,4,-115.002,31.966,0.185,37.37,-0.04557113741771446
26,5,-114.958,31.966,0.0,37.37,-0.04788103846910085
26,6,-114.914,31.966,0.0,37.37,-0.03854911344877303
26,7,-114.87,31.966,0.0,37.37,-0.0325992214666286
26,8,-114.826,31.966,0.0,37.37,-0.028051769140886536
26,9,-114.782,31.966,0.141,37.37,-0.02822592734965224
26,10,-114.738,31.966,0.232,37.37,-0.024897914069863136
26,11,-114.694,31.966,0.133,37.37,-0.021659356346980657
26,12,-114.65,31.966,0.366,37.37,-0.02422929237872415
26,13,-114.606,31.966,0.617,37.37,-0.022159479316426665
26,14,-114.562,31.966,0.475,37.37,-0.02754625393188124
26,15,-114.518,31.966,0.701,37.37,-0.03538310071007144
26,16,-114.474,31.966,0.944,37.37,-0.041985792379521096
26,17,-114.43,31.966,0.79,37.37,-0.04662451351013932
26,18,-114.386,31.966,1.163,37.37,-0.047894171893845996
26,19,-114.342,31.966,1.412,37.37,-0.03637707144025148
26,20,-114.298,31.966,1.001,37.37,-0.031261776418839586
26,21,-114.254,31.966,1.146,37.37,-0.027458321137803204
26,22,-114.21,31.966,0.828,37.37,-0.029410897060323814
26,23,-114.166,31.966,1.34,37.37,-0.022526677479165313
26,24,-114.122,31.966,1.186,37.37,-0.022216330255910664
26,25,-114.078,31.966,0.379,37.37,-0.02403646139128495
26,26,-114.034,31.966,0.23,37.37,-0.022260318117016877
26,27,-113.99,31.966,0.722,37.37,-0.02956354564300657
26,28,-113.946,31.966,1.001,37.37,-0.037334894278783025
26,29,-113.902,31.966,1.32,37.37,-0.04293270205721199
26,30,-113.858,31.966,0.488,37.37,-0.04765611690796786
26,31,-113.814,31.966,0.328,37.37,-0.04534124796867711
26,32,-113.77,31.966,0.634,37.37,-0.03514872848222369
26,33,-113.726,31.966,1.124,37.37,-0.029926465110110198
26,34,-113.682,31.966,0.917,37.37,-0.027638483554129234
26,35,-113.638,31.966,1.652,37.37,-0.029766035626801586
26,36,-113.594,31.966,1.691,37.37,-0.02036231344462961
26,37,-113.55,31.966,1.873,37.37,-0.023438465608702875
26,38,-113.506,31.966,1.141,37.37,
26,39,-113.462,31.966,1.773,37.37,
26,40,-113.418,31.966,0.896,37.37,
26,41,-113.374,31.966,0.562,37.508,
26,42,-113.33,31.966,0.426,38.754,
26,43,-113.286,31.966,0.357,38.731,
26,44,-113.242,31.966,0.487,39.311,-0.004892390702345089
26,45,-113.198,31.966,0.828,41.121,-0.01064829419116145
26,46,-113.154,31.966,1.717,40.853,-0.005285815411078363
26,47,-113.11,31.966,0.69,40.931,-0.0010251108862831396
26,48,-113.066,31.966,1.116,40.963,0.016694796629295933
26,49,-113.022,31.966,1.549,40.868,0.03412116505507861
26,50,-112.978,31.966,0.733,40.708,0.03949766244112945
26,51,-112.934,31.966,0.886,40.481,0.038042903435554484
26,52,-112.89,31.966,1.534,40.155,0.03689084986181974
26,53,-112.846,31.966,2.826,39.933,0.04386107144133456
26,54,-112.802,31.966,1.985,40.037,0.052572386180497185
26,55,-112.758,31.966,1.269,39.952,0.054995561869453174
26,56,-112.714,31.966,1.094,39.53,0.0560334024312912
26,57,-112.67,31.966,7.368,38.587,0.06741455772645774
26,58,-112.626,31.966,3.934,38.924,0.06526554220000665
26,59,-112.582,31.966,2.988,39.328,0.04814317405926182
26,60,-112.538,31.966,2.161,39.409,0.04944726164301561
26,61,-112.494,31.966,1.9,39.37,0.04534482155248099
26,62,-112.45,31.966,2.683,39.411,0.05627731615742595
26,63,-112.406,31.966,1.092,39.745,0.04837382738745487
26,64,-112.362,31.966,0.196,39.907,0.09452013720332188
26,65,-112.318,31.966,0.34,39.861,0.05398507206303662
26,66,-112.274,31.966,0.588,39.712,0.05205721517452883
26,67,-112.23,31.966,0.371,39.632,0.057285210877590934
26,68,-112.186,31.966,0.332,39.552,0.05450144385236844
26,69,-112.142,31.966,0.278,39.431,0.060067484909880044
26,70,-112.098,31.966,0.268,39.474,0.04639031731207186
26,71,-112.054,31.966,0.335,39.46,0.04657280981158612
26,72,-112.01,31.966,0.409,39.228,0.04826710760766131
26,73,-111.966,31.966,1.394,38.91,0.03885991498753768
26,74,-111.922,31.966,1.098,38.538,0.0244528327645666
26,75,-111.878,31.966,1.246,37.935,0.031701267523147066
26,76,-111.834,31.966,2.954,37.479,0.027954889801267323
26,77,-111.79,31.966,1.031,37.689,0.039338717889340846
26,78,-111.746,31.966,0.802,37.789,0.057944055454614625
26,79,-111.702,31.966,2.548,37.375,0.04702252484932901
26,80,-111.658,31.966,9.473,35.7,0.07512591935970182
26,81,-111.614,31.966,13.769,33.063,0.10095252662261761
26,82,-111.57,31.966,9.036,33.083,0.12043782424894749
26,83,-111.526,31.966,8.787,33.826,0.08159908375696623
26,84,-111.482,31.966,1.779,35.708,0.039755045043997586
26,85,-111.438,31.966,1.108,36.796,0.022510881997146806
26,86,-111.394,31.966,0.918,37.186,0.042828457121789794
26,87,-111.35,31.966,1.419,37.047,0.02206034707839924
26,88,-111.306,31.966,1.601,36.48,0.05243131554468641
26,89,-111.262,31.966,2.776,35.888,0.061346142203585044
26,90,-111.218,31.966,3.856,35.21,0.07921248153108951
26,91,-111.174,31.966,3.31,35.003,0.07575308229145106
26,92,-111.13,31.966,1.657,35.403,0.08811109280888865
26,93,-111.086,31.966,2.18,35.996,0.07703693985742317
26,94,-111.042,31.966,2.294,36.653,0.07548759884258263
26,95,-110.998,31.966,1.708,37.321,0.03701085313528844
26,96,-110.954,31.966,0.51,37.85,0.18758807691889862
26,97,-110.91,31.966,0.506,37.865,0.03177094087320781
26,98,-110.866,31.966,0.817,37.636,0.018791859759231967
26,99,-110.822,31.966,1.212,37.211,0.02671680251909883
26,100,-110.778,31.966,1.549,36.705,0.03646003375820332
26,101,-110.734,31.966,2.426,36.104,0.06086546207690786
26,102,-110.69,31.966,1.668,35.651,0.07195507979588146
26,103,-110.646,31.966,1.906,35.497,0.06833731162689916
26,104,-110.602,31.966,1.881,35.338,0.060727155499226367
26,105,-110.558,31.966,1.549,35.299,0.06938209324575055
26,106,-110.514,31.966,1.868,35.136,0.06945057763754724
26,107,-110.47,31.966,1.365,34.81,0.0763880634280028
26,108,-110.426,31.966,1.356,34.633,0.09017698524204876
26,109,-110.382,31.966,1.573,34.742,0.07516905467626153
26,110,-110.338,31.966,1.9,35.209,0.0645711143612475
26,111,-110.294,31.966,1.679,36.03,0.06620747888618467
26,112,-110.25,31.966,1.008,36.38,0.030214901253078002
26,113,-110.206,31.966,1.431,35.892,0.024913127121078304
26,114,-110.162,31.966,1.084,35.251,0.025823811123672716
26,115,-110.118,31.966,1.257,34.706,0.03272827620384431
26,116,-110.074,31.966,1.909,34.082,0.026927577484706346
26,117,-110.03,31.966,8.396,33.069,0.07069239459552434
26,118,-109.986,31.966,12.44,31.151,0.11814315355189929
26,119,-109.942,31.966,4.238,32.818,0.05299306585030846
26,120,-109.898,31.966,0.857,34.274,0.04230663149757786
26,121,-109.854,31.966,0.724,34.696,0.04568496735853154
26,122,-109.81,31.966,0.419,34.895,0.048047911460468634
26,123,-109.766,31.966,0.983,34.913,0.024043328398839343
26,124,-109.722,31.966,2.773,34.766,0.01034222376868344
26,125,-109.678,31.966,0.226,34.76,0.008592733451869785
26,126,-109.634,31.966,0.325,34.779,0.0224708891162024
26,127,-109.59,31.966,0.53,34.554,0.027935931456968374
26,128,-109.546,31.966,0.648,34.226,0.02597087275313533
26,129,-109.502,31.966,0.86,33.862,0.03544662926932825
26,130,-109.458,31.966,1.705,33.339,0.0539480279016745
26,131,-109.414,31.966,3.786,32.579,0.07486042496410425
26,132,-109.37,31.966,6.757,31.643,0.11832961908248092
26,133,-109.326,31.966,8.517,30.455,0.13185133107858737
26,134,-109.282,31.966,10.045,29.529,0.12123194817488527
26,135,-109.238,31.966,9.542,30.095,0.0797598257654855
26,136,-109.194,31.966,6.794,31.786,0.040370799278372525
26,137,-109.15,31.966,5.068,33.249,0.025354064717785584
26,138,-109.106,31.966,1.151,34.391,0.017607194170730544
26,139,-109.062,31.966,0.889,35.074,0.010833440883524018
26,140,-109.018,31.966,0.716,35.645,0.010367850583111028
27,0,-115.178,32.01,0.066,37.37,-0.024382553607089217
27,1,-115.134,32.01,0.083,37.37,-0.028425286058748292
27,2,-115.09,32.01,0.078,37.37,-0.037121542393330764
27,3,-115.046,32.01,0.136,37.37,-0.04366930612902963
27,4,-115.002,32.01,0.118,37.37,-0.04623259425587109
27,5,-114.958,32.01,0.098,37.37,-0.040769739008173184
27,6,-114.914,32.01,0.106,37.37,-0.03173961058736903
27,7,-114.87,32.01,0.035,37.37,-0.0262348969357482
27,8,-114.826,32.01,0.161,37.37,-0.024786311769351407
27,9,-114.782,32.01,0.316,37.37,-0.022976511635968862
27,10,-114.738,32.01,0.194,37.37,-0.02578171370951211
27,11,-114.694,32.01,0.217,37.37,-0.027842174074253115
27,12,-114.65,32.01,0.307,37.37,-0.023063491051031913
27,13,-114.606,32.01,0.517,37.37,-0.02451424233968262
27,14,-114.562,32.01,0.709,37.37,-0.029667130535885534
27,15,-114.518,32.01,0.808,37.37,-0.038673341725836766
27,16,-114.474,32.01,1.003,37.37,-0.04432889474712882
27,17,-114.43,32.01,1.101,37.37,-0.04604785612476499
27,18,-114.386,32.01,1.485,37.37,-0.04057982612309916
27,19,-114.342,32.01,1.212,37.37,-0.0289556779861639
27,20,-114.298,32.01,1.426,37.37,-0.026969510958493224
27,21,-114.254,32.01,1.058,37.37,-0.023501338850052563
27,22,-114.21,32.01,0.661,37.37,-0.023303160712401606
27,23,-114.166,32.01,1.294,37.37,-0.02712140604476461
27,24,-114.122,32.01,1.068,37.37,-0.026437645458538942
27,25,-114.078,32.01,0.85,37.37,-0.022406059457218915
27,26,-114.034,32.01,0.866,37.37,-0.02497761442062417
27,27,-113.99,32.01,0.916,37.37,-0.031772219357244114
27,28,-113.946,32.01,0.656,37.37,-0.04050953643037905
27,29,-113.902,32.01,0.705,37.37,-0.04487330119301651
27,30,-113.858,32.01,0.32,37.37,-0.04591124353799365
27,31,-113.814,32.01,0.434,37.37,-0.03926939300657919
27,32,-113.77,32.01,0.594,37.37,-0.0273714181819191
27,33,-113.726,32.01,0.83,37.37,-0.025993773783580074
27,34,-113.682,32.01,0.955,37.37,-0.022978399643804246
27,35,-113.638,32.01,2.097,37.37,-0.024165238865766502
27,36,-113.594,32.01,1.0,37.37,-0.026831445968668072
27,37,-113.55,32.01,0.706,37.37,-0.026137938983439923
27,38,-113.506,32.01,1.226,37.37,
27,39,-113.462,32.01,1.003,38.792,
27,40,-113.418,32.01,0.821,38.906,0.044868377972038645
27,41,-113.374,32.01,0.469,39.181,0.027969222409088706
27,42,-113.33,32.01,0.486,41.432,0.0010354338299059813
27,43,-113.286,32.01,0.537,41.328,-0.01441086332254532
27,44,-113.242,32.01,0.768,41.158,-0.010638423843741442
27,45,-113.198,32.01,2.096,40.705,-0.0019540706096510484
27,46,-113.154,32.01,3.256,40.36,0.0021221087727467947
27,47,-113.11,32.01,2.162,40.582,0.01013786781683479
27,48,-113.066,32.01,1.465,40.718,0.016635090265392925
27,49,-113.022,32.01,2.882,40.524,0.026556122982646615
27,50,-112.978,32.01,1.851,40.327,0.034752185630909274
27,51,-112.934,32.01,1.809,40.203,0.042383931034593945
27,52,-112.89,32.01,3.231,39.922,0.05094692783322013
27,53,-112.846,32.01,3.655,39.896,0.0534198251775074
27,54,-112.802,32.01,1.271,39.96,0.0575763966541016
27,55,-112.758,32.01,2.376,39.509,0.059033855558560326
27,56,-112.714,32.01,6.131,38.315,0.06905214280789354
27,57,-112.67,32.01,7.899,38.032,0.0716096201869105
27,58,-112.626,32.01,4.416,38.682,0.06140217891716599
27,59,-112.582,32.01,0.719,39.272,0.03974094448023099
27,60,-112.538,32.01,2.354,39.329,0.05928310745217329
27,61,-112.494,32.01,0.672,39.581,0.051360918729335354
27,62,-112.45,32.01,1.036,39.646,0.058557106174409054
27,63,-112.406,32.01,0.327,39.812,0.060414073508951935
27,64,-112.362,32.01,0.322,39.876,0.034928680162656905
27,65,-112.318,32.01,0.324,39.772,0.03171565127548308
27,66,-112.274,32.01,0.462,39.607,0.040131886362493416
27,67,-112.23,32.01,0.573,39.453,0.04101542313412656
27,68,-112.186,32.01,1.158,39.181,0.036618104570107474
27,69,-112.142,32.01,10.694,38.926,0.04255389749261082
27,70,-112.098,32.01,0.81,39.235,0.02791534371087759
27,71,-112.054,32.01,0.38,39.444,0.044497752943956595
27,72,-112.01,32.01,0.553,39.197,0.03377277816905486
27,73,-111.966,32.01,1.18,38.812,0.019269550373447002
27,74,-111.922,32.01,2.178,38.286,0.024844599465779563
27,75,-111.878,32.01,5.52,37.275,0.050205248282125386
27,76,-111.834,32.01,5.853,36.518,0.05764003066243437
27,77,-111.79,32.01,1.974,36.982,0.04565228360722673
27,78,-111.746,32.01,0.711,37.547,0.03457494663884726
27,79,-111.702,32.01,1.333,37.535,0.04675595929894159
27,80,-111.658,32.01,4.849,36.876,0.05527052699513442
27,81,-111.614,32.01,5.242,36.242,0.061977780142167004
27,82,-111.57,32.01,6.375,35.647,0.07517086726054312
27,83,-111.526,32.01,17.187,34.616,0.08228478487323523
27,84,-111.482,32.01,8.089,35.867,0.021681177596687546
27,85,-111.438,32.01,1.01,37.054,0.022501571107617697
27,86,-111.394,32.01,0.694,37.414,0.028697702542893125
27,87,-111.35,32.01,1.34,37.482,0.014028522295920434
27,88,-111.306,32.01,1.696,37.181,0.07532548514776093
27,89,-111.262,32.01,2.042,36.811,0.05648442118272902
27,90,-111.218,32.01,2.079,36.457,0.057289324157219414
27,91,-111.174,32.01,1.85,36.31,0.07283321572858588
27,92,-111.13,32.01,1.614,36.364,0.07641790952035941
27,93,-111.086,32.01,4.662,36.673,0.0630072067061811
27,94,-111.042,32.01,4.907,37.202,0.03526487451118118
27,95,-110.998,32.01,1.546,37.739,0.03669777380518685
27,96,-110.954,32.01,0.446,38.023,0.07548553925721921
27,97,-110.91,32.01,0.415,37.995,0.02813519791008225
27,98,-110.866,32.01,0.534,37.752,0.01255639575440193
27,99,-110.822,32.01,0.689,37.438,0.02088120426264132
27,100,-110.778,32.01,0.859,37.073,0.03711076141468413
27,101,-110.734,32.01,0.942,36.695,0.06189209289955036
27,102,-110.69,32.01,0.956,36.367,0.06368170662406201
27,103,-110.646,32.01,1.38,36.076,0.08011291740345589
27,104,-110.602,32.01,1.484,35.906,0.08848919164997879
27,105,-110.558,32.01,1.39,35.643,0.07394687569086762
27,106,-110.514,32.01,1.45,35.079,0.06880310554748234
27,107,-110.47,32.01,1.139,34.729,0.0688133116682826
27,108,-110.426,32.01,0.854,34.923,0.07002961891563877
27,109,-110.382,32.01,1.192,35.347,0.05686188278382412
27,110,-110.338,32.01,1.457,35.867,0.05509874897238664
27,111,-110.294,32.01,1.031,36.295,0.0820760691702971
27,112,-110.25,32.01,1.49,36.16,0.018897229342190788
27,113,-110.206,32.01,1.412,35.548,0.02144647094536611
27,114,-110.162,32.01,1.151,34.857,0.024648405703602116
27,115,-110.118,32.01,2.368,34.141,0.026987802012566956
27,116,-110.074,32.01,2.742,33.777,0.037189666920470224
27,117,-110.03,32.01,4.048,33.628,0.04559587101912725
27,118,-109.986,32.01,9.269,32.82,0.05765134544889498
27,119,-109.942,32.01,1.993,33.92,0.03639875979920113
27,120,-109.898,32.01,0.782,34.76,0.058738071956849575
27,121,-109.854,32.01,0.464,35.096,0.033910754434655764
27,122,-109.81,32.01,0.166,35.157,0.018207432226866164
27,123,-109.766,32.01,0.935,35.126,0.018865435844981446
27,124,-109.722,32.01,0.426,35.048,0.021987142147154404
27,125,-109.678,32.01,0.257,34.939,0.009800292799542715
27,126,-109.634,32.01,0.657,34.767,0.01838267683014858
27,127,-109.59,32.01,1.834,34.498,0.010315530744172874
27,128,-109.546,32.01,0.673,34.207,0.01437938640184858
27,129,-109.502,32.01,0.737,33.942,0.026116405210903255
27,130,-109.458,32.01,0.947,33.483,0.05833287429273787
27,131,-109.414,32.01,1.613,32.936,0.056341923400921166
27,132,-109.37,32.01,5.477,32.096,0.07481217525708009
27,133,-109.326,32.01,9.009,30.236,0.12095696235952003
27,134,-109.282,32.01,11.49,29.532,0.09224670523104357
27,135,-109.238,32.01,6.497,31.563,0.05577777806957825
27,136,-109.194,32.01,4.713,33.33,0.020972065189637835
27,137,-109.15,32.01,1.276,34.233,0.013878790176831015
27,138,-109.106,32.01,0.916,34.908,0.022641429395211597
27,139,-109.062,32.01,0.615,35.46,0.09486310586491188
27,140,-109.018,32.01,1.127,35.876,0.009249632195938787
28,0,-115.178,32.054,0.034,37.37,
28,1,-115.134,32.054,0.026,37.37,
28,2,-115.09,32.054,0.129,37.37,
28,3,-115.046,32.054,0.118,37.37,
28,4,-115.002,32.054,0.173,37.37,-0.06723397281331707
28,5,-114.958,32.054,0.142,37.37,-0.108372400800355
28,6,-114.914,32.054,0.187,37.37,
28,7,-114.87,32.054,0.199,37.37,
28,8,-114.826,32.054,0.231,37.37,
28,9,-114.782,32.054,0.19,37.37,
28,10,-114.738,32.054,0.175,37.37,
28,11,-114.694,32.054,0.155,37.37,-0.044513339302340166
28,12,-114.65,32.054,0.167,37.37,
28,13,-114.606,32.054,0.187,37.37,
28,14,-114.562,32.054,0.468,37.37,
28,15,-114.518,32.054,0.49,37.37,
28,16,-114.474,32.054,1.165,37.37,-0.10420084269877071
28,17,-114.43,32.054,1.324,37.37,-0.12072270217462161
28,18,-114.386,32.054,1.611,37.37,-0.09657999634043592
28,19,-114.342,32.054,1.228,37.37,
28,20,-114.298,32.054,1.092,37.37,
28,21,-114.254,32.054,0.334,37.37,
28,22,-114.21,32.054,0.488,37.37,
28,23,-114.166,32.054,1.968,37.37,
28,24,-114.122,32.054,0.39,37.37,-0.057363436998811294
28,25,-114.078,32.054,0.947,37.37,
28,26,-114.034,32.054,0.351,37.37,
28,27,-113.99,32.054,0.386,37.37,
28,28,-113.946,32.054,0.381,37.37,
28,29,-113.902,32.054,0.296,37.37,-0.12494573602320028
28,30,-113.858,32.054,0.347,37.37,-0.07643064901282504
28,31,-113.814,32.054,0.425,37.37,-0.10832409262958452
28,32,-113.77,32.054,0.599,37.37,
28,33,-113.726,32.054,2.21,37.37,
28,34,-113.682,32.054,0.936,37.37,
28,35,-113.638,32.054,1.353,38.588,
28,36,-113.594,32.054,0.898,39.077,0.004812941558185246
28,37,-113.55,32.054,1.016,39.081,-0.03472115099479052
28,38,-113.506,32.054,1.029,39.084,
28,39,-113.462,32.054,0.995,41.194,
28,40,-113.418,32.054,1.288,41.372,0.03333158244284932
28,41,-113.374,32.054,1.157,41.432,0.022111319102747346
28,42,-113.33,32.054,0.639,41.429,0.007457722100550911
28,43,-113.286,32.054,1.824,41.192,0.0023950421066021165
28,44,-113.242,32.054,1.976,40.869,0.003162845930693296
28,45,-113.198,32.054,5.038,40.469,0.003772218884411439
28,46,-113.154,32.054,5.908,40.377,0.006667279955651544
28,47,-113.11,32.054,2.404,40.677,0.010719591482067461
28,48,-113.066,32.054,0.931,40.782,0.018088552866369168
28,49,-113.022,32.054,2.757,40.445,0.019582458752501145
28,50,-112.978,32.054,6.357,40.047,0.03342076363698006
28,51,-112.934,32.054,2.108,39.858,0.0438398748283563
28,52,-112.89,32.054,2.194,39.932,0.05430738574932934
28,53,-112.846,32.054,0.937,40.045,0.05350561761256254
28,54,-112.802,32.054,0.733,39.883,0.05829771131763227
28,55,-112.758,32.054,4.387,39.252,0.058227020871236344
28,56,-112.714,32.054,9.225,37.406,0.07367873951117888
28,57,-112.67,32.054,8.18,37.838,0.05835393400488143
28,58,-112.626,32.054,1.065,38.787,0.0434894582868823
28,59,-112.582,32.054,1.139,39.202,0.049849819862298445
28,60,-112.538,32.054,1.947,39.367,0.05991811237658701
28,61,-112.494,32.054,0.35,39.573,0.051002427339625137
28,62,-112.45,32.054,0.295,39.702,0.06609617947920418
28,63,-112.406,32.054,0.264,39.833,0.06054914437058618
28,64,-112.362,32.054,0.264,39.842,0.045025941959495344
28,65,-112.318,32.054,0.427,39.679,0.04402045318965379
28,66,-112.274,32.054,0.54,39.496,0.038163757386385055
28,67,-112.23,32.054,1.485,39.252,0.024244899157360948
28,68,-112.186,32.054,1.712,38.896,0.014329078071802608
28,69,-112.142,32.054,5.025,38.799,0.012841041032610894
28,70,-112.098,32.054,0.76,39.182,0.03316634062445153
28,71,-112.054,32.054,0.399,39.408,0.06009566932851449
28,72,-112.01,32.054,0.781,39.196,0.041362818881556074
28,73,-111.966,32.054,2.561,38.774,0.035495456846309226
28,74,-111.922,32.054,2.345,38.256,0.032014376067307795
28,75,-111.878,32.054,3.432,37.599,0.04990750910843264
28,76,-111.834,32.054,4.988,36.865,0.05875769637380204
28,77,-111.79,32.054,4.681,36.604,0.04873624103944677
28,78,-111.746,32.054,1.771,37.26,0.02631788104479381
28,79,-111.702,32.054,0.653,37.71,0.04141992740421317
28,80,-111.658,32.054,0.949,37.556,0.036213398582108175
28,81,-111.614,32.054,1.207,37.297,0.040013098334587875
28,82,-111.57,32.054,1.462,37.175,0.034351097573594516
28,83,-111.526,32.054,2.795,37.233,0.02711534638697191
28,84,-111.482,32.054,1.971,37.341,0.005236733107934838
28,85,-111.438,32.054,3.213,37.301,0.02068452810292294
28,86,-111.394,32.054,0.552,37.53,0.043644665520538306
28,87,-111.35,32.054,0.605,37.758,0.013895118520889118
28,88,-111.306,32.054,1.233,37.852,0.062316567242713505
28,89,-111.262,32.054,1.695,37.732,0.04504411630562613
28,90,-111.218,32.054,2.109,37.572,0.055963374387530934
28,91,-111.174,32.054,1.976,37.429,0.07166122209146528
28,92,-111.13,32.054,1.683,37.363,0.06130740456339759
28,93,-111.086,32.054,1.809,37.451,0.07252810296105898
28,94,-111.042,32.054,1.212,37.669,0.05952117375052971
28,95,-110.998,32.054,0.969,38.063,0.05296030561782308
28,96,-110.954,32.054,0.409,38.12,0.042522971542222364
28,97,-110.91,32.054,0.447,37.977,0.016885000838575182
28,98,-110.866,32.054,0.489,37.753,0.012951861126568803
28,99,-110.822,32.054,0.552,37.533,0.02263963743326634
28,100,-110.778,32.054,0.612,37.29,0.038052586998232316
28,101,-110.734,32.054,0.693,37.036,0.05497406376536263
28,102,-110.69,32.054,1.594,36.858,0.0855413877353665
28,103,-110.646,32.054,2.815,36.42,0.08976465742848917
28,104,-110.602,32.054,3.402,35.855,0.07619424969715326
28,105,-110.558,32.054,2.922,34.798,0.0711368104427472
28,106,-110.514,32.054,7.107,33.299,0.07883632190844242
28,107,-110.47,32.054,3.309,33.357,0.07414445860456192
28,108,-110.426,32.054,2.877,34.718,0.07817621703049428
28,109,-110.382,32.054,2.046,35.349,0.07113951798093648
28,110,-110.338,32.054,1.253,36.214,0.06910314472584266
28,111,-110.294,32.054,1.585,36.365,0.04996992246088623
28,112,-110.25,32.054,1.427,35.891,0.018800643288053382
28,113,-110.206,32.054,1.387,35.341,0.015144876789698291
28,114,-110.162,32.054,2.86,34.583,0.019740634385648145
28,115,-110.118,32.054,5.188,33.213,0.03762562226973598
28,116,-110.074,32.054,2.702,33.085,0.04734524363341579
28,117,-110.03,32.054,1.021,33.582,0.05240857363864857
28,118,-109.986,32.054,3.444,33.89,0.04193783688564345
28,119,-109.942,32.054,0.899,34.627,0.04285695304950525
28,120,-109.898,32.054,0.546,35.142,0.0460147201242084
28,121,-109.854,32.054,0.175,35.448,0.015843613117835213
28,122,-109.81,32.054,0.16,35.392,0.03707792409474098
28,123,-109.766,32.054,0.201,35.319,0.02299756413509586
28,124,-109.722,32.054,0.293,35.182,0.09521053613447718
28,125,-109.678,32.054,0.321,34.989,0.050141067123909554
28,126,-109.634,32.054,0.444,34.726,0.009703636159530437
28,127,-109.59,32.054,0.587,34.463,0.016122442402366117
28,128,-109.546,32.054,0.462,34.212,0.016242058887138144
28,129,-109.502,32.054,0.646,33.942,0.02747658429846366
28,130,-109.458,32.054,1.036,33.493,0.04692849330061272
28,131,-109.414,32.054,1.384,32.787,0.036812372047816004
28,132,-109.37,32.054,5.882,31.681,0.06504201818758643
28,133,-109.326,32.054,11.466,30.184,0.11294228849571558
28,134,-109.282,32.054,11.688,29.917,0.0782963685583668
28,135,-109.238,32.054,5.281,32.418,0.05651703438894158
28,136,-109.194,32.054,2.1,34.348,0.02486299252011119
28,137,-109.15,32.054,1.015,34.914,0.01321246997101625
28,138,-109.106,32.054,0.852,35.305,0.0036007659790434784
28,139,-109.062,32.054,0.62,35.7,0.008706231300218274
28,140,-109.018,32.054,0.929,35.927,-0.0028314655263202444
29,0,-115.178,32.098,0.033,37.37,
29,1,-115.134,32.098,0.096,37.37,
29,2,-115.09,32.098,0.138,37.37,
29,3,-115.046,32.098,0.158,37.37,
29,4,-115.002,32.098,0.247,37.37,
29,5,-114.958,32.098,0.428,37.37,
29,6,-114.914,32.098,0.233,37.37,
29,7,-114.87,32.098,0.167,37.37,
29,8,-114.826,32.098,0.183,37.37,
29,9,-114.782,32.098,0.14,37.37,
29,10,-114.738,32.098,0.148,37.37,
29,11,-114.694,32.098,0.12,37.37,
29,12,-114.65,32.098,0.164,37.37,
29,13,-114.606,32.098,0.128,37.37,
29,14,-114.562,32.098,0.375,37.37,
29,15,-114.518,32.098,0.487,37.37,
29,16,-114.474,32.098,0.945,37.37,
29,17,-114.43,32.098,1.197,37.37,
29,18,-114.386,32.098,1.365,37.37,
29,19,-114.342,32.098,0.928,37.37,
29,20,-114.298,32.098,0.523,37.37,
29,21,-114.254,32.098,0.637,37.37,
29,22,-114.21,32.098,6.767,37.37,
29,23,-114.166,32.098,1.885,37.37,
29,24,-114.122,32.098,0.52,37.37,
29,25,-114.078,32.098,0.274,37.37,
29,26,-114.034,32.098,0.333,37.37,
29,27,-113.99,32.098,0.339,37.37,
29,28,-113.946,32.098,0.545,37.37,
29,29,-113.902,32.098,3.008,37.37,
29,30,-113.858,32.098,1.843,37.37,
29,31,-113.814,32.098,0.547,37.37,
29,32,-113.77,32.098,3.733,38.263,
29,33,-113.726,32.098,3.654,38.592,
29,34,-113.682,32.098,4.353,38.776,
29,35,-113.638,32.098,3.052,40.55,
29,36,-113.594,32.098,2.102,41.246,0.02802427593427882
29,37,-113.55,32.098,0.828,41.289,0.007857044080493274
29,38,-113.506,32.098,0.654,41.326,0.013355436428168865
29,39,-113.462,32.098,0.418,41.382,0.013921324903082781
29,40,-113.418,32.098,0.213,41.337,0.01470987368639022
29,41,-113.374,32.098,0.783,41.463,0.012710753897923303
29,42,-113.33,32.098,0.879,41.441,0.010085546078415443
29,43,-113.286,32.098,2.054,41.197,0.004136664734602009
29,44,-113.242,32.098,3.951,40.9,0.0008618908387331987
29,45,-113.198,32.098,2.421,40.829,0.0072809941998083876
29,46,-113.154,32.098,0.762,40.926,0.008535791011978317
29,47,-113.11,32.098,0.342,40.941,0.013315745954121746
29,48,-113.066,32.098,0.582,40.829,0.02370643643474471
29,49,-113.022,32.098,1.892,40.568,0.03137253009089849
29,50,-112.978,32.098,6.518,40.082,0.03882055845396229
29,51,-112.934,32.098,7.63,39.677,0.05733953046419289
29,52,-112.89,32.098,1.621,39.921,0.0550546262783225
29,53,-112.846,32.098,0.609,40.056,0.054629428640983635
29,54,-112.802,32.098,1.087,39.793,0.048440018263383164
29,55,-112.758,32.098,1.597,39.436,0.04584853242071004
29,56,-112.714,32.098,9.522,38.201,0.06194484371823525
29,57,-112.67,32.098,6.753,38.27,0.055350737742757755
29,58,-112.626,32.098,0.71,38.888,0.04626106515862201
29,59,-112.582,32.098,1.691,39.146,0.05621388341737474
29,60,-112.538,32.098,0.406,39.357,0.04030979120258359
29,61,-112.494,32.098,0.36,39.545,0.04740286721063389
29,62,-112.45,32.098,0.332,39.717,0.05390638158160305
29,63,-112.406,32.098,0.24,39.854,0.07585441419923847
29,64,-112.362,32.098,0.311,39.821,0.054280096608818995
29,65,-112.318,32.098,0.489,39.613,0.03216995853256991
29,66,-112.274,32.098,0.635,39.365,0.021578318827819888
29,67,-112.23,32.098,1.206,39.031,0.02299483474711173
29,68,-112.186,32.098,1.725,38.452,0.02283113511943012
29,69,-112.142,32.098,6.343,38.302,0.034339726645253914
29,70,-112.098,32.098,1.325,38.96,0.054478600900177615
29,71,-112.054,32.098,0.512,39.344,0.06040539556349644
29,72,-112.01,32.098,0.566,39.246,0.04585102370295357
29,73,-111.966,32.098,1.087,38.898,0.03978576392687196
29,74,-111.922,32.098,1.092,38.5,0.031335282350553446
29,75,-111.878,32.098,1.241,37.936,0.0290259168689893
29,76,-111.834,32.098,1.938,36.99,0.032264770943621575
29,77,-111.79,32.098,3.312,36.022,0.031849709491143574
29,78,-111.746,32.098,2.15,37.084,0.02289303722114017
29,79,-111.702,32.098,0.808,37.954,0.02340773739718638
29,80,-111.658,32.098,0.808,38.085,0.027793904328942763
29,81,-111.614,32.098,0.994,37.979,0.030991398663056266
29,82,-111.57,32.098,1.059,37.93,0.0303489662718064
29,83,-111.526,32.098,0.851,37.92,0.023885272571306168
29,84,-111.482,32.098,1.841,37.843,0.010225309370845695
29,85,-111.438,32.098,2.265,37.534,0.004240822782570531
29,86,-111.394,32.098,3.394,37.505,0.01598321495350448
29,87,-111.35,32.098,0.934,37.869,-0.017764443935158837
29,88,-111.306,32.098,0.52,38.205,0.055737608370438244
29,89,-111.262,32.098,0.77,38.285,0.030816959226181332
29,90,-111.218,32.098,1.016,38.258,0.02722456988617954
29,91,-111.174,32.098,1.163,38.179,0.04579913254132707
29,92,-111.13,32.098,1.145,38.102,0.04699951923109781
29,93,-111.086,32.098,1.345,38.042,0.06461482854426961
29,94,-111.042,32.098,4.477,37.98,0.07447603328356012
29,95,-110.998,32.098,0.667,38.224,0.10544602533526923
29,96,-110.954,32.098,0.429,38.22,0.03640724827509652
29,97,-110.91,32.098,0.452,38.019,0.02596746886752662
29,98,-110.866,32.098,0.524,37.799,0.014828157368014395
29,99,-110.822,32.098,0.557,37.643,0.023973035488835386
29,100,-110.778,32.098,0.577,37.52,0.02764211138129244
29,101,-110.734,32.098,0.916,37.407,0.04747280334940163
29,102,-110.69,32.098,1.172,37.295,0.07537990236741443
29,103,-110.646,32.098,1.944,36.902,0.08383409128877686
29,104,-110.602,32.098,5.314,36.358,0.08614406190262493
29,105,-110.558,32.098,10.11,34.272,0.1454157369398987
29,106,-110.514,32.098,13.098,31.073,0.1847812217384108
29,107,-110.47,32.098,8.706,32.216,0.09062754440584836
29,108,-110.426,32.098,9.874,33.922,0.08365261548163783
29,109,-110.382,32.098,3.547,34.365,0.06283422009260739
29,110,-110.338,32.098,1.928,35.825,0.07835272515328776
29,111,-110.294,32.098,1.707,36.406,0.049270609076031695
29,112,-110.25,32.098,2.717,35.667,0.019284643473917066
29,113,-110.206,32.098,3.117,34.761,0.027144088965679217
29,114,-110.162,32.098,4.672,34.345,0.03651759077348156
29,115,-110.118,32.098,10.227,32.995,0.06203026862496404
29,116,-110.074,32.098,3.691,32.747,0.0324927935678381
29,117,-110.03,32.098,1.677,33.498,0.02584723285661425
29,118,-109.986,32.098,2.511,34.147,0.029533214965363538
29,119,-109.942,32.098,0.646,34.819,0.02302741427972073
29,120,-109.898,32.098,0.479,35.508,0.017220985510317872
29,121,-109.854,32.098,0.035,35.728,0.0005378212220425699
29,122,-109.81,32.098,0.199,35.67,0.036545121001821904
29,123,-109.766,32.098,0.203,35.556,0.05947401735948175
29,124,-109.722,32.098,0.347,35.333,0.0252634576638996
29,125,-109.678,32.098,0.602,34.983,0.02495919347759429
29,126,-109.634,32.098,0.769,34.529,0.01667757374190989
29,127,-109.59,32.098,0.801,34.086,0.012750302492395506
29,128,-109.546,32.098,0.746,33.771,0.012055410626712384
29,129,-109.502,32.098,0.763,33.568,0.019295999112262395
29,130,-109.458,32.098,1.277,33.076,0.04933718440745743
29,131,-109.414,32.098,3.374,32.132,0.04739422604873262
29,132,-109.37,32.098,6.828,31.575,0.05314280831678149
29,133,-109.326,32.098,12.961,30.958,0.04762958675850979
29,134,-109.282,32.098,11.352,31.718,0.046335867029920666
29,135,-109.238,32.098,4.731,33.62,0.0404513148750548
29,136,-109.194,32.098,1.059,35.017,0.030402548963881854
29,137,-109.15,32.098,0.805,35.456,0.025887259354043003
29,138,-109.106,32.098,0.742,35.641,0.005129765285415788
29,139,-109.062,32.098,0.747,35.865,-0.007915705542770051
29,140,-109.018,32.098,1.87,35.76,-0.010672490283009576
30,0,-115.178,32.142,0.134,37.37,
30,1,-115.134,32.142,0.161,37.37,
30,2,-115.09,32.142,0.212,37.37,
30,3,-115.046,32.142,0.162,37.37,
30,4,-115.002,32.142,0.291,37.37,
30,5,-114.958,32.142,0.353,37.37,
30,6,-114.914,32.142,0.122,37.37,
30,7,-114.87,32.142,0.235,37.37,
30,8,-114.826,32.142,0.156,37.37,
30,9,-114.782,32.142,0.181,37.37,
30,10,-114.738,32.142,0.237,37.37,
30,11,-114.694,32.142,0.175,37.37,
30,12,-114.65,32.142,0.215,37.37,
30,13,-114.606,32.142,0.26,37.37,
30,14,-114.562,32.142,0.295,37.37,
30,15,-114.518,32.142,0.524,37.37,
30,16,-114.474,32.142,0.971,37.37,
30,17,-114.43,32.142,1.23,37.37,
30,18,-114.386,32.142,0.873,37.37,
30,19,-114.342,32.142,0.578,37.37,
30,20,-114.298,32.142,0.683,37.37,
30,21,-114.254,32.142,1.783,37.37,
30,22,-114.21,32.142,1.611,37.37,
30,23,-114.166,32.142,0.391,37.37,
30,24,-114.122,32.142,0.393,37.37,
30,25,-114.078,32.142,0.466,37.37,
30,26,-114.034,32.142,0.569,37.37,
30,27,-113.99,32.142,0.753,37.37,
30,28,-113.946,32.142,5.443,38.05,
30,29,-113.902,32.142,6.73,39.081,
30,30,-113.858,32.142,1.986,39.2,
30,31,-113.814,32.142,1.364,39.1,0.030231888736496088
30,32,-113.77,32.142,3.076,39.664,0.02930680515586478
30,33,-113.726,32.142,8.418,39.968,0.03549498752874262
30,34,-113.682,32.142,4.28,40.482,0.02612418080045428
30,35,-113.638,32.142,1.822,41.005,0.020739677714988764
30,36,-113.594,32.142,0.669,41.158,0.015483100320258349
30,37,-113.55,32.142,0.309,41.212,0.008967715916304011
30,38,-113.506,32.142,0.488,41.294,0.008142802366532049
30,39,-113.462,32.142,0.452,41.273,0.0034541804769647327
30,40,-113.418,32.142,2.661,41.108,0.007906343720167677
30,41,-113.374,32.142,0.698,41.404,0.013118318250540653
30,42,-113.33,32.142,0.301,41.453,0.012088007870394213
30,43,-113.286,32.142,1.074,41.336,0.005131457528849408
30,44,-113.242,32.142,1.849,41.208,0.005057023282188223
30,45,-113.198,32.142,1.7,41.096,0.007897858369696129
30,46,-113.154,32.142,0.391,41.074,0.016519371656463028
30,47,-113.11,32.142,0.266,40.975,0.023226953282182067
30,48,-113.066,32.142,0.312,40.823,0.024617789843258676
30,49,-113.022,32.142,0.514,40.646,0.0321729973044241
30,50,-112.978,32.142,3.748,40.306,0.04705202657509146
30,51,-112.934,32.142,6.342,40.001,0.054195725581983
30,52,-112.89,32.142,1.61,40.095,0.05926699945690933
30,53,-112.846,32.142,0.572,40.062,0.049867132790892575
30,54,-112.802,32.142,0.673,39.809,0.050969184434642295
30,55,-112.758,32.142,0.813,39.56,0.05318509360867414
30,56,-112.714,32.142,2.524,39.214,0.05142638545677016
30,57,-112.67,32.142,4.806,38.855,0.05933214063547495
30,58,-112.626,32.142,1.263,38.926,0.058076119825459224
30,59,-112.582,32.142,1.186,39.085,0.04334106971120256
30,60,-112.538,32.142,0.72,39.23,0.03729682723530546
30,61,-112.494,32.142,0.548,39.497,0.0339131917688393
30,62,-112.45,32.142,0.44,39.745,0.045151162535884096
30,63,-112.406,32.142,0.204,39.881,0.05366031611970819
30,64,-112.362,32.142,0.326,39.829,0.06387417481011166
30,65,-112.318,32.142,0.546,39.611,0.03481855358804633
30,66,-112.274,32.142,0.705,39.319,0.02731200780217018
30,67,-112.23,32.142,1.134,38.917,0.03439754336372621
30,68,-112.186,32.142,3.907,38.302,0.047075813751147146
30,69,-112.142,32.142,6.297,38.217,0.05149802351262101
30,70,-112.098,32.142,1.231,38.914,0.03744948491168756
30,71,-112.054,32.142,0.562,39.331,0.035392976263561776
30,72,-112.01,32.142,0.553,39.375,0.03917675315608046
30,73,-111.966,32.142,0.708,39.144,0.03936198341757413
30,74,-111.922,32.142,0.889,38.839,0.030472057032563504
30,75,-111.878,32.142,2.232,38.269,0.030460364537693886
30,76,-111.834,32.142,5.361,37.297,0.02154981454869166
30,77,-111.79,32.142,8.346,36.75,0.02977179760883684
30,78,-111.746,32.142,2.913,37.781,0.019580448469140123
30,79,-111.702,32.142,0.879,38.394,0.015714152577272558
30,80,-111.658,32.142,0.63,38.537,0.019248247739838728
30,81,-111.614,32.142,0.804,38.562,0.02849575777398305
30,82,-111.57,32.142,0.757,38.51,0.023989393662273012
30,83,-111.526,32.142,0.675,38.427,0.021668821352411965
30,84,-111.482,32.142,0.646,38.278,0.009229918035389872
30,85,-111.438,32.142,1.834,37.937,0.00785045466275927
30,86,-111.394,32.142,2.643,37.567,0.028359057078679938
30,87,-111.35,32.142,1.542,37.788,0.00546907208683952
30,88,-111.306,32.142,1.126,38.273,0.06522430731097992
30,89,-111.262,32.142,0.338,38.54,0.058272006051569944
30,90,-111.218,32.142,0.485,38.543,0.05232519421914807
30,91,-111.174,32.142,0.567,38.466,0.04431263901103562
30,92,-111.13,32.142,0.533,38.339,0.04226753274437481
30,93,-111.086,32.142,0.654,38.242,0.05587783320329201
30,94,-111.042,32.142,1.469,38.176,0.04659298225157485
30,95,-110.998,32.142,0.464,38.349,0.054641644080071626
30,96,-110.954,32.142,0.423,38.327,0.039015578441428875
30,97,-110.91,32.142,0.45,38.124,0.02772619979478663
30,98,-110.866,32.142,0.54,37.886,0.012668732022494428
30,99,-110.822,32.142,0.516,37.806,0.014616422331185909
30,100,-110.778,32.142,0.564,37.83,0.03465377827990545
30,101,-110.734,32.142,1.281,37.716,0.06303180523171663
30,102,-110.69,32.142,3.167,36.635,0.07624362074988572
30,103,-110.646,32.142,3.571,35.091,0.07456499514215924
30,104,-110.602,32.142,3.933,35.088,0.09277222928939205
30,105,-110.558,32.142,13.057,33.593,0.1362136814126782
30,106,-110.514,32.142,16.147,31.011,0.21209326229294018
30,107,-110.47,32.142,4.95,33.054,0.10301675010783494
30,108,-110.426,32.142,9.729,34.063,0.0976685698093074
30,109,-110.382,32.142,6.893,34.157,0.072320178835059
30,110,-110.338,32.142,4.677,35.254,0.057305473452265734
30,111,-110.294,32.142,2.709,36.386,0.06981570099261378
30,112,-110.25,32.142,6.363,35.755,0.029187510961892274
30,113,-110.206,32.142,5.264,34.396,0.04127325697527238
30,114,-110.162,32.142,2.482,34.319,0.024976679100340536
30,115,-110.118,32.142,4.511,33.938,0.031691699742566554
30,116,-110.074,32.142,4.116,33.513,0.022164702704669876
30,117,-110.03,32.142,1.553,33.774,0.030372241142727255
30,118,-109.986,32.142,1.929,34.515,0.030654322350149626
30,119,-109.942,32.142,1.836,35.214,0.03132784379459453
30,120,-109.898,32.142,0.273,35.879,0.014171364701601403
30,121,-109.854,32.142,0.005,36.028,0.008433748968972277
30,122,-109.81,32.142,0.067,36.015,-7.02104801777118e-05
30,123,-109.766,32.142,0.26,35.864,0.016904114606791188
30,124,-109.722,32.142,0.602,35.515,0.01827502217904102
30,125,-109.678,32.142,0.951,34.916,0.01352684851714897
30,126,-109.634,32.142,1.335,34.099,0.012697962077968068
30,127,-109.59,32.142,1.486,33.293,0.014009010783116348
30,128,-109.546,32.142,1.327,32.831,0.022106607731902043
30,129,-109.502,32.142,1.387,32.647,0.02883481149599583
30,130,-109.458,32.142,7.125,32.78,0.054213805276994986
30,131,-109.414,32.142,9.135,32.948,0.0476223744023037
30,132,-109.37,32.142,8.877,33.322,0.041290469936756634
30,133,-109.326,32.142,12.408,33.226,0.03447406736156778
30,134,-109.282,32.142,5.749,34.025,0.023627814817810667
30,135,-109.238,32.142,4.308,34.969,0.019925113755584943
30,136,-109.194,32.142,0.9,35.708,0.023767108358416528
30,137,-109.15,32.142,0.683,35.926,0.04199998146189937
30,138,-109.106,32.142,0.574,35.944,0.04545606923520129
30,139,-109.062,32.142,0.904,36.012,-0.0005044888559990944
30,140,-109.018,32.142,2.248,35.589,-0.013256694191632029
31,0,-115.178,32.186,0.133,37.37,
31,1,-115.134,32.186,0.127,37.37,
31,2,-115.09,32.186,0.145,37.37,
31,3,-115.046,32.186,0.163,37.37,
31,4,-115.002,32.186,0.247,37.37,
31,5,-114.958,32.186,0.168,37.37,
31,6,-114.914,32.186,0.179,37.37,
31,7,-114.87,32.186,0.202,37.37,
31,8,-114.826,32.186,0.179,37.37,
31,9,-114.782,32.186,0.251,37.37,
31,10,-114.738,32.186,0.156,37.37,
31,11,-114.694,32.186,0.118,37.37,
31,12,-114.65,32.186,0.203,37.37,
31,13,-114.606,32.186,0.309,37.37,
31,14,-114.562,32.186,0.226,37.37,
31,15,-114.518,32.186,0.581,37.37,
31,16,-114.474,32.186,1.147,37.37,
31,17,-114.43,32.186,1.231,37.37,
31,18,-114.386,32.186,1.003,37.37,
31,19,-114.342,32.186,0.618,37.37,
31,20,-114.298,32.186,0.854,37.37,
31,21,-114.254,32.186,0.541,37.37,
31,22,-114.21,32.186,0.279,37.37,
31,23,-114.166,32.186,0.255,37.37,
31,24,-114.122,32.186,0.39,37.37,
31,25,-114.078,32.186,0.738,38.015,
31,26,-114.034,32.186,0.922,39.648,0.026892428715646878
31,27,-113.99,32.186,4.102,39.423,0.03344698571855012
31,28,-113.946,32.186,6.078,39.617,0.04158990056519141
31,29,-113.902,32.186,1.573,40.604,0.028487465138952527
31,30,-113.858,32.186,1.936,40.533,0.03601376357772714
31,31,-113.814,32.186,3.35,40.455,0.040418173777618666
31,32,-113.77,32.186,4.637,40.317,0.025224554851065718
31,33,-113.726,32.186,5.616,40.348,0.023364770450457012
31,34,-113.682,32.186,2.0,40.699,0.014316225522390192
31,35,-113.638,32.186,0.477,41.041,0.006752478633147124
31,36,-113.594,32.186,0.322,41.175,0.0027810288771893733
31,37,-113.55,32.186,0.25,41.185,0.006273824851836406
31,38,-113.506,32.186,0.468,41.059,0.013302217690459734
31,39,-113.462,32.186,4.708,41.004,0.010606195933207592
31,40,-113.418,32.186,2.872,41.085,0.00878372912434725
31,41,-113.374,32.186,0.446,41.281,0.007855938016272641
31,42,-113.33,32.186,0.231,41.408,0.011372509633174094
31,43,-113.286,32.186,1.343,41.331,0.011571222195509975
31,44,-113.242,32.186,0.916,41.255,0.013006322605693477
31,45,-113.198,32.186,0.206,41.18,0.011396194521780319
31,46,-113.154,32.186,0.255,41.107,0.017404789829468924
31,47,-113.11,32.186,0.299,40.97,0.02574886029661692
31,48,-113.066,32.186,0.385,40.775,0.029501964386556532
31,49,-113.022,32.186,1.282,40.251,0.025944476373236765
31,50,-112.978,32.186,3.674,39.838,0.0326069021267779
31,51,-112.934,32.186,4.344,40.001,0.052897082143590055
31,52,-112.89,32.186,0.448,40.162,0.06649761984726729
31,53,-112.846,32.186,0.488,40.075,0.059796904679819886
31,54,-112.802,32.186,0.587,39.849,0.05965618893105666
31,55,-112.758,32.186,0.69,39.576,0.056428318913538895
31,56,-112.714,32.186,1.942,39.363,0.06448971292775575
31,57,-112.67,32.186,1.146,39.182,0.05305099782294161
31,58,-112.626,32.186,1.183,39.045,0.05492853580701815
31,59,-112.582,32.186,0.721,39.153,0.04311428990377894
31,60,-112.538,32.186,1.758,39.312,0.03950062402805092
31,61,-112.494,32.186,0.886,39.561,0.03650867288158674
31,62,-112.45,32.186,0.352,39.769,0.05221774559107728
31,63,-112.406,32.186,0.182,39.856,0.05245490239786773
31,64,-112.362,32.186,0.283,39.816,0.08547172992763696
31,65,-112.318,32.186,0.56,39.646,0.05030811982866402
31,66,-112.274,32.186,1.299,39.197,0.04931027825600891
31,67,-112.23,32.186,2.428,38.615,0.051298140317647525
31,68,-112.186,32.186,1.807,38.471,0.044435457957544965
31,69,-112.142,32.186,2.552,38.482,0.03939646202022629
31,70,-112.098,32.186,1.503,39.059,0.03520816681671383
31,71,-112.054,32.186,0.733,39.493,0.026746303105225678
31,72,-112.01,32.186,0.548,39.595,0.03662787652768016
31,73,-111.966,32.186,0.763,39.477,0.043034430499937805
31,74,-111.922,32.186,0.954,39.294,0.02960625116624091
31,75,-111.878,32.186,2.658,38.999,0.029619120879919966
31,76,-111.834,32.186,3.838,38.568,0.020238081016414694
31,77,-111.79,32.186,1.964,38.45,0.01949962714503465
31,78,-111.746,32.186,1.011,38.709,0.022523050289179943
31,79,-111.702,32.186,0.776,38.892,0.018532433687622744
31,80,-111.658,32.186,0.679,38.941,0.014798607534723403
31,81,-111.614,32.186,0.613,39.011,0.028623398146012627
31,82,-111.57,32.186,0.564,38.962,0.028493865081963065
31,83,-111.526,32.186,0.511,38.802,0.02520638413794448
31,84,-111.482,32.186,0.594,38.571,0.02000835198797126
31,85,-111.438,32.186,2.643,38.104,0.028896317893595133
31,86,-111.394,32.186,4.795,37.661,0.060052712797722965
31,87,-111.35,32.186,4.175,38.015,0.01651697668163805
31,88,-111.306,32.186,1.305,38.496,0.03814126667733348
31,89,-111.262,32.186,0.292,38.737,0.07193195860700126
31,90,-111.218,32.186,0.24,38.683,0.0639165792870865
31,91,-111.174,32.186,0.492,38.519,0.029847954189256565
31,92,-111.13,32.186,1.197,38.267,0.025853400167016677
31,93,-111.086,32.186,1.355,37.977,0.044894885307917444
31,94,-111.042,32.186,3.136,38.021,0.07209021951001188
31,95,-110.998,32.186,0.973,38.327,0.045683431488762596
31,96,-110.954,32.186,0.46,38.36,0.045571158616823135
31,97,-110.91,32.186,0.475,38.245,0.03270894235153319
31,98,-110.866,32.186,0.512,38.115,0.019885434337251585
31,99,-110.822,32.186,0.641,38.12,0.03780514007585336
31,100,-110.778,32.186,1.135,38.151,0.03869106481003142
31,101,-110.734,32.186,2.238,38.037,0.06148175378371183
31,102,-110.69,32.186,12.409,36.951,0.08872347251061972
31,103,-110.646,32.186,11.682,33.868,0.16186495182292934
31,104,-110.602,32.186,11.746,31.792,0.16255237680323098
31,105,-110.558,32.186,12.098,30.1,0.2173290489234146
31,106,-110.514,32.186,12.745,29.323,0.2123994543967731
31,107,-110.47,32.186,3.566,33.016,0.09064818131953455
31,108,-110.426,32.186,5.569,34.539,0.0928419712326427
31,109,-110.382,32.186,4.866,34.887,0.05964075782154528
31,110,-110.338,32.186,4.844,35.51,0.05647069376254709
31,111,-110.294,32.186,2.684,36.533,0.07068745346144376
31,112,-110.25,32.186,3.741,35.95,0.03682547669892646
31,113,-110.206,32.186,2.561,34.532,0.036466623138346324
31,114,-110.162,32.186,1.522,34.261,0.015337301741677896
31,115,-110.118,32.186,1.255,34.255,0.010432700742884035
31,116,-110.074,32.186,1.065,34.124,0.011661332439993843
31,117,-110.03,32.186,3.009,34.228,0.027880735802188333
31,118,-109.986,32.186,1.594,34.924,0.02463638286734509
31,119,-109.942,32.186,0.603,35.686,0.031259312067055865
31,120,-109.898,32.186,0.116,36.135,0.01485841328112637
31,121,-109.854,32.186,0.068,36.299,0.015836677603110385
31,122,-109.81,32.186,0.026,36.292,0.004351643446739026
31,123,-109.766,32.186,0.256,36.132,0.008073579553535052
31,124,-109.722,32.186,0.748,35.737,0.010384311221132847
31,125,-109.678,32.186,2.052,34.882,0.008422630089368568
31,126,-109.634,32.186,3.927,33.185,0.03644219002711136
31,127,-109.59,32.186,5.018,31.114,0.04867905512574884
31,128,-109.546,32.186,6.617,30.765,0.05729348473219922
31,129,-109.502,32.186,7.153,31.379,0.032467864299284124
31,130,-109.458,32.186,4.492,32.748,0.036553894735706895
31,131,-109.414,32.186,2.788,34.694,0.010950349585658086
31,132,-109.37,32.186,1.802,35.266,0.015715983663194703
31,133,-109.326,32.186,1.7,35.48,0.006565855693055958
31,134,-109.282,32.186,1.34,35.728,0.013260511243837557
31,135,-109.238,32.186,1.197,36.053,0.016301329589214254
31,136,-109.194,32.186,0.607,36.325,0.055192792893398096
31,137,-109.15,32.186,0.482,36.33,0.25343929060200554
31,138,-109.106,32.186,0.478,36.192,0.1108228696914519
31,139,-109.062,32.186,1.044,35.989,0.007421487035517995
31,140,-109.018,32.186,3.978,35.469,-0.0010342644245749585
32,0,-115.178,32.23,0.075,37.37,
32,1,-115.134,32.23,0.074,37.37,
32,2,-115.09,32.23,0.132,37.37,
32,3,-115.046,32.23,0.148,37.37,
32,4,-115.002,32.23,0.128,37.37,
32,5,-114.958,32.23,0.146,37.37,
32,6,-114.914,32.23,0.163,37.37,
32,7,-114.87,32.23,0.147,37.37,
32,8,-114.826,32.23,0.112,37.37,
32,9,-114.782,32.23,0.17,37.37,
32,10,-114.738,32.23,0.146,37.37,
32,11,-114.694,32.23,0.147,37.37,
32,12,-114.65,32.23,0.176,37.37,
32,13,-114.606,32.23,0.153,37.37,
32,14,-114.562,32.23,0.227,37.37,
32,15,-114.518,32.23,0.557,37.37,
32,16,-114.474,32.23,1.013,37.37,
32,17,-114.43,32.23,0.755,37.37,
32,18,-114.386,32.23,0.797,37.37,
32,19,-114.342,32.23,0.618,37.37,
32,20,-114.298,32.23,0.431,37.37,
32,21,-114.254,32.23,0.208,37.37,
32,22,-114.21,32.23,0.22,37.797,
32,23,-114.166,32.23,0.298,40.178,
32,24,-114.122,32.23,0.477,40.09,
32,25,-114.078,32.23,2.433,40.227,
32,26,-114.034,32.23,4.22,40.93,0.02483153966072367
32,27,-113.99,32.23,2.925,40.831,0.02795981740212226
32,28,-113.946,32.23,4.018,40.492,0.034269354370834185
32,29,-113.902,32.23,0.747,40.465,0.022111148300577213
32,30,-113.858,32.23,2.013,40.187,0.025450189866181958
32,31,-113.814,32.23,2.961,40.198,0.017832628063097676
32,32,-113.77,32.23,1.401,40.421,0.008311112236250046
32,33,-113.726,32.23,1.029,40.692,0.007366459479201155
32,34,-113.682,32.23,2.842,40.886,0.009814682439251807
32,35,-113.638,32.23,1.021,41.098,0.013065916257117591
32,36,-113.594,32.23,0.326,41.196,0.00922603165151002
32,37,-113.55,32.23,0.896,40.643,0.006524291245604973
32,38,-113.506,32.23,5.95,40.723,0.014342472999577313
32,39,-113.462,32.23,2.733,41.106,0.014702645999648798
32,40,-113.418,32.23,0.53,41.254,0.012972123273048754
32,41,-113.374,32.23,0.597,41.242,0.008956395445673426
32,42,-113.33,32.23,0.337,41.349,0.011166687644342477
32,43,-113.286,32.23,1.167,41.302,0.017885635005053687
32,44,-113.242,32.23,0.51,41.186,0.021247502545014018
32,45,-113.198,32.23,0.227,41.153,0.021723259611129943
32,46,-113.154,32.23,0.276,41.091,0.02054219695028285
32,47,-113.11,32.23,0.299,40.976,0.023694250324959105
32,48,-113.066,32.23,0.773,40.55,0.026295586020561854
32,49,-113.022,32.23,9.291,39.743,0.016350635906358883
32,50,-112.978,32.23,4.33,39.556,0.028480722653305403
32,51,-112.934,32.23,3.123,39.921,0.04094076087800988
32,52,-112.89,32.23,0.511,40.109,0.04631513004430978
32,53,-112.846,32.23,0.382,40.094,0.05166818408806256
32,54,-112.802,32.23,0.483,39.936,0.03670637460480273
32,55,-112.758,32.23,1.679,39.694,0.03858613747318847
32,56,-112.714,32.23,1.847,39.447,0.04345704654466611
32,57,-112.67,32.23,1.485,39.265,0.04619084066111546
32,58,-112.626,32.23,0.493,39.162,0.043725998164426745
32,59,-112.582,32.23,0.378,39.187,0.046212041641854516
32,60,-112.538,32.23,0.524,39.446,0.06017424808555548
32,61,-112.494,32.23,0.339,39.589,0.07254225030747612
32,62,-112.45,32.23,0.185,39.732,0.08966030781053037
32,63,-112.406,32.23,0.194,39.796,0.06030935849436785
32,64,-112.362,32.23,0.223,39.777,0.09201029497060745
32,65,-112.318,32.23,0.429,39.631,0.03760468166718456
32,66,-112.274,32.23,3.247,39.243,0.04407694306922366
32,67,-112.23,32.23,5.037,38.814,0.06163563032404567
32,68,-112.186,32.23,1.445,38.937,0.05054302467793868
32,69,-112.142,32.23,3.39,39.064,0.03422414814746218
32,70,-112.098,32.23,1.296,39.469,0.032647483621976815
32,71,-112.054,32.23,0.657,39.778,0.03028072504030724
32,72,-112.01,32.23,0.453,39.874,0.03698589874164639
32,73,-111.966,32.23,0.573,39.829,0.037234648893628014
32,74,-111.922,32.23,0.663,39.712,0.028584533351734605
32,75,-111.878,32.23,0.712,39.53,0.032110733560304
32,76,-111.834,32.23,1.083,39.33,0.02605650658771157
32,77,-111.79,32.23,2.13,39.177,0.021232468124828402
32,78,-111.746,32.23,1.172,39.117,0.02242170617275435
32,79,-111.702,32.23,0.514,39.24,0.0180378379802723
32,80,-111.658,32.23,0.511,39.307,0.0160256513778752
32,81,-111.614,32.23,0.431,39.353,0.030866211721505898
32,82,-111.57,32.23,0.444,39.272,0.03455666117942385
32,83,-111.526,32.23,0.47,39.071,0.02906094030872609
32,84,-111.482,32.23,0.681,38.741,0.021316840655139585
32,85,-111.438,32.23,2.998,38.295,0.023976197643336666
32,86,-111.394,32.23,3.419,38.278,0.024250100167202894
32,87,-111.35,32.23,1.592,38.631,0.0024696802676362896
32,88,-111.306,32.23,0.517,38.851,0.027302263171033486
32,89,-111.262,32.23,0.28,38.92,0.029675816322410592
32,90,-111.218,32.23,0.638,38.782,0.053088765112229215
32,91,-111.174,32.23,1.63,38.178,0.040020090792645326
32,92,-111.13,32.23,3.645,37.485,0.03350251442902338
32,93,-111.086,32.23,7.107,37.644,0.05919879851141552
32,94,-111.042,32.23,2.952,38.172,0.07080031979828254
32,95,-110.998,32.23,1.888,38.457,0.056917346066791025
32,96,-110.954,32.23,0.525,38.421,0.05881760107163295
32,97,-110.91,32.23,0.446,38.384,0.08173504447353303
32,98,-110.866,32.23,0.512,38.386,0.047810719916589924
32,99,-110.822,32.23,0.698,38.499,0.04504375544704202
32,100,-110.778,32.23,1.157,38.561,0.07650402664606452
32,101,-110.734,32.23,1.162,38.539,0.09518348680655646
32,102,-110.69,32.23,4.673,38.212,0.08718133188742433
32,103,-110.646,32.23,10.676,36.169,0.11006501841542592
32,104,-110.602,32.23,9.033,33.346,0.15597319584455793
32,105,-110.558,32.23,13.352,31.361,0.2283606672844112
32,106,-110.514,32.23,13.266,30.222,0.2095657765567303
32,107,-110.47,32.23,8.386,32.771,0.09769765696573537
32,108,-110.426,32.23,5.218,34.774,0.0871239158947045
32,109,-110.382,32.23,6.992,35.532,0.059507409459116006
32,110,-110.338,32.23,4.436,36.204,0.07010442400006116
32,111,-110.294,32.23,2.312,36.612,0.03808990495841814
32,112,-110.25,32.23,2.624,35.697,0.023337495894077347
32,113,-110.206,32.23,4.28,34.582,0.03798151272471157
32,114,-110.162,32.23,1.147,34.198,0.010630167740592366
32,115,-110.118,32.23,0.978,34.013,0.016290283944626144
32,116,-110.074,32.23,1.297,33.701,0.02534200008323414
32,117,-110.03,32.23,1.819,33.631,0.04044296182636968
32,118,-109.986,32.23,0.911,34.862,0.03014431451936384
32,119,-109.942,32.23,0.621,35.702,0.03173835111097195
32,120,-109.898,32.23,0.229,36.257,0.02337525095922056
32,121,-109.854,32.23,0.092,36.416,0.026706242352510245
32,122,-109.81,32.23,0.15,36.403,0.021125183185838267
32,123,-109.766,32.23,0.31,36.251,0.031933383397538345
32,124,-109.722,32.23,0.791,35.773,0.03873620532441456
32,125,-109.678,32.23,4.768,34.293,0.024913242543833997
32,126,-109.634,32.23,11.066,32.148,0.06984159648990981
32,127,-109.59,32.23,13.02,30.677,0.0942247161318911
32,128,-109.546,32.23,12.69,31.022,0.052591068650782134
32,129,-109.502,32.23,11.666,32.457,0.03859402801827719
32,130,-109.458,32.23,5.767,34.491,0.031320760839908326
32,131,-109.414,32.23,0.944,35.709,0.010757137824019679
32,132,-109.37,32.23,0.886,36.034,0.007991254715161222
32,133,-109.326,32.23,0.897,36.206,0.0046915228329302925
32,134,-109.282,32.23,0.866,36.434,0.018697203144322008
32,135,-109.238,32.23,0.644,36.646,0.03826958271525398
32,136,-109.194,32.23,0.32,36.713,0.07633224681308312
32,137,-109.15,32.23,0.518,36.524,0.157704841271808
32,138,-109.106,32.23,0.885,36.15,0.013838483875050232
32,139,-109.062,32.23,1.079,35.658,0.005521222063664075
32,140,-109.018,32.23,3.878,35.083,-0.016927227254259037
33,0,-115.178,32.274,0.055,37.37,
33,1,-115.134,32.274,0.056,37.37,
33,2,-115.09,32.274,0.079,37.37,
33,3,-115.046,32.274,0.105,37.37,
33,4,-115.002,32.274,0.085,37.37,
33,5,-114.958,32.274,0.111,37.37,
33,6,-114.914,32.274,0.182,37.37,
33,7,-114.87,32.274,0.18,37.37,
33,8,-114.826,32.274,0.152,37.37,
33,9,-114.782,32.274,0.184,37.37,
33,10,-114.738,32.274,0.099,37.37,
33,11,-114.694,32.274,0.066,37.37,
33,12,-114.65,32.274,0.086,37.37,
33,13,-114.606,32.274,0.1,37.37,
33,14,-114.562,32.274,0.247,37.37,
33,15,-114.518,32.274,0.507,37.37,
33,16,-114.474,32.274,0.393,37.37,
33,17,-114.43,32.274,0.254,37.37,
33,18,-114.386,32.274,0.398,37.37,
33,19,-114.342,32.274,0.54,40.095,
33,20,-114.298,32.274,0.333,40.351,
33,21,-114.254,32.274,0.243,40.453,0.009179320789657915
33,22,-114.21,32.274,0.334,40.762,0.013279265391158354
33,23,-114.166,32.274,0.401,41.98,0.009569712029470694
33,24,-114.122,32.274,0.687,41.698,0.00892643004948361
33,25,-114.078,32.274,2.907,40.94,0.017156764995364105
33,26,-114.034,32.274,8.051,40.335,0.02611345452787051
33,27,-113.99,32.274,1.489,40.75,0.01876292459013489
33,28,-113.946,32.274,0.426,40.611,0.007463877311535806
33,29,-113.902,32.274,0.606,40.334,0.006320834026659939
33,30,-113.858,32.274,3.735,39.977,0.012750427246819764
33,31,-113.814,32.274,2.983,40.037,0.012224244865888436
33,32,-113.77,32.274,3.081,40.45,0.008276584577633197
33,33,-113.726,32.274,3.435,40.779,0.01248261102997809
33,34,-113.682,32.274,1.355,41.081,0.012304583005275361
33,35,-113.638,32.274,0.324,41.162,0.009898212775380152
33,36,-113.594,32.274,0.668,40.93,0.008740536239410773
33,37,-113.55,32.274,9.109,40.366,0.01562764150815324
33,38,-113.506,32.274,4.115,40.908,0.012788695122177684
33,39,-113.462,32.274,0.477,41.307,0.010798095980462219
33,40,-113.418,32.274,0.293,41.323,0.015613237247293042
33,41,-113.374,32.274,1.257,41.204,0.0163286272616238
33,42,-113.33,32.274,1.078,41.315,0.017689832955657573
33,43,-113.286,32.274,0.542,41.228,0.018198971103304585
33,44,-113.242,32.274,0.987,41.114,0.018394799727008894
33,45,-113.198,32.274,0.199,41.12,0.023891900224510647
33,46,-113.154,32.274,0.261,41.062,0.026271809430682885
33,47,-113.11,32.274,0.342,40.887,0.030898451232212035
33,48,-113.066,32.274,2.829,40.302,0.025449421791535753
33,49,-113.022,32.274,8.013,39.813,0.0262516149844141
33,50,-112.978,32.274,1.484,39.936,0.034074287911099524
33,51,-112.934,32.274,0.823,40.024,0.04008636698083696
33,52,-112.89,32.274,1.775,40.083,0.04484657677044078
33,53,-112.846,32.274,0.871,40.058,0.03734684880543706
33,54,-112.802,32.274,0.402,40.03,0.033911247117296546
33,55,-112.758,32.274,0.506,39.86,0.040960031201925554
33,56,-112.714,32.274,1.788,39.388,0.04987620026490318
33,57,-112.67,32.274,0.609,39.273,0.054517311909702354
33,58,-112.626,32.274,0.679,39.086,0.06400741581929009
33,59,-112.582,32.274,1.029,38.907,0.07339729780461811
33,60,-112.538,32.274,0.755,39.155,0.07056198211365639
33,61,-112.494,32.274,1.779,39.338,0.059612550023108196
33,62,-112.45,32.274,0.194,39.594,0.09077182296043071
33,63,-112.406,32.274,0.29,39.642,0.04948958654069124
33,64,-112.362,32.274,0.259,39.695,0.07985062830060251
33,65,-112.318,32.274,0.446,39.631,0.03855293422141763
33,66,-112.274,32.274,2.254,39.477,0.048177470745260846
33,67,-112.23,32.274,0.798,39.337,0.05667544126394807
33,68,-112.186,32.274,0.894,39.432,0.05291146538901499
33,69,-112.142,32.274,0.906,39.594,0.039114639688136416
33,70,-112.098,32.274,0.88,39.82,0.040017738201139325
33,71,-112.054,32.274,0.531,40.042,0.032706394564953084
33,72,-112.01,32.274,0.338,40.117,0.04462683733303642
33,73,-111.966,32.274,0.41,40.12,0.03832030646841883
33,74,-111.922,32.274,0.474,40.034,0.031032002958357504
33,75,-111.878,32.274,0.922,39.866,0.03629073217873477
33,76,-111.834,32.274,0.761,39.727,0.02707580784659567
33,77,-111.79,32.274,0.647,39.661,0.028087406276147666
33,78,-111.746,32.274,2.745,39.496,0.03827419826209106
33,79,-111.702,32.274,1.232,39.49,0.028467621149680614
33,80,-111.658,32.274,0.402,39.585,0.033687511199793095
33,81,-111.614,32.274,0.471,39.53,0.042559763569326954
33,82,-111.57,32.274,0.52,39.363,0.042688769163190636
33,83,-111.526,32.274,0.486,39.128,0.033358632488238824
33,84,-111.482,32.274,1.424,38.805,0.02029498748539828
33,85,-111.438,32.274,3.112,38.61,0.022081215938620617
33,86,-111.394,32.274,0.745,38.869,0.013864409025639074
33,87,-111.35,32.274,0.527,39.028,0.020069990483859105
33,88,-111.306,32.274,0.311,39.066,0.05998281385361528
33,89,-111.262,32.274,0.299,39.043,0.0459525440855027
33,90,-111.218,32.274,1.907,38.861,0.05119312490573396
33,91,-111.174,32.274,6.382,38.133,0.05201993872787638
33,92,-111.13,32.274,8.641,37.586,0.05131638426274546
33,93,-111.086,32.274,3.499,38.105,0.04787583647993699
33,94,-111.042,32.274,1.202,38.643,0.05447527292856584
33,95,-110.998,32.274,0.45,38.655,0.04332414722526039
33,96,-110.954,32.274,0.434,38.475,0.059702850990286195
33,97,-110.91,32.274,0.677,38.455,0.058693204973479934
33,98,-110.866,32.274,1.037,38.581,0.07351175958518218
33,99,-110.822,32.274,1.162,38.829,0.06579456270952812
33,100,-110.778,32.274,0.81,38.993,0.0617994839286155
33,101,-110.734,32.274,1.137,38.772,0.08748024193819655
33,102,-110.69,32.274,5.292,37.736,0.08255440868090407
33,103,-110.646,32.274,6.452,35.651,0.08039714018967578
33,104,-110.602,32.274,4.427,35.223,0.08371616435973146
33,105,-110.558,32.274,6.663,34.424,0.10045693401491101
33,106,-110.514,32.274,9.543,33.685,0.10716429792672648
33,107,-110.47,32.274,6.716,34.64,0.07564928643162758
33,108,-110.426,32.274,4.373,35.701,0.07992376229147881
33,109,-110.382,32.274,5.355,36.452,0.07863412143009023
33,110,-110.338,32.274,3.29,36.807,0.07526513343597113
33,111,-110.294,32.274,2.6,36.462,0.04271444914170688
33,112,-110.25,32.274,6.283,35.465,0.029994543663436336
33,113,-110.206,32.274,2.797,34.6,0.028343998728053123
33,114,-110.162,32.274,1.236,34.09,0.016670763230612277
33,115,-110.118,32.274,1.121,33.577,0.015131708210769819
33,116,-110.074,32.274,4.364,33.112,0.03689215225093371
33,117,-110.03,32.274,7.212,33.036,0.07412531514830349
33,118,-109.986,32.274,2.31,34.069,0.0398125727809992
33,119,-109.942,32.274,1.977,35.293,0.04085071651935907
33,120,-109.898,32.274,0.157,36.258,0.037591806199451815
33,121,-109.854,32.274,0.093,36.387,0.03812655352257596
33,122,-109.81,32.274,0.158,36.364,0.03816730869123147
33,123,-109.766,32.274,0.912,35.995,0.032164670886497576
33,124,-109.722,32.274,5.731,34.682,0.017096870443507415
33,125,-109.678,32.274,7.878,34.016,0.03651484719900441
33,126,-109.634,32.274,8.517,33.472,0.04602622438318114
33,127,-109.59,32.274,9.791,33.0,0.039985818988316095
33,128,-109.546,32.274,12.549,33.76,0.026215529784399397
33,129,-109.502,32.274,3.518,34.922,0.021596607215325504
33,130,-109.458,32.274,0.749,36.024,0.05432023032273114
33,131,-109.414,32.274,0.618,36.326,0.02943153561644276
33,132,-109.37,32.274,0.661,36.489,0.03994336377615128
33,133,-109.326,32.274,0.635,36.679,0.04060900421274091
33,134,-109.282,32.274,0.452,36.872,0.030727405937985605
33,135,-109.238,32.274,0.206,36.949,0.03946401139193062
33,136,-109.194,32.274,0.375,36.888,0.10310635599883831
33,137,-109.15,32.274,0.85,36.567,0.01648335239653353
33,138,-109.106,32.274,2.374,35.945,0.0048807858696803125
33,139,-109.062,32.274,2.03,35.155,0.004024985074207915
33,140,-109.018,32.274,3.365,34.536,-0.007964366576345909
34,0,-115.178,32.318,0.053,37.37,
34,1,-115.134,32.318,0.039,37.37,
34,2,-115.09,32.318,0.062,37.37,
34,3,-115.046,32.318,0.077,37.37,
34,4,-115.002,32.318,0.162,37.37,
34,5,-114.958,32.318,0.142,37.37,
34,6,-114.914,32.318,0.194,37.37,
34,7,-114.87,32.318,0.133,37.37,
34,8,-114.826,32.318,0.107,37.37,
34,9,-114.782,32.318,0.177,37.37,
34,10,-114.738,32.318,0.108,37.37,
34,11,-114.694,32.318,0.099,37.37,
34,12,-114.65,32.318,0.126,37.37,
34,13,-114.606,32.318,0.083,37.37,
34,14,-114.562,32.318,0.529,37.37,
34,15,-114.518,32.318,0.342,37.37,
34,16,-114.474,32.318,0.334,39.785,
34,17,-114.43,32.318,0.544,40.497,
34,18,-114.386,32.318,0.661,40.534,0.005966377486725863
34,19,-114.342,32.318,0.406,41.779,-0.0015474776428078243
34,20,-114.298,32.318,0.362,41.945,-0.002470465421009305
34,21,-114.254,32.318,0.418,42.084,-0.0020428211543324216
34,22,-114.21,32.318,0.447,42.144,0.0058640793353696465
34,23,-114.166,32.318,0.533,41.907,0.013413352510813633
34,24,-114.122,32.318,0.731,41.373,0.016674110949590246
34,25,-114.078,32.318,4.372,40.654,0.018517228967438733
34,26,-114.034,32.318,3.257,40.755,0.015170196619848276
34,27,-113.99,32.318,0.457,41.0,0.01227451836209954
34,28,-113.946,32.318,0.466,40.676,0.009436336705639986
34,29,-113.902,32.318,0.76,40.268,0.00975256525938699
34,30,-113.858,32.318,3.391,39.767,0.006604149050612053
34,31,-113.814,32.318,4.803,40.026,0.007595779194102976
34,32,-113.77,32.318,2.621,40.733,0.0064696758918372085
34,33,-113.726,32.318,1.572,41.065,0.010208450968231076
34,34,-113.682,32.318,1.002,41.259,0.008732545546832919
34,35,-113.638,32.318,0.701,41.062,0.010509764454632094
34,36,-113.594,32.318,3.366,40.806,0.014179615231829458
34,37,-113.55,32.318,5.406,40.957,0.020380205153569034
34,38,-113.506,32.318,0.64,41.255,0.021021575928847947
34,39,-113.462,32.318,0.38,41.385,0.02141378924320212
34,40,-113.418,32.318,0.709,41.36,0.019400190647422613
34,41,-113.374,32.318,3.574,41.284,0.01884057756166551
34,42,-113.33,32.318,0.402,41.263,0.020051346599784386
34,43,-113.286,32.318,2.425,40.922,0.019128174315790548
34,44,-113.242,32.318,2.662,41.056,0.022386351430177927
34,45,-113.198,32.318,0.193,41.117,0.02307351454931962
34,46,-113.154,32.318,0.265,41.017,0.024162238583845363
34,47,-113.11,32.318,0.782,40.7,0.029107878171070158
34,48,-113.066,32.318,8.975,40.165,0.02758814578564279
34,49,-113.022,32.318,2.148,40.074,0.03532147988200851
34,50,-112.978,32.318,1.325,40.146,0.03122233841235406
34,51,-112.934,32.318,1.264,40.023,0.0341069369199307
34,52,-112.89,32.318,1.04,40.068,0.04535189814064264
34,53,-112.846,32.318,4.425,40.089,0.043813994488870495
34,54,-112.802,32.318,0.544,40.145,0.047000578351097666
34,55,-112.758,32.318,0.495,40.003,0.049283377315307
34,56,-112.714,32.318,6.084,39.378,0.06491538740916282
34,57,-112.67,32.318,3.28,39.264,0.06757687347873824
34,58,-112.626,32.318,2.418,38.715,0.07933221644459904
34,59,-112.582,32.318,3.208,38.197,0.07863266218288706
34,60,-112.538,32.318,3.231,38.905,0.06620970638007063
34,61,-112.494,32.318,1.72,39.199,0.0559775562845437
34,62,-112.45,32.318,0.323,39.324,0.02878790560303817
34,63,-112.406,32.318,1.506,39.355,0.03517821671662033
34,64,-112.362,32.318,0.982,39.429,0.032755073792686724
34,65,-112.318,32.318,0.312,39.538,0.03872454209426417
34,66,-112.274,32.318,0.468,39.521,0.0514036338546572
34,67,-112.23,32.318,0.55,39.465,0.051113382565882576
34,68,-112.186,32.318,0.595,39.687,0.04006049444179845
34,69,-112.142,32.318,0.955,39.863,0.03234067664536616
34,70,-112.098,32.318,0.853,40.013,0.04194177042742056
34,71,-112.054,32.318,0.443,40.202,0.04173465299195951
34,72,-112.01,32.318,0.309,40.315,0.0504594199089078
34,73,-111.966,32.318,0.286,40.318,0.03992817335506706
34,74,-111.922,32.318,0.399,40.173,0.030988859723317018
34,75,-111.878,32.318,1.403,39.154,0.04778516659543779
34,76,-111.834,32.318,0.647,39.439,0.03819252068568659
34,77,-111.79,32.318,0.406,39.785,0.0460419643216051
34,78,-111.746,32.318,1.719,39.852,0.03816012982543778
34,79,-111.702,32.318,0.937,39.808,0.04195387426329625
34,80,-111.658,32.318,0.314,39.758,0.056575236384250334
34,81,-111.614,32.318,0.493,39.502,0.04084361114470332
34,82,-111.57,32.318,0.581,39.214,0.03406596985892684
34,83,-111.526,32.318,0.799,38.918,0.029588558475942738
34,84,-111.482,32.318,1.469,38.569,0.020962417346837365
34,85,-111.438,32.318,1.325,38.597,0.01550178937851272
34,86,-111.394,32.318,1.555,38.884,0.021158032780334873
34,87,-111.35,32.318,0.303,39.14,0.031224966476250192
34,88,-111.306,32.318,0.271,39.172,0.058930200892072654
34,89,-111.262,32.318,0.347,39.092,0.025741531508132777
34,90,-111.218,32.318,1.237,38.982,0.027797403274533936
34,91,-111.174,32.318,2.433,38.596,0.020786276324741865
34,92,-111.13,32.318,3.388,38.474,0.03919449547055377
34,93,-111.086,32.318,1.512,38.832,0.03926696561174499
34,94,-111.042,32.318,0.79,38.919,0.036875891507567454
34,95,-110.998,32.318,0.815,38.688,0.049876349784956454
34,96,-110.954,32.318,1.334,38.418,0.0672994700254253
34,97,-110.91,32.318,1.699,38.109,0.07883591662462548
34,98,-110.866,32.318,2.084,37.576,0.06404099397882117
34,99,-110.822,32.318,3.442,37.528,0.06122519846897089
34,100,-110.778,32.318,7.352,37.487,0.061234579166760304
34,101,-110.734,32.318,8.444,35.57,0.06951256599772038
34,102,-110.69,32.318,8.544,34.911,0.0900141669722765
34,103,-110.646,32.318,6.454,34.725,0.08085310597988647
34,104,-110.602,32.318,2.897,35.28,0.06880715132519989
34,105,-110.558,32.318,3.304,35.175,0.07578337242018089
34,106,-110.514,32.318,4.625,35.456,0.08016068664481982
34,107,-110.47,32.318,4.454,36.312,0.07868497572230654
34,108,-110.426,32.318,3.524,36.822,0.08871360319596214
34,109,-110.382,32.318,2.774,36.963,0.07832148206677275
34,110,-110.338,32.318,3.242,36.609,0.06481954968854693
34,111,-110.294,32.318,3.086,35.909,0.05187433687677953
34,112,-110.25,32.318,5.549,35.19,0.03326783137632445
34,113,-110.206,32.318,2.951,34.699,0.039685461705959255
34,114,-110.162,32.318,1.958,34.013,0.037293120741377944
34,115,-110.118,32.318,1.877,33.178,0.035674156899424644
34,116,-110.074,32.318,6.525,31.867,0.1092877243806492
34,117,-110.03,32.318,6.396,32.764,0.10070814567952292
34,118,-109.986,32.318,6.548,34.324,0.049796506392634506
34,119,-109.942,32.318,1.607,35.516,0.08160406570007739
34,120,-109.898,32.318,0.073,36.12,0.03934192063700096
34,121,-109.854,32.318,0.123,36.211,0.04570982557204326
34,122,-109.81,32.318,0.413,36.108,0.03736287036814774
34,123,-109.766,32.318,3.413,35.792,0.03174039854156575
34,124,-109.722,32.318,4.129,35.009,0.016082067802773617
34,125,-109.678,32.318,2.381,34.988,0.018641975499230985
34,126,-109.634,32.318,3.17,35.126,0.023914119204433263
34,127,-109.59,32.318,4.366,35.152,0.02735834067483672
34,128,-109.546,32.318,1.952,35.563,0.0178341869441781
34,129,-109.502,32.318,0.888,36.048,0.05160180018887452
34,130,-109.458,32.318,0.49,36.406,0.07577927975620903
34,131,-109.414,32.318,0.42,36.603,0.05114275089333617
34,132,-109.37,32.318,0.399,36.757,0.02552371073818946
34,133,-109.326,32.318,0.303,36.944,0.015975346016431174
34,134,-109.282,32.318,0.15,37.101,0.018835892224691397
34,135,-109.238,32.318,0.317,37.108,0.029228269169501594
34,136,-109.194,32.318,0.797,36.905,0.01469739356443954
34,137,-109.15,32.318,1.331,36.296,0.0016080216457753133
34,138,-109.106,32.318,4.326,35.343,0.010712896076957155
34,139,-109.062,32.318,3.917,33.936,0.013965197544340367
34,140,-109.018,32.318,3.997,33.821,0.005034047683418013
35,0,-115.178,32.362,0.064,37.37,
35,1,-115.134,32.362,0.043,37.37,
35,2,-115.09,32.362,0.061,37.37,
35,3,-115.046,32.362,0.071,37.37,
35,4,-115.002,32.362,0.18,37.37,
35,5,-114.958,32.362,0.19,37.37,
35,6,-114.914,32.362,0.188,37.37,
35,7,-114.87,32.362,0.208,37.37,
35,8,-114.826,32.362,0.098,37.37,
35,9,-114.782,32.362,0.162,37.37,
35,10,-114.738,32.362,0.105,37.37,
35,11,-114.694,32.362,0.122,37.37,
35,12,-114.65,32.362,0.139,37.37,
35,13,-114.606,32.362,0.093,39.5,
35,14,-114.562,32.362,0.214,40.641,
35,15,-114.518,32.362,0.302,40.654,
35,16,-114.474,32.362,0.318,41.535,
35,17,-114.43,32.362,0.458,41.871,0.0009608808905362962
35,18,-114.386,32.362,0.359,41.912,0.0006714476199637513
35,19,-114.342,32.362,0.375,41.956,0.002602228142873614
35,20,-114.298,32.362,0.456,42.037,0.006034593122172187
35,21,-114.254,32.362,0.462,42.151,0.008008122321671042
35,22,-114.21,32.362,0.703,42.151,0.010505411766209576
35,23,-114.166,32.362,0.67,41.58,0.013085539967785283
35,24,-114.122,32.362,4.438,40.397,0.01619967708384111
35,25,-114.078,32.362,5.525,40.879,0.01714712402523991
35,26,-114.034,32.362,0.565,41.485,0.01469647235175179
35,27,-113.99,32.362,0.417,41.492,0.007058988871453909
35,28,-113.946,32.362,0.729,40.73,0.0024316226454141163
35,29,-113.902,32.362,3.603,40.2,0.0035595113244977277
35,30,-113.858,32.362,5.451,40.201,0.010209456336191532
35,31,-113.814,32.362,7.393,40.451,0.017081140191928832
35,32,-113.77,32.362,1.803,41.084,0.01563219480434233
35,33,-113.726,32.362,0.548,41.367,0.013733765828044633
35,34,-113.682,32.362,0.393,41.412,0.01623162007385776
35,35,-113.638,32.362,3.541,41.004,0.01842259567040494
35,36,-113.594,32.362,4.964,41.165,0.020244733097302188
35,37,-113.55,32.362,0.573,41.369,0.017216745620914964
35,38,-113.506,32.362,0.383,41.366,0.016124838081180794
35,39,-113.462,32.362,0.448,41.24,0.018873060568433873
35,40,-113.418,32.362,1.013,41.406,0.02188187107258068
35,41,-113.374,32.362,0.944,41.404,0.022911343591944952
35,42,-113.33,32.362,1.148,41.175,0.0178627510874589
35,43,-113.286,32.362,8.114,40.72,0.01967489597347046
35,44,-113.242,32.362,0.731,41.071,0.028453148631921086
35,45,-113.198,32.362,0.22,41.067,0.027034457687667407
35,46,-113.154,32.362,0.345,40.94,0.02665412079105429
35,47,-113.11,32.362,3.511,40.498,0.029581521707911108
35,48,-113.066,32.362,6.17,40.094,0.03732610857729158
35,49,-113.022,32.362,1.204,40.286,0.03872940701072344
35,50,-112.978,32.362,1.386,40.251,0.029678086973602733
35,51,-112.934,32.362,3.408,39.976,0.026528554431373825
35,52,-112.89,32.362,4.332,40.05,0.029700123473633377
35,53,-112.846,32.362,3.765,40.204,0.021862566888175144
35,54,-112.802,32.362,0.55,40.236,0.03841656611515368
35,55,-112.758,32.362,0.476,40.069,0.038564612264845734
35,56,-112.714,32.362,3.103,39.647,0.056290622257825065
35,57,-112.67,32.362,3.246,39.339,0.05254672674605379
35,58,-112.626,32.362,4.16,38.446,0.058281629223390315
35,59,-112.582,32.362,6.627,37.535,0.07306023029948466
35,60,-112.538,32.362,2.144,38.487,0.03669292152802564
35,61,-112.494,32.362,0.392,38.954,0.020822928405089217
35,62,-112.45,32.362,0.987,38.862,0.01633083302578442
35,63,-112.406,32.362,1.93,38.541,0.01747316422470634
35,64,-112.362,32.362,1.413,38.612,0.016981277453493822
35,65,-112.318,32.362,0.413,39.163,0.029178594331175166
35,66,-112.274,32.362,1.339,39.251,0.06741700364840801
35,67,-112.23,32.362,2.424,39.18,0.06582692827393605
35,68,-112.186,32.362,0.628,39.496,0.04226381530676722
35,69,-112.142,32.362,1.136,39.689,0.03603085007423515
35,70,-112.098,32.362,1.244,39.834,0.04231535258028531
35,71,-112.054,32.362,0.671,40.145,0.03055507288162211
35,72,-112.01,32.362,0.263,40.439,0.05206849010373351
35,73,-111.966,32.362,0.229,40.41,0.038792558528552464
35,74,-111.922,32.362,1.309,40.119,0.032007533038006894
35,75,-111.878,32.362,12.257,38.677,0.06903882230193653
35,76,-111.834,32.362,2.38,39.238,0.03903988247661163
35,77,-111.79,32.362,0.88,39.846,0.04054589469569816
35,78,-111.746,32.362,0.255,40.009,0.06075770573184345
35,79,-111.702,32.362,0.266,39.96,0.03447521447116356
35,80,-111.658,32.362,0.537,39.766,0.02120635105794335
35,81,-111.614,32.362,0.845,39.43,0.021046371892689236
35,82,-111.57,32.362,1.453,39.017,0.025206987560520977
35,83,-111.526,32.362,1.047,38.604,0.018594480122746476
35,84,-111.482,32.362,5.377,38.313,0.024207799434290442
35,85,-111.438,32.362,2.128,38.712,0.0024272892219956896
35,86,-111.394,32.362,1.729,39.029,0.008853969633353448
35,87,-111.35,32.362,0.443,39.266,0.0033389715581749564
35,88,-111.306,32.362,0.233,39.276,0.06313615187487398
35,89,-111.262,32.362,0.28,39.187,0.040217245331721434
35,90,-111.218,32.362,0.822,39.139,0.037832541582136704
35,91,-111.174,32.362,2.864,39.058,0.027334067743996045
35,92,-111.13,32.362,3.327,39.123,0.042328629897604095
35,93,-111.086,32.362,0.91,39.091,0.04016577942245759
35,94,-111.042,32.362,1.084,38.811,0.048525711293829696
35,95,-110.998,32.362,1.064,38.603,0.053333038652014136
35,96,-110.954,32.362,6.05,37.979,0.06770972833764391
35,97,-110.91,32.362,13.434,35.534,0.07025898906917315
35,98,-110.866,32.362,16.859,32.247,0.08199122969593615
35,99,-110.822,32.362,14.001,31.805,0.08628690609664968
35,100,-110.778,32.362,14.219,34.356,0.08212475508318073
35,101,-110.734,32.362,10.584,31.871,0.12786012470115946
35,102,-110.69,32.362,9.024,30.249,0.17691329004922474
35,103,-110.646,32.362,9.239,31.202,0.10222037449216977
35,104,-110.602,32.362,4.386,34.479,0.06731645928799673
35,105,-110.558,32.362,4.267,35.59,0.07746757176129816
35,106,-110.514,32.362,3.36,36.148,0.06597285510962873
35,107,-110.47,32.362,2.201,36.976,0.05257159733831026
35,108,-110.426,32.362,2.506,37.292,0.07950380330420898
35,109,-110.382,32.362,2.768,36.9,0.05845174578320458
35,110,-110.338,32.362,3.62,36.233,0.06552310545140293
35,111,-110.294,32.362,3.97,35.463,0.06382987487757545
35,112,-110.25,32.362,3.686,34.897,0.06155779668819768
35,113,-110.206,32.362,3.201,34.337,0.0528606923476214
35,114,-110.162,32.362,3.172,33.431,0.05319733934384833
35,115,-110.118,32.362,6.605,31.877,0.12138227520793166
35,116,-110.074,32.362,11.046,30.598,0.201742309196424
35,117,-110.03,32.362,6.474,32.734,0.08588566006530064
35,118,-109.986,32.362,1.373,34.857,0.04160661640796815
35,119,-109.942,32.362,0.314,35.58,0.061575969872424266
35,120,-109.898,32.362,0.131,35.792,0.07650774610498638
35,121,-109.854,32.362,1.166,35.758,0.05176786396149251
35,122,-109.81,32.362,1.855,35.453,0.0389719628578718
35,123,-109.766,32.362,0.96,35.239,0.028793740521838786
35,124,-109.722,32.362,1.104,35.01,0.013407343708566452
35,125,-109.678,32.362,1.016,35.122,0.018121933572660648
35,126,-109.634,32.362,0.943,35.43,0.01648424791631044
35,127,-109.59,32.362,0.777,35.732,0.015246390287952946
35,128,-109.546,32.362,0.583,36.037,0.012703486976931338
35,129,-109.502,32.362,0.506,36.354,0.0505846054718986
35,130,-109.458,32.362,0.341,36.582,0.08067150310662559
35,131,-109.414,32.362,0.288,36.744,0.019524319863157405
35,132,-109.37,32.362,0.262,36.903,0.010777688097223953
35,133,-109.326,32.362,0.265,37.114,0.015820919058652492
35,134,-109.282,32.362,0.408,37.207,0.020930458964362603
35,135,-109.238,32.362,0.626,37.069,0.01882454602145371
35,136,-109.194,32.362,1.145,36.702,0.0021935863822403054
35,137,-109.15,32.362,4.646,35.978,-0.0011836606756620287
35,138,-109.106,32.362,6.341,34.841,0.01916635788581179
35,139,-109.062,32.362,6.519,32.747,0.03178958180763461
35,140,-109.018,32.362,4.717,33.062,0.007206451156076963
36,0,-115.178,32.406,0.091,37.37,
36,1,-115.134,32.406,0.06,37.37,
36,2,-115.09,32.406,0.064,37.37,
36,3,-115.046,32.406,0.062,37.37,
36,4,-115.002,32.406,0.131,37.37,
36,5,-114.958,32.406,0.152,37.37,
36,6,-114.914,32.406,0.129,37.37,
36,7,-114.87,32.406,0.182,37.37,
36,8,-114.826,32.406,0.172,37.37,
36,9,-114.782,32.406,0.174,38.946,
36,10,-114.738,32.406,0.138,40.715,
36,11,-114.694,32.406,0.201,40.764,
36,12,-114.65,32.406,0.184,40.791,
36,13,-114.606,32.406,0.083,41.387,0.004796642112124441
36,14,-114.562,32.406,0.198,41.72,0.00530072049685852
36,15,-114.518,32.406,0.343,41.752,0.003243235238739871
36,16,-114.474,32.406,0.41,41.829,0.005457189052723126
36,17,-114.43,32.406,0.373,41.89,0.005920251965735375
36,18,-114.386,32.406,0.34,41.936,0.004303895671186245
36,19,-114.342,32.406,0.556,42.031,0.005149070591469258
36,20,-114.298,32.406,0.69,42.124,0.0025831210456461963
36,21,-114.254,32.406,0.823,42.089,0.005515090753864672
36,22,-114.21,32.406,0.748,41.867,0.008412172549697455
36,23,-114.166,32.406,1.643,41.437,0.008517882809296969
36,24,-114.122,32.406,8.208,41.129,0.01059216642107154
36,25,-114.078,32.406,1.159,41.643,0.00821276365381043
36,26,-114.034,32.406,0.479,41.986,0.014862652299532748
36,27,-113.99,32.406,0.371,41.942,0.015221028338081232
36,28,-113.946,32.406,2.499,41.506,0.01708160451611934
36,29,-113.902,32.406,6.606,41.13,0.014071415429878218
36,30,-113.858,32.406,2.442,41.212,0.014594737322325503
36,31,-113.814,32.406,3.898,41.373,0.015328215305382415
36,32,-113.77,32.406,2.096,41.54,0.017778033617652303
36,33,-113.726,32.406,0.534,41.581,0.017399767258576483
36,34,-113.682,32.406,0.435,41.522,0.017283143800341356
36,35,-113.638,32.406,2.801,41.426,0.01633254327480573
36,36,-113.594,32.406,0.739,41.521,0.018673189921385044
36,37,-113.55,32.406,0.387,41.532,0.017692603638226886
36,38,-113.506,32.406,1.219,41.217,0.018468021123349318
36,39,-113.462,32.406,6.775,40.896,0.017218177406093743
36,40,-113.418,32.406,3.123,41.482,0.02212753593241032
36,41,-113.374,32.406,0.374,41.433,0.02273848381696522
36,42,-113.33,32.406,3.028,41.084,0.020325083173359106
36,43,-113.286,32.406,4.746,40.778,0.02037514999380278
36,44,-113.242,32.406,0.834,41.055,0.023392295602499672
36,45,-113.198,32.406,0.255,41.028,0.028047413180508553
36,46,-113.154,32.406,0.727,40.808,0.02858446615554957
36,47,-113.11,32.406,8.89,40.231,0.03866149060557818
36,48,-113.066,32.406,2.084,40.02,0.02921316782241031
36,49,-113.022,32.406,0.563,40.396,0.018236848813202845
36,50,-112.978,32.406,0.818,40.257,0.017929838457383072
36,51,-112.934,32.406,3.34,40.072,0.03550546838954546
36,52,-112.89,32.406,2.165,40.197,0.025355574254043937
36,53,-112.846,32.406,1.225,40.305,0.023883808718599672
36,54,-112.802,32.406,0.687,40.248,0.03684878701085103
36,55,-112.758,32.406,0.453,39.97,0.035927684217281694
36,56,-112.714,32.406,1.797,39.318,0.057321223705945085
36,57,-112.67,32.406,1.615,39.112,0.046963303860725523
36,58,-112.626,32.406,4.708,38.256,0.05395911437152862
36,59,-112.582,32.406,4.207,37.237,0.06845997673076021
36,60,-112.538,32.406,1.578,38.039,0.02935230379924231
36,61,-112.494,32.406,0.457,38.709,0.0299065686295819
36,62,-112.45,32.406,1.345,38.437,0.00927011552087934
36,63,-112.406,32.406,3.848,37.663,0.028714932203800444
36,64,-112.362,32.406,4.784,37.78,0.030439132705232654
36,65,-112.318,32.406,2.682,38.591,0.0303775834856047
36,66,-112.274,32.406,1.528,38.996,0.04998515295003761
36,67,-112.23,32.406,2.786,38.866,0.056327224674257756
36,68,-112.186,32.406,1.057,39.003,0.04461855253328235
36,69,-112.142,32.406,3.113,39.187,0.04063795768733969
36,70,-112.098,32.406,5.856,39.533,0.05649739721524767
36,71,-112.054,32.406,0.853,40.198,0.03691339688787909
36,72,-112.01,32.406,0.289,40.509,0.04311808168219196
36,73,-111.966,32.406,0.2,40.479,0.04109014039436395
36,74,-111.922,32.406,1.279,40.247,0.0279925391052286
36,75,-111.878,32.406,6.868,39.305,0.049080223023814075
36,76,-111.834,32.406,1.42,39.643,0.02662433145108288
36,77,-111.79,32.406,0.54,40.047,0.03732856573010226
36,78,-111.746,32.406,0.237,40.15,0.04389210744334426
36,79,-111.702,32.406,0.383,40.083,0.027248971986956066
36,80,-111.658,32.406,0.549,39.814,0.01936264800749978
36,81,-111.614,32.406,0.711,39.401,0.024667437990776822
36,82,-111.57,32.406,1.273,38.879,0.02128087096879251
36,83,-111.526,32.406,3.913,37.831,9.06183387801213e-05
36,84,-111.482,32.406,5.459,37.442,0.015813465273838576
36,85,-111.438,32.406,1.252,38.819,-0.010585863799862332
36,86,-111.394,32.406,0.8,39.209,-0.014528656092381933
36,87,-111.35,32.406,0.418,39.395,-0.015065350364374031
36,88,-111.306,32.406,0.211,39.419,0.03920715124194465
36,89,-111.262,32.406,0.228,39.316,0.06796983702065389
36,90,-111.218,32.406,0.308,39.249,0.09614329232913271
36,91,-111.174,32.406,0.378,39.223,0.038291581029870805
36,92,-111.13,32.406,1.091,39.178,0.044569178093065626
36,93,-111.086,32.406,1.416,38.838,0.032281464159478995
36,94,-111.042,32.406,1.105,38.423,0.033395631059699664
36,95,-110.998,32.406,1.472,38.231,0.06357944563689621
36,96,-110.954,32.406,4.024,38.066,0.08176184547881447
36,97,-110.91,32.406,12.659,37.21,0.08400510799042145
36,98,-110.866,32.406,14.959,34.408,0.10227647030438225
36,99,-110.822,32.406,16.197,30.355,0.14345484787157228
36,100,-110.778,32.406,14.472,28.467,0.16633398859056586
36,101,-110.734,32.406,10.162,27.3,0.21142232818381082
36,102,-110.69,32.406,10.945,27.981,0.21283844719549871
36,103,-110.646,32.406,12.08,31.615,0.1275957771370318
36,104,-110.602,32.406,5.129,34.528,0.06410552922449468
36,105,-110.558,32.406,4.725,36.114,0.0874189580533531
36,106,-110.514,32.406,3.643,36.9,0.06200900653612628
36,107,-110.47,32.406,2.072,37.506,0.05579198357349377
36,108,-110.426,32.406,2.664,37.217,0.0625123860615757
36,109,-110.382,32.406,2.971,36.37,0.060797764342183626
36,110,-110.338,32.406,3.465,35.68,0.06975288365651433
36,111,-110.294,32.406,4.165,34.961,0.05313420124324316
36,112,-110.25,32.406,4.429,33.936,0.04235034913856743
36,113,-110.206,32.406,4.497,33.454,0.04540663203783449
36,114,-110.162,32.406,4.987,32.889,0.04404348750202931
36,115,-110.118,32.406,9.649,31.732,0.11226306995211094
36,116,-110.074,32.406,11.955,32.443,0.1391641202826079
36,117,-110.03,32.406,4.625,34.08,0.06770371844833355
36,118,-109.986,32.406,0.518,35.143,0.051528959029890305
36,119,-109.942,32.406,0.126,35.413,0.07543063038116872
36,120,-109.898,32.406,0.395,35.446,0.06726216326198953
36,121,-109.854,32.406,0.756,35.254,0.03601992037326135
36,122,-109.81,32.406,1.146,34.83,0.03463977994380092
36,123,-109.766,32.406,1.342,34.377,0.02816875597393652
36,124,-109.722,32.406,2.361,34.108,0.02480369405070789
36,125,-109.678,32.406,1.226,34.504,0.021248808592829845
36,126,-109.634,32.406,2.055,35.109,0.018421177579138
36,127,-109.59,32.406,3.94,35.539,0.0032332467378333794
36,128,-109.546,32.406,1.298,36.198,0.005721403430827649
36,129,-109.502,32.406,0.439,36.549,0.007978651328976885
36,130,-109.458,32.406,0.329,36.704,0.03581946688147635
36,131,-109.414,32.406,0.259,36.858,0.016094772643142387
36,132,-109.37,32.406,0.369,37.072,0.014534515920246622
36,133,-109.326,32.406,0.563,37.27,0.016959790118703123
36,134,-109.282,32.406,0.637,37.191,0.00850369451602783
36,135,-109.238,32.406,3.308,36.658,0.014361923291503957
36,136,-109.194,32.406,3.971,35.894,0.007095879609232891
36,137,-109.15,32.406,4.474,34.895,0.005842442562697634
36,138,-109.106,32.406,7.821,34.15,0.02081419300588947
36,139,-109.062,32.406,8.433,33.317,0.024748425130876828
36,140,-109.018,32.406,2.807,34.27,0.00028361889793432436
37,0,-115.178,32.45,0.056,37.37,
37,1,-115.134,32.45,0.079,37.37,
37,2,-115.09,32.45,0.058,37.37,
37,3,-115.046,32.45,0.062,37.37,
37,4,-115.002,32.45,0.127,37.37,
37,5,-114.958,32.45,0.166,37.37,
37,6,-114.914,32.45,0.163,37.37,
37,7,-114.87,32.45,0.113,37.37,0.18580994790530103
37,8,-114.826,32.45,0.283,38.859,0.10827181975815821
37,9,-114.782,32.45,0.102,41.178,0.04136582732687662
37,10,-114.738,32.45,0.097,41.575,0.03741100720292705
37,11,-114.694,32.45,0.058,41.628,0.008380415026621566
37,12,-114.65,32.45,0.063,41.664,0.011276105315566273
37,13,-114.606,32.45,0.082,41.695,0.009527558872899258
37,14,-114.562,32.45,0.274,41.758,0.011140661130796021
37,15,-114.518,32.45,0.375,41.829,0.005441286881157199
37,16,-114.474,32.45,0.455,41.868,0.00533427601452675
37,17,-114.43,32.45,0.313,41.905,0.0041002132069637995
37,18,-114.386,32.45,0.376,41.956,0.00038554264937330296
37,19,-114.342,32.45,0.61,42.032,-0.0005923538554504013
37,20,-114.298,32.45,1.08,41.994,-0.004671238240104621
37,21,-114.254,32.45,1.187,41.426,-0.0006767509913903391
37,22,-114.21,32.45,2.119,40.813,0.01031159241027207
37,23,-114.166,32.45,5.806,41.25,0.018515248131102363
37,24,-114.122,32.45,1.211,41.988,0.013453018399543232
37,25,-114.078,32.45,0.58,42.139,0.013229288458956975
37,26,-114.034,32.45,0.48,42.049,0.013318271868597652
37,27,-113.99,32.45,1.657,41.768,0.012903178192427645
37,28,-113.946,32.45,0.828,41.725,0.016374732432808185
37,29,-113.902,32.45,0.894,41.736,0.016887730845255803
37,30,-113.858,32.45,0.564,41.727,0.01767677863104719
37,31,-113.814,32.45,0.561,41.753,0.0130325815568077
37,32,-113.77,32.45,0.418,41.754,0.014034523744719975
37,33,-113.726,32.45,0.368,41.729,0.018531091115682737
37,34,-113.682,32.45,0.327,41.666,0.020614818890633654
37,35,-113.638,32.45,0.502,41.651,0.02227980325184612
37,36,-113.594,32.45,0.284,41.653,0.01974581263572048
37,37,-113.55,32.45,0.303,41.614,0.01921298494239902
37,38,-113.506,32.45,2.269,41.444,0.018607897785054724
37,39,-113.462,32.45,4.285,41.414,0.015856742574001794
37,40,-113.418,32.45,0.376,41.555,0.019546225848414766
37,41,-113.374,32.45,1.103,41.388,0.02244363674948216
37,42,-113.33,32.45,5.038,41.008,0.025990990874516423
37,43,-113.286,32.45,3.932,40.987,0.027961615447941242
37,44,-113.242,32.45,0.406,41.087,0.023495681283597962
37,45,-113.198,32.45,0.281,41.01,0.020289278156639803
37,46,-113.154,32.45,0.57,40.796,0.02101036211304634
37,47,-113.11,32.45,5.937,40.229,0.03667392443326066
37,48,-113.066,32.45,6.27,40.042,0.0366765032057819
37,49,-113.022,32.45,0.541,40.458,0.017455461174021584
37,50,-112.978,32.45,3.215,40.045,0.02258683565982398
37,51,-112.934,32.45,7.689,39.777,0.03607503182220222
37,52,-112.89,32.45,1.323,40.173,0.022243534532475438
37,53,-112.846,32.45,0.503,40.349,0.02896989044970552
37,54,-112.802,32.45,1.842,39.992,0.02638547916265242
37,55,-112.758,32.45,3.573,39.141,0.025014036002914325
37,56,-112.714,32.45,5.956,38.583,0.04411895024676368
37,57,-112.67,32.45,2.086,38.676,0.04274488118636465
37,58,-112.626,32.45,4.904,37.915,0.053514983676688284
37,59,-112.582,32.45,7.985,36.595,0.07482082499465897
37,60,-112.538,32.45,2.889,37.781,0.023219240760117516
37,61,-112.494,32.45,0.399,38.393,0.0055075782002081
37,62,-112.45,32.45,1.958,38.06,0.020978397071731863
37,63,-112.406,32.45,6.898,37.442,0.052248607296754415
37,64,-112.362,32.45,4.799,37.582,0.026758454871392424
37,65,-112.318,32.45,1.847,38.452,0.022797735462579346
37,66,-112.274,32.45,0.379,38.96,0.033486085548204404
37,67,-112.23,32.45,2.086,38.875,0.0448490885077893
37,68,-112.186,32.45,1.476,38.699,0.047751251517863615
37,69,-112.142,32.45,3.58,38.749,0.04632115464789213
37,70,-112.098,32.45,3.309,39.383,0.054872498188185966
37,71,-112.054,32.45,0.745,40.23,0.0323576592331572
37,72,-112.01,32.45,0.289,40.53,0.04472524234090989
37,73,-111.966,32.45,0.155,40.538,0.04439686541127493
37,74,-111.922,32.45,0.55,40.424,0.029194102812830112
37,75,-111.878,32.45,3.054,40.136,0.03452965083663317
37,76,-111.834,32.45,0.739,40.198,0.02314536635902426
37,77,-111.79,32.45,0.361,40.281,0.05422744873055378
37,78,-111.746,32.45,0.216,40.303,0.0844613307457029
37,79,-111.702,32.45,0.426,40.244,0.038142756338853716
37,80,-111.658,32.45,0.895,39.905,0.03307918884188073
37,81,-111.614,32.45,2.105,39.576,0.04267534505855232
37,82,-111.57,32.45,2.143,39.283,0.026023637806245347
37,83,-111.526,32.45,5.039,38.667,0.00734307808959338
37,84,-111.482,32.45,5.575,38.45,0.00985297265921131
37,85,-111.438,32.45,0.957,39.064,-0.01009323640238855
37,86,-111.394,32.45,0.624,39.453,-0.01132186884598351
37,87,-111.35,32.45,0.425,39.636,-0.009932107282489137
37,88,-111.306,32.45,0.307,39.619,0.06746786327656963
37,89,-111.262,32.45,0.239,39.473,0.13763324619037062
37,90,-111.218,32.45,0.226,39.348,0.08730448810172683
37,91,-111.174,32.45,0.584,39.175,0.018142910764830912
37,92,-111.13,32.45,1.54,38.841,0.026779433960153098
37,93,-111.086,32.45,1.894,38.242,0.055260566052719985
37,94,-111.042,32.45,1.996,37.635,0.05013238089634621
37,95,-110.998,32.45,0.907,37.615,0.08031560877550764
37,96,-110.954,32.45,1.374,37.732,0.076450416315999
37,97,-110.91,32.45,2.57,37.722,0.0751206991563963
37,98,-110.866,32.45,10.234,36.806,0.07751111197110597
37,99,-110.822,32.45,16.124,32.383,0.1594391069745597
37,100,-110.778,32.45,13.072,27.99,0.18738991723082088
37,101,-110.734,32.45,13.048,27.993,0.19202409542734955
37,102,-110.69,32.45,11.571,31.733,0.1559964742271746
37,103,-110.646,32.45,9.736,33.388,0.08714090156721005
37,104,-110.602,32.45,4.631,35.2,0.06488201921657537
37,105,-110.558,32.45,2.075,36.364,0.07092540019050184
37,106,-110.514,32.45,2.525,37.243,0.05850478851399887
37,107,-110.47,32.45,2.169,37.631,0.06711735595015383
37,108,-110.426,32.45,3.289,36.996,0.06766303185958185
37,109,-110.382,32.45,4.38,35.963,0.06653144627745818
37,110,-110.338,32.45,6.407,34.996,0.08413866969473997
37,111,-110.294,32.45,5.917,34.221,0.0759487008953167
37,112,-110.25,32.45,9.266,32.536,0.09716497061233127
37,113,-110.206,32.45,5.799,32.244,0.04552107674531581
37,114,-110.162,32.45,2.919,32.88,0.03686207091510582
37,115,-110.118,32.45,7.697,32.714,0.046013593567299206
37,116,-110.074,32.45,4.167,33.946,0.03430314007286538
37,117,-110.03,32.45,1.54,34.816,0.05390329442074657
37,118,-109.986,32.45,0.321,35.059,0.09985569197595964
37,119,-109.942,32.45,0.323,35.177,0.08081351742571143
37,120,-109.898,32.45,0.695,35.099,0.0320163192770617
37,121,-109.854,32.45,1.314,34.781,0.030417136484802872
37,122,-109.81,32.45,2.607,34.071,0.028110627669950462
37,123,-109.766,32.45,2.936,33.075,0.03777980514075928
37,124,-109.722,32.45,3.491,32.974,0.05085329308291957
37,125,-109.678,32.45,1.74,34.108,0.022811509402777937
37,126,-109.634,32.45,1.333,35.055,0.01751529714304763
37,127,-109.59,32.45,1.037,35.701,0.020099629732049807
37,128,-109.546,32.45,0.847,36.288,0.014455530054291793
37,129,-109.502,32.45,0.575,36.719,0.01926922765683631
37,130,-109.458,32.45,0.409,36.911,0.017359700443249165
37,131,-109.414,32.45,0.334,37.046,0.006419470432377284
37,132,-109.37,32.45,0.549,37.332,0.021610010051373377
37,133,-109.326,32.45,0.522,37.426,0.010611907952955248
37,134,-109.282,32.45,0.677,37.186,0.006762658352082254
37,135,-109.238,32.45,2.471,36.728,0.009273089779238327
37,136,-109.194,32.45,4.764,35.646,0.005953468206346334
37,137,-109.15,32.45,5.144,34.728,0.0034346906849764334
37,138,-109.106,32.45,4.539,34.135,0.0059488980812022986
37,139,-109.062,32.45,2.711,34.261,0.004528413145508844
37,140,-109.018,32.45,0.825,35.017,-0.016855369402633477
38,0,-115.178,32.494,0.082,37.37,
38,1,-115.134,32.494,0.082,37.37,
38,2,-115.09,32.494,0.095,37.37,
38,3,-115.046,32.494,0.068,37.37,
38,4,-115.002,32.494,0.09,37.37,
38,5,-114.958,32.494,0.087,37.37,
38,6,-114.914,32.494,0.118,37.37,
38,7,-114.87,32.494,0.141,38.759,0.10250776522853382
38,8,-114.826,32.494,0.201,41.202,0.09412242130252632
38,9,-114.782,32.494,0.345,41.516,0.0879729084670918
38,10,-114.738,32.494,0.09,41.585,0.017666790475501085
38,11,-114.694,32.494,0.071,41.632,0.016402559673986187
38,12,-114.65,32.494,0.06,41.665,0.010791633124055549
38,13,-114.606,32.494,0.301,41.787,0.014397288333458224
38,14,-114.562,32.494,0.404,41.888,0.008299643428024823
38,15,-114.518,32.494,0.378,41.882,0.005832963976047578
38,16,-114.474,32.494,0.319,41.918,0.002032677529658902
38,17,-114.43,32.494,0.3,41.961,-0.0026085770923228737
38,18,-114.386,32.494,0.399,42.008,-0.005270203670747225
38,19,-114.342,32.494,0.502,42.062,0.0004180833782467169
38,20,-114.298,32.494,3.598,40.984,0.0040903994776502655
38,21,-114.254,32.494,1.743,40.668,0.005326910401493586
38,22,-114.21,32.494,9.153,40.801,0.016803746345773838
38,23,-114.166,32.494,2.767,42.047,0.011872206800071512
38,24,-114.122,32.494,0.641,42.179,0.012456001399836538
38,25,-114.078,32.494,0.464,42.159,0.015664722039892845
38,26,-114.034,32.494,1.518,41.495,0.012485184280716372
38,27,-113.99,32.494,10.407,40.657,0.009451897989755181
38,28,-113.946,32.494,3.208,41.681,0.014869477810524376
38,29,-113.902,32.494,0.468,41.957,0.020054183641782065
38,30,-113.858,32.494,0.443,41.931,0.018874840834986962
38,31,-113.814,32.494,0.448,41.909,0.014403259658439773
38,32,-113.77,32.494,0.365,41.879,0.012259246197644695
38,33,-113.726,32.494,0.297,41.857,0.014104924724386358
38,34,-113.682,32.494,0.277,41.798,0.019424685057167077
38,35,-113.638,32.494,0.262,41.747,0.023777038461713175
38,36,-113.594,32.494,0.21,41.704,0.01998756227219466
38,37,-113.55,32.494,3.422,41.239,0.01531594713629179
38,38,-113.506,32.494,4.743,41.464,0.019857470987591608
38,39,-113.462,32.494,0.953,41.581,0.02669825341229762
38,40,-113.418,32.494,0.212,41.567,0.02871609914486481
38,41,-113.374,32.494,1.297,41.411,0.02170417030800647
38,42,-113.33,32.494,4.667,41.235,0.01758549058543616
38,43,-113.286,32.494,1.283,41.178,0.020348124462539804
38,44,-113.242,32.494,0.258,41.091,0.020156236940182853
38,45,-113.198,32.494,0.379,40.924,0.022925789224962488
38,46,-113.154,32.494,2.192,40.528,0.03632569846030245
38,47,-113.11,32.494,6.853,40.185,0.046461774888393786
38,48,-113.066,32.494,1.684,40.519,0.0279084989820042
38,49,-113.022,32.494,0.882,40.521,0.024095367472460633
38,50,-112.978,32.494,4.61,40.411,0.028995451417421637
38,51,-112.934,32.494,3.875,40.323,0.029233642163389893
38,52,-112.89,32.494,2.284,40.296,0.017404762105664315
38,53,-112.846,32.494,3.032,40.291,0.025768076966749782
38,54,-112.802,32.494,2.301,40.115,0.023127259824539823
38,55,-112.758,32.494,4.849,39.581,0.026924030170079417
38,56,-112.714,32.494,3.994,39.129,0.040508477628770356
38,57,-112.67,32.494,2.358,38.73,0.03937791185687063
38,58,-112.626,32.494,4.055,37.863,0.0478808413179529
38,59,-112.582,32.494,4.633,37.523,0.061739615880638594
38,60,-112.538,32.494,2.863,37.478,0.02719742950674719
38,61,-112.494,32.494,1.087,37.85,0.0010148144489351702
38,62,-112.45,32.494,2.423,37.626,0.018018292117985037
38,63,-112.406,32.494,1.765,37.85,0.022730005171272355
38,64,-112.362,32.494,1.619,38.268,0.008130444418529132
38,65,-112.318,32.494,1.754,38.531,0.02158609129517045
38,66,-112.274,32.494,0.962,38.873,0.03585796705961322
38,67,-112.23,32.494,1.343,38.895,0.04448140961350713
38,68,-112.186,32.494,2.231,38.8,0.056391739099498066
38,69,-112.142,32.494,2.599,39.234,0.044025529415237144
38,70,-112.098,32.494,1.976,39.801,0.04939562279742979
38,71,-112.054,32.494,0.528,40.215,0.029649883928340056
38,72,-112.01,32.494,0.301,40.461,0.03623781803565562
38,73,-111.966,32.494,0.189,40.544,0.0471211789671654
38,74,-111.922,32.494,0.536,40.388,0.027030193320232355
38,75,-111.878,32.494,0.962,40.011,0.03948039519517512
38,76,-111.834,32.494,0.698,40.215,0.026604085887575325
38,77,-111.79,32.494,0.193,40.462,0.047510241336552975
38,78,-111.746,32.494,0.22,40.47,0.03589881899550574
38,79,-111.702,32.494,1.446,40.302,0.03460791123864197
38,80,-111.658,32.494,4.462,39.628,0.03773932944701442
38,81,-111.614,32.494,1.212,40.126,0.039388891660845256
38,82,-111.57,32.494,1.754,39.911,0.038749007506805454
38,83,-111.526,32.494,1.17,39.667,0.02313236068743911
38,84,-111.482,32.494,1.868,39.465,0.032210067767427616
38,85,-111.438,32.494,1.924,39.473,0.021854196176575948
38,86,-111.394,32.494,0.754,39.77,0.021681574879286153
38,87,-111.35,32.494,0.309,39.917,0.051528124796808156
38,88,-111.306,32.494,0.145,39.8,0.10989986740374294
38,89,-111.262,32.494,0.322,39.61,0.0829319636318475
38,90,-111.218,32.494,0.801,39.31,0.019942698481188573
38,91,-111.174,32.494,1.13,38.96,0.0052329434213347695
38,92,-111.13,32.494,3.629,38.297,0.03824422343406059
38,93,-111.086,32.494,8.114,36.915,0.07165701037267652
38,94,-111.042,32.494,6.803,35.821,0.09548709549063839
38,95,-110.998,32.494,4.425,36.177,0.0958401149646111
38,96,-110.954,32.494,1.24,37.014,0.06950642930333761
38,97,-110.91,32.494,1.369,37.262,0.06225373953962674
38,98,-110.866,32.494,4.175,37.037,0.057005016297314144
38,99,-110.822,32.494,16.137,34.464,0.11593402179447274
38,100,-110.778,32.494,11.604,31.671,0.1481220006119127
38,101,-110.734,32.494,12.43,29.699,0.15076492086702908
38,102,-110.69,32.494,5.5,32.912,0.10203774428114092
38,103,-110.646,32.494,3.869,34.628,0.07588246819378391
38,104,-110.602,32.494,3.223,35.749,0.06500185956157718
38,105,-110.558,32.494,2.137,36.694,0.06678259972249494
38,106,-110.514,32.494,1.812,37.459,0.06434217586128686
38,107,-110.47,32.494,2.072,37.677,0.07357762861544645
38,108,-110.426,32.494,2.353,37.071,0.06487265796168339
38,109,-110.382,32.494,4.168,35.973,0.06807877465324536
38,110,-110.338,32.494,8.873,34.414,0.10653588563801447
38,111,-110.294,32.494,10.881,32.486,0.1068888592026629
38,112,-110.25,32.494,11.155,31.508,0.13697653569946205
38,113,-110.206,32.494,4.08,32.708,0.06131777536752637
38,114,-110.162,32.494,4.354,33.568,0.032413696907303835
38,115,-110.118,32.494,4.25,34.069,0.028464176664312894
38,116,-110.074,32.494,1.169,34.639,0.014743010921467856
38,117,-110.03,32.494,0.385,34.932,0.0637728130869083
38,118,-109.986,32.494,0.267,34.988,0.13131459119982117
38,119,-109.942,32.494,0.545,35.004,0.07994142571776489
38,120,-109.898,32.494,0.828,34.822,0.03886610724525717
38,121,-109.854,32.494,1.495,34.372,0.0430122396100476
38,122,-109.81,32.494,5.617,33.241,0.04443569776722059
38,123,-109.766,32.494,8.139,32.05,0.067466370267534
38,124,-109.722,32.494,3.659,32.292,0.06864087563424785
38,125,-109.678,32.494,1.734,33.997,0.036679090349702216
38,126,-109.634,32.494,1.358,35.188,0.026633952579016587
38,127,-109.59,32.494,1.131,35.9,0.020777276390171528
38,128,-109.546,32.494,1.007,36.498,0.0157816697939695
38,129,-109.502,32.494,0.666,36.958,0.017837575791090222
38,130,-109.458,32.494,0.663,37.208,0.02314396181976182
38,131,-109.414,32.494,0.651,37.383,0.014816225663588218
38,132,-109.37,32.494,0.404,37.487,0.01559258211283877
38,133,-109.326,32.494,0.52,37.425,0.008895987934113577
38,134,-109.282,32.494,0.68,37.141,0.0011902233410725415
38,135,-109.238,32.494,1.935,36.699,0.0049770608381586685
38,136,-109.194,32.494,4.629,35.71,0.0030475318305113303
38,137,-109.15,32.494,1.914,35.026,-0.0048637222441996345
38,138,-109.106,32.494,2.091,34.941,-0.003946767025754929
38,139,-109.062,32.494,1.532,35.232,0.002830692956761915
38,140,-109.018,32.494,0.762,35.624,-0.009456771383665567
39,0,-115.178,32.538,0.0,37.37,
39,1,-115.134,32.538,0.0,37.37,
39,2,-115.09,32.538,0.0,37.37,
39,3,-115.046,32.538,0.0,37.37,
39,4,-115.002,32.538,0.078,37.37,
39,5,-114.958,32.538,0.102,37.37,
39,6,-114.914,32.538,0.109,37.37,
39,7,-114.87,32.538,0.138,38.94,0.1822517289123701
39,8,-114.826,32.538,0.084,41.472,0.12860264858535922
39,9,-114.782,32.538,0.074,41.502,0.1300314258942307
39,10,-114.738,32.538,0.321,41.569,0.11190157134063325
39,11,-114.694,32.538,0.217,41.655,0.020140634877847393
39,12,-114.65,32.538,0.096,41.74,0.11065797258572493
39,13,-114.606,32.538,0.413,41.831,0.08152118966128703
39,14,-114.562,32.538,0.481,41.879,0.0018373661323163233
39,15,-114.518,32.538,0.305,41.899,-2.5363309188169894e-06
39,16,-114.474,32.538,0.353,41.998,0.006393569420794387
39,17,-114.43,32.538,0.334,42.076,0.0037946293631091117
39,18,-114.386,32.538,0.512,42.146,0.008009973982557607
39,19,-114.342,32.538,2.047,41.873,0.0026917521225880586
39,20,-114.298,32.538,6.909,40.522,0.007101815962199918
39,21,-114.254,32.538,10.625,40.371,0.006976104545869464
39,22,-114.21,32.538,9.998,41.275,0.0014536580583941693
39,23,-114.166,32.538,0.927,42.265,0.006282816360304607
39,24,-114.122,32.538,0.7,42.128,0.007374489961664053
39,25,-114.078,32.538,0.533,42.131,0.013013765009848088
39,26,-114.034,32.538,3.017,42.109,0.010486101101597622
39,27,-113.99,32.538,5.583,41.909,0.00968025503407766
39,28,-113.946,32.538,1.298,42.093,0.014084202882974297
39,29,-113.902,32.538,0.498,42.118,0.013289815088787264
39,30,-113.858,32.538,0.38,42.091,0.013561969933842953
39,31,-113.814,32.538,0.363,42.055,0.016311079465093116
39,32,-113.77,32.538,0.304,42.007,0.017347955428730074
39,33,-113.726,32.538,0.256,41.966,0.016571259227071568
39,34,-113.682,32.538,0.226,41.881,0.017481174819168985
39,35,-113.638,32.538,0.403,41.756,0.019221804484822014
39,36,-113.594,32.538,2.435,41.671,0.021926361535013043
39,37,-113.55,32.538,3.498,41.652,0.023266505391394462
39,38,-113.506,32.538,1.423,41.672,0.021856272822777065
39,39,-113.462,32.538,0.243,41.616,0.020786559424498096
39,40,-113.418,32.538,0.198,41.559,0.019319920823316808
39,41,-113.374,32.538,0.272,41.406,0.01836857772939223
39,42,-113.33,32.538,0.501,41.231,0.031196230397832387
39,43,-113.286,32.538,0.537,41.109,0.030677332187766228
39,44,-113.242,32.538,0.372,40.966,0.025022039141672545
39,45,-113.198,32.538,0.519,40.837,0.02484925086631977
39,46,-113.154,32.538,3.373,40.743,0.035962281086887316
39,47,-113.11,32.538,1.86,40.696,0.03855886535837397
39,48,-113.066,32.538,0.315,40.695,0.02506483528971678
39,49,-113.022,32.538,0.669,40.613,0.028963287357798052
39,50,-112.978,32.538,0.321,40.486,0.029172894975709598
39,51,-112.934,32.538,0.411,40.325,0.022681545504986036
39,52,-112.89,32.538,1.162,40.269,0.011234849314518043
39,53,-112.846,32.538,1.239,40.306,0.023752726616565304
39,54,-112.802,32.538,0.602,40.177,0.02820889077880665
39,55,-112.758,32.538,0.795,39.832,0.03225600581503401
39,56,-112.714,32.538,1.334,39.261,0.04125742465622038
39,57,-112.67,32.538,2.889,38.429,0.04158161861422404
39,58,-112.626,32.538,2.171,38.147,0.04682794360603314
39,59,-112.582,32.538,3.822,37.718,0.06147331937614868
39,60,-112.538,32.538,3.549,37.171,0.028717640403333255
39,61,-112.494,32.538,5.001,37.422,0.006452261607795484
39,62,-112.45,32.538,4.078,37.352,0.02597359983171599
39,63,-112.406,32.538,1.16,37.798,0.020199427803845725
39,64,-112.362,32.538,1.441,38.116,0.012755788353614064
39,65,-112.318,32.538,0.775,38.487,0.014117104760982348
39,66,-112.274,32.538,1.493,38.837,0.04145174777639727
39,67,-112.23,32.538,1.184,39.055,0.047798318823969003
39,68,-112.186,32.538,2.555,39.141,0.05204092656391692
39,69,-112.142,32.538,1.357,39.491,0.04578960124466466
39,70,-112.098,32.538,0.983,39.768,0.04611498920558134
39,71,-112.054,32.538,0.433,40.106,0.026820557745844846
39,72,-112.01,32.538,0.314,40.424,0.033917029894367484
39,73,-111.966,32.538,0.285,40.578,0.04241870073369421
39,74,-111.922,32.538,1.188,40.29,0.029834777053729097
39,75,-111.878,32.538,6.544,39.53,0.05583219476185975
39,76,-111.834,32.538,1.82,40.236,0.027359077383072368
39,77,-111.79,32.538,0.188,40.597,0.037780708588705456
39,78,-111.746,32.538,0.198,40.596,0.045504811240401094
39,79,-111.702,32.538,0.893,40.565,0.061039368727673037
39,80,-111.658,32.538,1.763,40.484,0.056285548249550885
39,81,-111.614,32.538,0.52,40.505,0.054514536985610956
39,82,-111.57,32.538,0.678,40.383,0.04973036046977497
39,83,-111.526,32.538,0.758,40.25,0.043605805472886415
39,84,-111.482,32.538,1.235,40.152,0.04031922928830381
39,85,-111.438,32.538,2.64,40.119,0.04079865647058864
39,86,-111.394,32.538,0.879,40.174,0.13408463924898945
39,87,-111.35,32.538,0.167,40.116,0.0192053566246679
39,88,-111.306,32.538,0.255,39.976,0.0416251671415923
39,89,-111.262,32.538,0.68,39.676,0.011008537040760973
39,90,-111.218,32.538,0.929,39.235,0.006198687793150417
39,91,-111.174,32.538,0.992,38.792,0.00813409559530328
39,92,-111.13,32.538,2.598,38.315,0.03758510867205786
39,93,-111.086,32.538,6.484,36.871,0.07891901953411269
39,94,-111.042,32.538,4.591,35.525,0.07725209756117715
39,95,-110.998,32.538,2.01,35.905,0.06549618557791317
39,96,-110.954,32.538,0.997,36.625,0.05584507918324968
39,97,-110.91,32.538,1.613,36.735,0.04475481489877632
39,98,-110.866,32.538,3.235,36.582,0.05466258947267828
39,99,-110.822,32.538,9.152,35.49,0.06636755236331209
39,100,-110.778,32.538,10.152,34.165,0.09899055309443056
39,101,-110.734,32.538,10.052,31.924,0.1578427443531548
39,102,-110.69,32.538,3.968,33.949,0.08889505633396018
39,103,-110.646,32.538,2.46,35.099,0.06329178180677163
39,104,-110.602,32.538,2.227,36.028,0.06370108038646477
39,105,-110.558,32.538,1.697,37.043,0.07263900167461179
39,106,-110.514,32.538,1.964,37.666,0.08076155247311495
39,107,-110.47,32.538,2.224,37.699,0.06085186563914637
39,108,-110.426,32.538,2.24,36.863,0.06901847014796295
39,109,-110.382,32.538,5.329,35.24,0.08329801279475252
39,110,-110.338,32.538,10.644,33.385,0.15361403521949515
39,111,-110.294,32.538,11.64,32.021,0.16464052554825856
39,112,-110.25,32.538,7.405,32.057,0.1325494611487688
39,113,-110.206,32.538,1.595,33.353,0.04482574692527813
39,114,-110.162,32.538,2.333,34.172,0.027634288514127626
39,115,-110.118,32.538,1.459,34.593,0.017823270228744807
39,116,-110.074,32.538,0.369,34.883,0.013377713669849307
39,117,-110.03,32.538,0.356,34.982,0.05929188462423705
39,118,-109.986,32.538,0.336,34.996,0.12417971168403963
39,119,-109.942,32.538,0.638,34.9,0.04084454927151593
39,120,-109.898,32.538,1.019,34.61,0.041443863551536536
39,121,-109.854,32.538,5.323,33.754,0.047513175547236004
39,122,-109.81,32.538,9.808,32.189,0.06728168271109407
39,123,-109.766,32.538,6.487,33.014,0.06862572773309605
39,124,-109.722,32.538,5.474,34.18,0.06021641276568514
39,125,-109.678,32.538,2.796,34.792,0.037143954977268905
39,126,-109.634,32.538,1.457,35.689,0.02747604702560832
39,127,-109.59,32.538,1.251,36.328,0.021359980051664652
39,128,-109.546,32.538,1.137,36.861,0.0182719949036619
39,129,-109.502,32.538,0.683,37.282,0.020538877737954323
39,130,-109.458,32.538,0.55,37.454,0.031222686881134578
39,131,-109.414,32.538,0.945,37.365,0.01142479985234598
39,132,-109.37,32.538,0.765,37.197,0.0025467470952786875
39,133,-109.326,32.538,1.365,37.168,0.003303366963610852
39,134,-109.282,32.538,2.577,37.067,-0.01648130713965055
39,135,-109.238,32.538,5.02,36.416,-0.0028641424785619237
39,136,-109.194,32.538,3.588,34.51,0.002683334714732757
39,137,-109.15,32.538,1.304,34.664,-0.017140835809792608
39,138,-109.106,32.538,1.484,35.15,-0.011394081425877563
39,139,-109.062,32.538,0.676,35.807,0.006123753527651015
39,140,-109.018,32.538,0.63,36.051,-0.006519365604427294
40,0,-115.178,32.582,0.0,37.37,
40,1,-115.134,32.582,0.0,37.37,
40,2,-115.09,32.582,0.0,37.37,
40,3,-115.046,32.582,0.0,37.37,
40,4,-115.002,32.582,0.097,37.37,
40,5,-114.958,32.582,0.116,37.37,
40,6,-114.914,32.582,0.137,37.37,
40,7,-114.87,32.582,0.168,38.947,0.14362836217453348
40,8,-114.826,32.582,0.071,41.489,0.1226899846201695
40,9,-114.782,32.582,0.072,41.526,0.20584672303632903
40,10,-114.738,32.582,0.036,41.595,0.15627970314559683
40,11,-114.694,32.582,0.288,41.715,0.11185168045594147
40,12,-114.65,32.582,0.212,41.853,0.08075708184075198
40,13,-114.606,32.582,0.069,41.9,0.11869894199102456
40,14,-114.562,32.582,0.293,41.917,0.04977589116876041
40,15,-114.518,32.582,0.406,41.972,0.003246952423274006
40,16,-114.474,32.582,0.432,42.053,0.004798313152599914
40,17,-114.43,32.582,0.365,42.132,0.005943187397163608
40,18,-114.386,32.582,0.758,42.22,0.0109925330817026
40,19,-114.342,32.582,5.09,40.97,0.006420373550099406
40,20,-114.298,32.582,9.083,41.3,-0.005008555569592344
40,21,-114.254,32.582,3.509,42.068,-0.0026001323215415558
40,22,-114.21,32.582,1.492,42.009,0.004599272526310893
40,23,-114.166,32.582,1.376,41.997,0.012884792881880835
40,24,-114.122,32.582,1.784,41.905,0.009695376435414736
40,25,-114.078,32.582,0.563,42.04,0.008572513355883195
40,26,-114.034,32.582,0.829,42.231,0.00499050170398565
40,27,-113.99,32.582,1.386,42.365,0.0034931445231697676
40,28,-113.946,32.582,0.825,42.346,0.012532973592442553
40,29,-113.902,32.582,0.467,42.3,0.014960387968609759
40,30,-113.858,32.582,0.372,42.267,0.01361597524774772
40,31,-113.814,32.582,0.322,42.213,0.014076710249554189
40,32,-113.77,32.582,0.268,42.133,0.018789889138063714
40,33,-113.726,32.582,0.838,42.048,0.02358003263270753
40,34,-113.682,32.582,1.102,41.645,0.021698864678338772
40,35,-113.638,32.582,6.865,41.248,0.0214322704406771
40,36,-113.594,32.582,2.644,41.649,0.020423949763055026
40,37,-113.55,32.582,0.553,41.825,0.021341192074937745
40,38,-113.506,32.582,0.239,41.791,0.019785112001421773
40,39,-113.462,32.582,0.16,41.686,0.01871481735699284
40,40,-113.418,32.582,0.21,41.537,0.024338196432171257
40,41,-113.374,32.582,1.199,41.315,0.019613946227823788
40,42,-113.33,32.582,1.4,41.097,0.02646667228267845
40,43,-113.286,32.582,0.78,41.036,0.03583299279299577
40,44,-113.242,32.582,0.31,40.902,0.02657235546910993
40,45,-113.198,32.582,0.281,40.805,0.024528375737636256
40,46,-113.154,32.582,0.753,40.765,0.029435445538476667
40,47,-113.11,32.582,0.271,40.753,0.03058227393142405
40,48,-113.066,32.582,0.548,40.672,0.026896074515898816
40,49,-113.022,32.582,0.819,40.466,0.03354206474786764
40,50,-112.978,32.582,2.267,40.219,0.02985115483690776
40,51,-112.934,32.582,2.72,40.26,0.019907787724197337
40,52,-112.89,32.582,1.59,40.429,0.008664953115535688
40,53,-112.846,32.582,0.596,40.363,0.03448809543586505
40,54,-112.802,32.582,0.615,40.117,0.04032630464809598
40,55,-112.758,32.582,0.907,39.739,0.040938377395400495
40,56,-112.714,32.582,2.656,39.14,0.043891391541941445
40,57,-112.67,32.582,5.178,38.37,0.03787567737229401
40,58,-112.626,32.582,4.228,38.277,0.04182037894173636
40,59,-112.582,32.582,5.298,38.427,0.05163712453055098
40,60,-112.538,32.582,4.641,38.43,0.022086586893213394
40,61,-112.494,32.582,2.767,38.212,0.0040873401806739
40,62,-112.45,32.582,4.832,37.653,0.024535613009360982
40,63,-112.406,32.582,5.234,36.746,0.03721421185477449
40,64,-112.362,32.582,2.766,37.321,0.04746550175527933
40,65,-112.318,32.582,1.749,38.013,0.03379329289364643
40,66,-112.274,32.582,2.002,38.681,0.04302165884836909
40,67,-112.23,32.582,0.872,39.078,0.04398846840236417
40,68,-112.186,32.582,1.256,39.325,0.03762927505046856
40,69,-112.142,32.582,3.534,38.896,0.05379984421738491
40,70,-112.098,32.582,5.951,38.912,0.058604057835771224
40,71,-112.054,32.582,2.272,39.853,0.03172424430799163
40,72,-112.01,32.582,0.381,40.406,0.04020234668159886
40,73,-111.966,32.582,0.301,40.64,0.04334059623101787
40,74,-111.922,32.582,1.431,40.602,0.04134859341756464
40,75,-111.878,32.582,4.056,40.533,0.06574183821555382
40,76,-111.834,32.582,0.458,40.67,0.040595967284304785
40,77,-111.79,32.582,0.402,40.673,0.04170801678542096
40,78,-111.746,32.582,2.324,40.341,0.08352127475327421
40,79,-111.702,32.582,0.277,40.687,0.12176344937449611
40,80,-111.658,32.582,0.258,40.81,0.09076187525205136
40,81,-111.614,32.582,0.262,40.733,0.05388733426654839
40,82,-111.57,32.582,0.293,40.646,0.08201393541252176
40,83,-111.526,32.582,0.36,40.589,0.04985555059396798
40,84,-111.482,32.582,1.224,40.535,0.06917441814469275
40,85,-111.438,32.582,0.266,40.469,0.04794513124119979
40,86,-111.394,32.582,0.179,40.342,0.030070858564464866
40,87,-111.35,32.582,0.206,40.247,-0.0007238173153992833
40,88,-111.306,32.582,0.483,40.051,0.021541174315852805
40,89,-111.262,32.582,0.795,39.706,0.004489002227712799
40,90,-111.218,32.582,0.901,39.258,0.01319073090070511
40,91,-111.174,32.582,1.057,38.775,0.018078954349853047
40,92,-111.13,32.582,1.334,38.203,0.045197347476383536
40,93,-111.086,32.582,4.46,37.425,0.07080699223584266
40,94,-111.042,32.582,4.768,36.386,0.06731847746922413
40,95,-110.998,32.582,1.699,35.945,0.0690576608137935
40,96,-110.954,32.582,0.92,36.287,0.055507214161717944
40,97,-110.91,32.582,1.206,36.362,0.04489322513619011
40,98,-110.866,32.582,2.162,35.98,0.03728833880474265
40,99,-110.822,32.582,4.378,35.688,0.03590550983721007
40,100,-110.778,32.582,6.517,34.718,0.08630952757185036
40,101,-110.734,32.582,6.172,33.871,0.1303301855037701
40,102,-110.69,32.582,2.202,34.999,0.07476520733763643
40,103,-110.646,32.582,2.433,35.606,0.05884922751252902
40,104,-110.602,32.582,2.234,36.551,0.06819277399622564
40,105,-110.558,32.582,1.925,37.505,0.08109703524146544
40,106,-110.514,32.582,2.161,37.881,0.10196372791724695
40,107,-110.47,32.582,2.406,37.426,0.06906931555689978
40,108,-110.426,32.582,4.11,36.272,0.08656759365903519
40,109,-110.382,32.582,10.884,34.289,0.14016342261297757
40,110,-110.338,32.582,9.82,31.981,0.23240685316572715
40,111,-110.294,32.582,10.624,30.49,0.2386817542174201
40,112,-110.25,32.582,8.772,31.213,0.12760551016381425
40,113,-110.206,32.582,1.418,33.332,0.049568127027341785
40,114,-110.162,32.582,0.81,34.435,0.028006620409983887
40,115,-110.118,32.582,0.483,34.815,0.019062994277727733
40,116,-110.074,32.582,0.358,34.941,0.031190851272642
40,117,-110.03,32.582,0.473,34.964,0.0413234153603092
40,118,-109.986,32.582,0.434,34.908,0.05231132211712307
40,119,-109.942,32.582,0.863,34.805,0.0589005160430098
40,120,-109.898,32.582,1.962,34.288,0.04452272378140569
40,121,-109.854,32.582,8.402,32.646,0.07472378226464775
40,122,-109.81,32.582,9.221,31.617,0.09490860702533216
40,123,-109.766,32.582,8.523,32.219,0.07703195906491205
40,124,-109.722,32.582,5.493,35.04,0.05460019023201586
40,125,-109.678,32.582,1.486,35.745,0.03307071589225595
40,126,-109.634,32.582,1.268,36.25,0.022948404315079857
40,127,-109.59,32.582,1.137,36.756,0.01669179720479476
40,128,-109.546,32.582,0.899,37.228,0.012639419602053038
40,129,-109.502,32.582,0.796,37.529,0.019081804051295156
40,130,-109.458,32.582,1.031,37.427,0.02546552977489352
40,131,-109.414,32.582,4.492,36.702,0.0024387633411713412
40,132,-109.37,32.582,5.764,36.073,-0.012934552563724317
40,133,-109.326,32.582,2.535,36.513,-0.012313314945109127
40,134,-109.282,32.582,1.176,37.103,-0.008702002071574243
40,135,-109.238,32.582,9.243,36.005,-0.0024757290341128595
40,136,-109.194,32.582,7.03,33.533,0.006699327420446567
40,137,-109.15,32.582,3.134,34.047,-0.02303478702266742
40,138,-109.106,32.582,2.799,35.126,-0.01948717740092103
40,139,-109.062,32.582,0.959,36.124,0.0039923200725074035
40,140,-109.018,32.582,0.89,36.347,-0.008668423609206905
41,0,-115.178,32.626,0.123,37.836,0.005853158579649386
41,1,-115.134,32.626,0.103,37.835,
41,2,-115.09,32.626,0.0,37.833,
41,3,-115.046,32.626,0.0,37.83,
41,4,-115.002,32.626,0.116,37.833,
41,5,-114.958,32.626,0.111,37.837,
41,6,-114.914,32.626,0.146,37.837,
41,7,-114.87,32.626,0.137,39.248,
41,8,-114.826,32.626,0.075,41.512,0.08514624146532819
41,9,-114.782,32.626,0.104,41.536,0.1409516558644348
41,10,-114.738,32.626,0.047,41.608,0.13779538699367563
41,11,-114.694,32.626,0.1,41.725,0.16638804484779895
41,12,-114.65,32.626,0.44,41.911,0.08663715090520588
41,13,-114.606,32.626,0.063,41.967,0.13304649608769523
41,14,-114.562,32.626,0.042,41.963,0.07035645428307812
41,15,-114.518,32.626,0.356,42.0,0.01427737019716802
41,16,-114.474,32.626,0.616,42.08,0.009226646351449258
41,17,-114.43,32.626,0.455,42.117,0.008312699029516112
41,18,-114.386,32.626,0.82,42.11,0.009200817988537939
41,19,-114.342,32.626,8.272,41.429,0.0027563879027723494
41,20,-114.298,32.626,7.114,41.89,0.008217435261196003
41,21,-114.254,32.626,1.028,41.767,0.003220954564814677
41,22,-114.21,32.626,0.63,41.797,0.001898921922723462
41,23,-114.166,32.626,0.668,41.769,0.015246162765629028
41,24,-114.122,32.626,0.463,41.736,0.013195272989787385
41,25,-114.078,32.626,0.461,41.852,0.011593298694155289
41,26,-114.034,32.626,0.655,42.113,0.012488765744848317
41,27,-113.99,32.626,1.394,42.433,0.011581666101249277
41,28,-113.946,32.626,0.44,42.515,0.009104891873956376
41,29,-113.902,32.626,0.4,42.503,0.01061732816549945
41,30,-113.858,32.626,0.338,42.44,0.014242596229453904
41,31,-113.814,32.626,0.289,42.324,0.02220586367457654
41,32,-113.77,32.626,0.746,42.132,0.0232363709107823
41,33,-113.726,32.626,0.96,41.922,0.021089404033090967
41,34,-113.682,32.626,8.637,41.231,0.042215734197825754
41,35,-113.638,32.626,5.115,41.624,0.0435982612260122
41,36,-113.594,32.626,0.887,41.951,0.03217686041689179
41,37,-113.55,32.626,0.411,41.96,0.021370108971075795
41,38,-113.506,32.626,0.166,41.841,0.021320660099331583
41,39,-113.462,32.626,0.157,41.689,0.02489452943005669
41,40,-113.418,32.626,0.305,41.502,0.03199748192393836
41,41,-113.374,32.626,0.964,41.198,0.021487690923660145
41,42,-113.33,32.626,4.082,40.94,0.031192965160455617
41,43,-113.286,32.626,0.482,41.036,0.0340789483199655
41,44,-113.242,32.626,0.229,40.956,0.02616461360455404
41,45,-113.198,32.626,0.267,40.89,0.028456763039409864
41,46,-113.154,32.626,0.62,40.767,0.03151889276710576
41,47,-113.11,32.626,3.688,40.567,0.03438376093101005
41,48,-113.066,32.626,4.294,40.427,0.024694946461991756
41,49,-113.022,32.626,4.719,40.237,0.04015016379344347
41,50,-112.978,32.626,3.482,40.301,0.04094289364425846
41,51,-112.934,32.626,1.664,40.545,0.027214568799763007
41,52,-112.89,32.626,0.354,40.576,0.020803572974171392
41,53,-112.846,32.626,0.541,40.391,0.02971568477621494
41,54,-112.802,32.626,0.715,40.049,0.03947003904045625
41,55,-112.758,32.626,2.691,39.405,0.03905102684061414
41,56,-112.714,32.626,3.452,38.799,0.037817114312189225
41,57,-112.67,32.626,3.205,38.851,0.04081250036741242
41,58,-112.626,32.626,4.249,38.5,0.043972453823452724
41,59,-112.582,32.626,2.351,38.847,0.04994106666507183
41,60,-112.538,32.626,3.167,38.701,0.02541265208211793
41,61,-112.494,32.626,1.949,38.523,0.016844280731512864
41,62,-112.45,32.626,3.414,38.132,0.02583914629991351
41,63,-112.406,32.626,5.035,37.394,0.03522061271803168
41,64,-112.362,32.626,3.471,36.796,0.024718886045261658
41,65,-112.318,32.626,1.86,37.954,0.0317365822664961
41,66,-112.274,32.626,1.157,38.654,0.03438403093163681
41,67,-112.23,32.626,0.526,39.094,0.042431668143778224
41,68,-112.186,32.626,0.548,39.266,0.03910009481620637
41,69,-112.142,32.626,3.823,39.245,0.05334017602290506
41,70,-112.098,32.626,1.766,39.503,0.05002814043593396
41,71,-112.054,32.626,1.086,39.969,0.03895915183786856
41,72,-112.01,32.626,0.464,40.329,0.049127402226879
41,73,-111.966,32.626,0.41,40.631,0.06512860889345932
41,74,-111.922,32.626,0.454,40.747,0.06644900654755016
41,75,-111.878,32.626,0.841,40.691,0.08220286326783147
41,76,-111.834,32.626,0.173,40.754,0.0447496452457918
41,77,-111.79,32.626,0.72,40.659,0.0405029756660279
41,78,-111.746,32.626,2.589,40.364,0.07330528405835082
41,79,-111.702,32.626,2.276,40.444,0.07822704257664886
41,80,-111.658,32.626,0.135,40.847,0.10069226322312087
41,81,-111.614,32.626,0.15,40.797,0.1509888507859251
41,82,-111.57,32.626,0.176,40.739,0.14794592976314314
41,83,-111.526,32.626,0.161,40.705,0.13018745566094891
41,84,-111.482,32.626,0.184,40.673,0.058153056239104196
41,85,-111.438,32.626,0.818,40.459,0.023550402975857882
41,86,-111.394,32.626,2.254,40.155,0.03254934330470911
41,87,-111.35,32.626,0.301,40.233,0.09519617282245099
41,88,-111.306,32.626,0.554,40.053,0.02590821453906092
41,89,-111.262,32.626,0.998,39.675,0.01720693127402272
41,90,-111.218,32.626,0.914,39.212,0.021259447049879667
41,91,-111.174,32.626,0.943,38.733,0.039368648303567566
41,92,-111.13,32.626,1.421,38.238,0.051202108400075996
41,93,-111.086,32.626,1.596,37.697,0.07376002661507247
41,94,-111.042,32.626,1.914,37.134,0.06548157711769731
41,95,-110.998,32.626,1.4,36.617,0.06846699690048304
41,96,-110.954,32.626,0.877,36.347,0.05157444931653603
41,97,-110.91,32.626,0.832,36.191,0.037624009486247195
41,98,-110.866,32.626,1.045,35.889,0.03602315510750571
41,99,-110.822,32.626,1.601,35.525,0.03735438980738899
41,100,-110.778,32.626,2.396,35.055,0.06474480536454279
41,101,-110.734,32.626,2.578,35.171,0.0815548699798816
41,102,-110.69,32.626,2.608,35.844,0.06398305824540645
41,103,-110.646,32.626,2.442,36.493,0.05859936784992894
41,104,-110.602,32.626,2.353,37.423,0.068416326902841
41,105,-110.558,32.626,2.6,38.044,0.11295367759386972
41,106,-110.514,32.626,2.797,37.694,0.07160183866134329
41,107,-110.47,32.626,2.659,36.694,0.07883523371455012
41,108,-110.426,32.626,5.266,35.131,0.1003423134970386
41,109,-110.382,32.626,12.178,32.671,0.19520635255883556
41,110,-110.338,32.626,8.974,31.068,0.22484371821952373
41,111,-110.294,32.626,10.657,30.315,0.22305729268227625
41,112,-110.25,32.626,9.302,31.639,0.11301163286129276
41,113,-110.206,32.626,2.728,33.583,0.04130426343215297
41,114,-110.162,32.626,2.21,34.693,0.03287052206537903
41,115,-110.118,32.626,1.4,35.112,0.02200420022022907
41,116,-110.074,32.626,0.827,34.862,0.03394207261817886
41,117,-110.03,32.626,0.784,34.645,0.043125853538955365
41,118,-109.986,32.626,0.861,34.494,0.045850236148480696
41,119,-109.942,32.626,2.158,33.924,0.06722479507785031
41,120,-109.898,32.626,6.401,32.623,0.09989375476217077
41,121,-109.854,32.626,12.388,28.937,0.19227370286048043
41,122,-109.81,32.626,14.185,26.073,0.2597551788406499
41,123,-109.766,32.626,14.1,30.719,0.12102346916045174
41,124,-109.722,32.626,3.511,35.332,0.06596073179270434
41,125,-109.678,32.626,1.139,36.533,0.029502402095604886
41,126,-109.634,32.626,0.988,36.575,0.01671359288135507
41,127,-109.59,32.626,0.963,36.96,0.0038881306485679177
41,128,-109.546,32.626,0.691,37.425,0.007138303919322273
41,129,-109.502,32.626,0.765,37.717,0.009122627138020135
41,130,-109.458,32.626,1.929,37.345,0.0153825287235076
41,131,-109.414,32.626,6.187,35.978,0.006322707170478905
41,132,-109.37,32.626,2.877,35.671,-0.003194243615457984
41,133,-109.326,32.626,0.714,36.602,-0.004536491413999843
41,134,-109.282,32.626,0.843,37.006,0.0027487467312667757
41,135,-109.238,32.626,7.128,36.575,1.8835678243020874e-05
41,136,-109.194,32.626,7.658,34.332,0.012887797797829264
41,137,-109.15,32.626,4.92,34.397,-0.016591755584542813
41,138,-109.106,32.626,2.881,35.939,-0.009844955041168252
41,139,-109.062,32.626,1.165,36.738,0.002756330419201789
41,140,-109.018,32.626,0.929,36.556,-0.006725313458718533
42,0,-115.178,32.67,0.106,41.479,0.0030415187060765323
42,1,-115.134,32.67,0.067,41.465,0.0039215881774516325
42,2,-115.09,32.67,0.266,41.453,
42,3,-115.046,32.67,0.265,41.432,
42,4,-115.002,32.67,0.315,41.455,
42,5,-114.958,32.67,0.318,41.487,
42,6,-114.914,32.67,0.183,41.495,
42,7,-114.87,32.67,0.213,41.53,
42,8,-114.826,32.67,0.277,41.543,
42,9,-114.782,32.67,0.243,41.543,0.04252312926363716
42,10,-114.738,32.67,0.077,41.598,0.09663580340248559
42,11,-114.694,32.67,0.057,41.73,0.13305804060067586
42,12,-114.65,32.67,0.358,41.916,0.09471489400486137
42,13,-114.606,32.67,0.189,41.934,0.03392787964307791
42,14,-114.562,32.67,0.116,41.998,0.0682020057715722
42,15,-114.518,32.67,0.129,42.065,0.0555350500549915
42,16,-114.474,32.67,0.414,42.031,0.019700655927406895
42,17,-114.43,32.67,0.456,42.04,0.023864667518761193
42,18,-114.386,32.67,1.142,42.1,0.009516121868074729
42,19,-114.342,32.67,6.105,42.068,-0.007800733637647248
42,20,-114.298,32.67,3.264,41.725,0.0060936448599225555
42,21,-114.254,32.67,0.64,41.528,0.0670985815971801
42,22,-114.21,32.67,0.481,41.543,0.09357007559907418
42,23,-114.166,32.67,0.441,41.641,0.10493791142922994
42,24,-114.122,32.67,0.421,41.648,0.03263631846425487
42,25,-114.078,32.67,0.421,41.756,0.06131496065236517
42,26,-114.034,32.67,0.835,42.087,0.06599290508235281
42,27,-113.99,32.67,1.598,42.469,0.018407547125824653
42,28,-113.946,32.67,0.416,42.596,0.012449013280502559
42,29,-113.902,32.67,0.347,42.558,0.0133106443187491
42,30,-113.858,32.67,0.293,42.441,0.014350535855111164
42,31,-113.814,32.67,0.332,42.304,0.01654185663889093
42,32,-113.77,32.67,1.057,42.168,0.012013169924136376
42,33,-113.726,32.67,3.56,41.729,0.02059145868575041
42,34,-113.682,32.67,7.28,41.847,0.04801796057531458
42,35,-113.638,32.67,0.678,42.099,0.043152292519883215
42,36,-113.594,32.67,0.461,42.183,0.028223899493203083
42,37,-113.55,32.67,0.199,42.165,0.023259292105556516
42,38,-113.506,32.67,0.158,42.027,0.02329099544563445
42,39,-113.462,32.67,0.186,41.8,0.01994773297915261
42,40,-113.418,32.67,0.546,41.519,0.026300984721301112
42,41,-113.374,32.67,6.544,40.884,0.045500793596594376
42,42,-113.33,32.67,4.24,41.006,0.029171195088280807
42,43,-113.286,32.67,0.231,41.104,0.025924046568938933
42,44,-113.242,32.67,0.232,41.039,0.026545183670857044
42,45,-113.198,32.67,1.702,40.994,0.03718674487530283
42,46,-113.154,32.67,1.524,40.977,0.046309105045793435
42,47,-113.11,32.67,2.634,40.991,0.03041652892274078
42,48,-113.066,32.67,1.323,40.979,0.019689677663386605
42,49,-113.022,32.67,1.213,40.883,0.03784855145509889
42,50,-112.978,32.67,1.557,40.791,0.03725550409247036
42,51,-112.934,32.67,0.793,40.765,0.024671467694847043
42,52,-112.89,32.67,0.402,40.686,0.022007762453933325
42,53,-112.846,32.67,0.638,40.474,0.029220286901304383
42,54,-112.802,32.67,2.881,39.875,0.037582708237547884
42,55,-112.758,32.67,4.964,39.153,0.03886843195236493
42,56,-112.714,32.67,3.902,38.96,0.033944437529894886
42,57,-112.67,32.67,2.443,39.048,0.03782419883424138
42,58,-112.626,32.67,2.049,39.217,0.04131511132792816
42,59,-112.582,32.67,0.685,39.166,0.051877968764522296
42,60,-112.538,32.67,1.465,38.919,0.028821567452698885
42,61,-112.494,32.67,0.947,38.672,0.014736141255069295
42,62,-112.45,32.67,2.092,38.08,0.016636370376124584
42,63,-112.406,32.67,6.248,37.054,0.045636968094541555
42,64,-112.362,32.67,3.662,36.797,0.03422122943919775
42,65,-112.318,32.67,2.554,38.08,0.03176254212138921
42,66,-112.274,32.67,0.746,38.854,0.036574605603848
42,67,-112.23,32.67,0.447,39.221,0.04642881746832235
42,68,-112.186,32.67,0.282,39.29,0.04175133563952218
42,69,-112.142,32.67,0.918,39.209,0.04716806063956697
42,70,-112.098,32.67,1.429,39.383,0.05583596437840689
42,71,-112.054,32.67,0.721,39.827,0.04542839169266337
42,72,-112.01,32.67,0.593,40.204,0.05630355806343694
42,73,-111.966,32.67,0.495,40.573,0.08522786359074065
42,74,-111.922,32.67,1.159,40.712,0.07842498841872254
42,75,-111.878,32.67,3.966,40.352,0.07932846718351633
42,76,-111.834,32.67,1.086,40.674,0.057716878286156376
42,77,-111.79,32.67,0.539,40.861,0.04943703164084647
42,78,-111.746,32.67,1.195,40.889,0.06862479626294263
42,79,-111.702,32.67,0.599,40.94,0.0915802314821367
42,80,-111.658,32.67,0.137,40.921,0.0792813714497836
42,81,-111.614,32.67,0.126,40.889,0.08667455011429866
42,82,-111.57,32.67,0.161,40.819,0.1637067211006782
42,83,-111.526,32.67,0.159,40.755,0.09596118824887383
42,84,-111.482,32.67,0.197,40.728,0.02531694440850188
42,85,-111.438,32.67,1.253,40.555,0.025952653328567176
42,86,-111.394,32.67,2.402,40.163,0.03042013890292394
42,87,-111.35,32.67,0.542,40.087,-0.000807340769795033
42,88,-111.306,32.67,0.578,40.038,0.020107129374410438
42,89,-111.262,32.67,0.735,39.657,0.01367684071889316
42,90,-111.218,32.67,0.866,39.207,0.02944186626709195
42,91,-111.174,32.67,0.888,38.756,0.048409473675607335
42,92,-111.13,32.67,2.047,38.229,0.04139826952947029
42,93,-111.086,32.67,0.92,37.778,0.04805669518361965
42,94,-111.042,32.67,1.113,37.327,0.0642567068104627
42,95,-110.998,32.67,0.927,36.857,0.06761843681848369
42,96,-110.954,32.67,0.959,36.348,0.05830987328839861
42,97,-110.91,32.67,0.849,35.919,0.04100973548193502
42,98,-110.866,32.67,0.942,35.934,0.03580647804239529
42,99,-110.822,32.67,1.378,35.942,0.026895234654500052
42,100,-110.778,32.67,1.657,35.699,0.02782940297177905
42,101,-110.734,32.67,2.646,35.768,0.057390198513913984
42,102,-110.69,32.67,2.384,36.468,0.06471686017492742
42,103,-110.646,32.67,2.684,37.364,0.07210145889196876
42,104,-110.602,32.67,2.644,38.177,0.09732509947391632
42,105,-110.558,32.67,2.504,37.9,0.06352227207293872
42,106,-110.514,32.67,3.275,36.945,0.07678043234211823
42,107,-110.47,32.67,3.364,35.675,0.08197495173732165
42,108,-110.426,32.67,13.444,33.241,0.1738119858959317
42,109,-110.382,32.67,8.677,31.296,0.22123584543131491
42,110,-110.338,32.67,9.566,31.9,0.15166223353718503
42,111,-110.294,32.67,8.765,32.34,0.10374195362519059
42,112,-110.25,32.67,4.278,33.531,0.05443758177748953
42,113,-110.206,32.67,5.548,34.568,0.05393460045144243
42,114,-110.162,32.67,1.367,35.176,0.02939801752838727
42,115,-110.118,32.67,1.69,34.893,0.028836989004071056
42,116,-110.074,32.67,1.542,34.261,0.02676913467618674
42,117,-110.03,32.67,2.957,33.27,0.06401693845635893
42,118,-109.986,32.67,6.189,32.558,0.11665882225385987
42,119,-109.942,32.67,12.13,29.727,0.18746784541120612
42,120,-109.898,32.67,15.582,27.068,0.18487001718211482
42,121,-109.854,32.67,15.398,22.795,0.1807614562022342
42,122,-109.81,32.67,13.682,27.632,0.17195209640806083
42,123,-109.766,32.67,12.638,33.096,0.09772961039297554
42,124,-109.722,32.67,3.453,35.868,0.05319749406818957
42,125,-109.678,32.67,1.349,37.02,0.016274304396464618
42,126,-109.634,32.67,1.107,36.999,0.003793675087350762
42,127,-109.59,32.67,0.885,37.222,-0.004524733130488212
42,128,-109.546,32.67,0.684,37.651,0.0008873351824065615
42,129,-109.502,32.67,1.049,37.809,0.005297385939938421
42,130,-109.458,32.67,3.982,37.168,0.018696326659638066
42,131,-109.414,32.67,8.142,35.838,0.0003730574348505854
42,132,-109.37,32.67,3.512,35.577,-0.005987099266231683
42,133,-109.326,32.67,1.644,36.33,-0.006363382395033056
42,134,-109.282,32.67,1.083,36.596,0.0054953678741043645
42,135,-109.238,32.67,3.399,36.674,0.009379378468016364
42,136,-109.194,32.67,8.189,35.368,-0.0006970702991382148
42,137,-109.15,32.67,3.55,35.635,-0.013383355284595779
42,138,-109.106,32.67,1.134,36.775,-0.006767062508551446
42,139,-109.062,32.67,1.294,37.271,0.010746573570556526
42,140,-109.018,32.67,1.556,36.972,0.04259305955168053
43,0,-115.178,32.714,0.14,41.504,0.0355004592388824
43,1,-115.134,32.714,0.135,41.492,0.00693780790331932
43,2,-115.09,32.714,0.127,41.483,0.0034872039599829507
43,3,-115.046,32.714,0.093,41.493,0.012107194685384345
43,4,-115.002,32.714,0.089,41.5,-0.0012602679596209056
43,5,-114.958,32.714,0.093,41.542,0.003204018954369441
43,6,-114.914,32.714,0.585,41.587,-0.0007327749757041682
43,7,-114.87,32.714,1.321,41.626,-0.002287907518227145
43,8,-114.826,32.714,0.933,41.633,-0.005187685791927014
43,9,-114.782,32.714,0.46,41.62,-0.004146339489899746
43,10,-114.738,32.714,0.581,41.662,0.043198348784002895
43,11,-114.694,32.714,0.06,41.78,0.14061671405790876
43,12,-114.65,32.714,0.326,41.878,0.0834296227400402
43,13,-114.606,32.714,0.422,41.898,0.07653062569979287
43,14,-114.562,32.714,0.299,41.93,0.1121165425824669
43,15,-114.518,32.714,0.269,41.954,0.11979520800935951
43,16,-114.474,32.714,0.321,41.939,0.08871510476422494
43,17,-114.43,32.714,0.757,41.991,0.0662087619584629
43,18,-114.386,32.714,5.219,42.105,-0.014470412919821705
43,19,-114.342,32.714,4.439,41.889,0.04603384575528401
43,20,-114.298,32.714,0.347,41.724,0.13759863617044146
43,21,-114.254,32.714,1.187,41.665,0.057742084617111125
43,22,-114.21,32.714,1.652,41.698,0.00028594363410291567
43,23,-114.166,32.714,0.69,41.783,0.04102418937980605
43,24,-114.122,32.714,0.194,41.795,0.12941215833595338
43,25,-114.078,32.714,0.246,41.889,0.24233378144724868
43,26,-114.034,32.714,0.659,42.192,0.2008800822351626
43,27,-113.99,32.714,0.658,42.493,0.13308893757487708
43,28,-113.946,32.714,0.433,42.679,0.11261716470213505
43,29,-113.902,32.714,0.305,42.731,0.06436249785278379
43,30,-113.858,32.714,0.201,42.542,0.037685102365197204
43,31,-113.814,32.714,0.429,42.35,0.026482371806162107
43,32,-113.77,32.714,0.778,42.114,0.02102044388240061
43,33,-113.726,32.714,8.013,42.039,0.028043314684641166
43,34,-113.682,32.714,0.835,42.162,0.03689042573504739
43,35,-113.638,32.714,0.349,42.319,0.03591753406707261
43,36,-113.594,32.714,0.187,42.382,0.021866426590434706
43,37,-113.55,32.714,0.184,42.321,0.026894845459780336
43,38,-113.506,32.714,0.167,42.163,0.02983567192598683
43,39,-113.462,32.714,0.172,41.887,0.028210422214372692
43,40,-113.418,32.714,0.367,41.599,0.03222882382326428
43,41,-113.374,32.714,0.742,41.385,0.01499928198469448
43,42,-113.33,32.714,0.307,41.225,0.014829175694413
43,43,-113.286,32.714,0.22,41.145,0.02504299518936236
43,44,-113.242,32.714,0.232,41.109,0.02965094528735301
43,45,-113.198,32.714,0.235,41.106,0.030214197195964014
43,46,-113.154,32.714,0.218,41.112,0.03033369671802225
43,47,-113.11,32.714,0.243,41.103,0.02800777075496358
43,48,-113.066,32.714,0.333,41.061,0.023046951120806507
43,49,-113.022,32.714,0.283,40.982,0.03915913074674462
43,50,-112.978,32.714,0.345,40.913,0.039176262356337734
43,51,-112.934,32.714,0.333,40.87,0.021702724385307504
43,52,-112.89,32.714,0.369,40.807,0.02211735875753089
43,53,-112.846,32.714,0.587,40.665,0.031478485409609756
43,54,-112.802,32.714,2.093,40.352,0.03343146726549098
43,55,-112.758,32.714,4.633,39.84,0.03477638562787305
43,56,-112.714,32.714,3.041,39.61,0.0331707144190603
43,57,-112.67,32.714,1.263,39.503,0.040190334864714856
43,58,-112.626,32.714,0.582,39.454,0.03733207024929515
43,59,-112.582,32.714,0.802,39.299,0.04840498591117015
43,60,-112.538,32.714,2.537,38.744,0.0304489087145771
43,61,-112.494,32.714,1.628,38.481,0.00835032317109548
43,62,-112.45,32.714,2.87,37.803,0.018653307345677137
43,63,-112.406,32.714,5.301,36.918,0.04001529372185239
43,64,-112.362,32.714,3.181,37.311,0.02277486184776896
43,65,-112.318,32.714,1.197,38.502,0.019981618022714028
43,66,-112.274,32.714,0.705,39.043,0.03673827097513117
43,67,-112.23,32.714,0.481,39.334,0.048143935820019565
43,68,-112.186,32.714,0.87,39.053,0.046011339084451645
43,69,-112.142,32.714,3.368,38.406,0.05594835978347136
43,70,-112.098,32.714,1.543,38.651,0.06686941954891909
43,71,-112.054,32.714,1.146,39.564,0.049289962845376664
43,72,-112.01,32.714,2.622,39.947,0.059744058609643304
43,73,-111.966,32.714,2.51,40.447,0.07809571678659775
43,74,-111.922,32.714,0.573,40.892,0.05275025277181149
43,75,-111.878,32.714,1.649,40.978,0.04727429669691469
43,76,-111.834,32.714,1.427,40.939,0.040922073663429405
43,77,-111.79,32.714,2.834,40.806,0.06416738204480647
43,78,-111.746,32.714,0.139,40.999,0.11209508313815228
43,79,-111.702,32.714,0.141,41.013,0.08844611948079416
43,80,-111.658,32.714,0.149,40.998,0.05482075354346346
43,81,-111.614,32.714,0.132,41.004,0.11744540189243198
43,82,-111.57,32.714,0.167,40.942,0.11464823732068008
43,83,-111.526,32.714,0.17,40.873,0.11856568827010865
43,84,-111.482,32.714,0.222,40.79,0.08550592964014032
43,85,-111.438,32.714,1.853,40.329,0.04382830150763749
43,86,-111.394,32.714,12.677,39.203,0.05584293601412578
43,87,-111.35,32.714,1.743,39.467,0.0023517370202025185
43,88,-111.306,32.714,0.5,39.972,0.02227410752496893
43,89,-111.262,32.714,0.684,39.637,0.017644098081968197
43,90,-111.218,32.714,0.837,39.24,0.032450369802353454
43,91,-111.174,32.714,1.329,38.773,0.0463907405922471
43,92,-111.13,32.714,1.338,38.306,0.04117305408438072
43,93,-111.086,32.714,0.933,37.872,0.046725130310486314
43,94,-111.042,32.714,1.104,37.358,0.05523969145000358
43,95,-110.998,32.714,1.329,36.638,0.06448931242147161
43,96,-110.954,32.714,2.317,35.615,0.061179388309766394
43,97,-110.91,32.714,2.023,35.087,0.049298571434593715
43,98,-110.866,32.714,1.297,35.708,0.03813990570359012
43,99,-110.822,32.714,1.368,36.26,0.03881961294773629
43,100,-110.778,32.714,1.709,36.188,0.025436941889125448
43,101,-110.734,32.714,2.929,35.864,0.062326411346132274
43,102,-110.69,32.714,4.952,36.932,0.0636664156151047
43,103,-110.646,32.714,3.048,37.989,0.09668449994282823
43,104,-110.602,32.714,2.172,38.33,0.08472618028620565
43,105,-110.558,32.714,3.978,37.415,0.07196631392796399
43,106,-110.514,32.714,4.999,36.05,0.07795162200561406
43,107,-110.47,32.714,8.745,34.645,0.09453539259712872
43,108,-110.426,32.714,11.89,32.847,0.1452783740830031
43,109,-110.382,32.714,7.711,31.938,0.1622945852773009
43,110,-110.338,32.714,7.888,33.168,0.10555190317838992
43,111,-110.294,32.714,5.79,34.055,0.07586703968739324
43,112,-110.25,32.714,2.796,34.531,0.05359654829879211
43,113,-110.206,32.714,2.582,35.246,0.06301811154886824
43,114,-110.162,32.714,2.205,35.139,0.032310624938364126
43,115,-110.118,32.714,2.263,34.188,0.03784904310610803
43,116,-110.074,32.714,7.584,32.639,0.10410075071692536
43,117,-110.03,32.714,11.332,29.602,0.2776207381490789
43,118,-109.986,32.714,14.069,28.686,0.2868019743594388
43,119,-109.942,32.714,15.064,25.53,0.22620241869037747
43,120,-109.898,32.714,12.31,23.688,0.15284843702405948
43,121,-109.854,32.714,17.346,24.126,0.1775197270897603
43,122,-109.81,32.714,14.201,29.547,0.07360531592484659
43,123,-109.766,32.714,6.595,34.621,0.07144970109229065
43,124,-109.722,32.714,2.079,36.888,0.05881173463007321
43,125,-109.678,32.714,0.947,37.382,0.020086462920532205
43,126,-109.634,32.714,0.759,37.459,-0.00943153739253803
43,127,-109.59,32.714,0.653,37.585,-0.0065574748469733705
43,128,-109.546,32.714,0.634,37.851,0.0015278266677730195
43,129,-109.502,32.714,0.909,37.847,0.008183292057353339
43,130,-109.458,32.714,2.885,37.493,0.023607613223287933
43,131,-109.414,32.714,3.321,37.003,-0.005838153828773371
43,132,-109.37,32.714,3.081,36.453,-0.006300688028882104
43,133,-109.326,32.714,1.862,36.18,-0.004853204034703458
43,134,-109.282,32.714,4.157,35.922,-0.0015863438640627693
43,135,-109.238,32.714,1.834,35.993,0.022108562333858304
43,136,-109.194,32.714,3.903,36.129,-0.004064658247975281
43,137,-109.15,32.714,1.732,36.582,-0.016174302471833078
43,138,-109.106,32.714,0.92,37.229,0.03183650046891405
43,139,-109.062,32.714,1.146,37.512,0.022887271659221574
43,140,-109.018,32.714,1.646,37.085,0.010116590569878755
44,0,-115.178,32.758,0.125,41.545,0.0008263245457939267
44,1,-115.134,32.758,0.082,41.538,0.002844666571808333
44,2,-115.09,32.758,0.105,41.536,0.0012201080610565267
44,3,-115.046,32.758,0.064,41.554,-0.0003640150834966526
44,4,-115.002,32.758,0.068,41.594,-0.0012262161663762561
44,5,-114.958,32.758,0.691,41.657,-0.0003816262768862679
44,6,-114.914,32.758,1.593,41.68,-1.7232099482576596e-05
44,7,-114.87,32.758,0.871,41.668,-0.005970515559888154
44,8,-114.826,32.758,0.303,41.734,-0.006491864097485703
44,9,-114.782,32.758,0.367,41.875,0.024030725203963682
44,10,-114.738,32.758,1.588,41.935,-0.021363548478543885
44,11,-114.694,32.758,0.757,41.919,0.0588850031536893
44,12,-114.65,32.758,0.168,41.913,0.29523894283732577
44,13,-114.606,32.758,0.104,41.938,0.3416141072982529
44,14,-114.562,32.758,0.094,41.964,0.08409353259475674
44,15,-114.518,32.758,0.199,41.988,0.14307620093000575
44,16,-114.474,32.758,1.067,42.043,-0.0021026315452663557
44,17,-114.43,32.758,1.479,42.071,0.018436636812687413
44,18,-114.386,32.758,4.658,42.03,0.06069263763004658
44,19,-114.342,32.758,1.237,41.908,0.11890940019846175
44,20,-114.298,32.758,1.613,41.841,0.022119426312257134
44,21,-114.254,32.758,3.538,41.974,0.005533249793519657
44,22,-114.21,32.758,2.498,41.988,0.00584047209321954
44,23,-114.166,32.758,1.848,41.867,0.011569820597512175
44,24,-114.122,32.758,1.169,41.799,0.019331739910960207
44,25,-114.078,32.758,0.59,41.932,0.05492940954037561
44,26,-114.034,32.758,0.32,42.171,0.07891775327912133
44,27,-113.99,32.758,0.109,42.424,0.1902763578195872
44,28,-113.946,32.758,0.125,42.553,0.1756156256249394
44,29,-113.902,32.758,0.27,42.561,0.13830800459071735
44,30,-113.858,32.758,0.245,42.452,0.17060164455251975
44,31,-113.814,32.758,0.607,42.281,0.14159149275889085
44,32,-113.77,32.758,5.091,42.113,0.08322094064267274
44,33,-113.726,32.758,0.911,42.155,0.05743878301763271
44,34,-113.682,32.758,0.321,42.295,0.04104024782549707
44,35,-113.638,32.758,0.201,42.424,0.051580915551226764
44,36,-113.594,32.758,0.243,42.424,0.04378690595696856
44,37,-113.55,32.758,0.278,42.338,0.029898068329727936
44,38,-113.506,32.758,0.295,42.179,0.029388611000526442
44,39,-113.462,32.758,0.453,41.966,0.03422172206135988
44,40,-113.418,32.758,0.563,41.668,0.047893187141239475
44,41,-113.374,32.758,0.276,41.456,0.041790350565044314
44,42,-113.33,32.758,0.178,41.29,0.06341144772789481
44,43,-113.286,32.758,0.316,41.196,0.022539571333341068
44,44,-113.242,32.758,0.499,41.141,0.02852715810400172
44,45,-113.198,32.758,0.172,41.14,0.026653781404044286
44,46,-113.154,32.758,0.205,41.133,0.03118608428351969
44,47,-113.11,32.758,0.207,41.114,0.029836649075857268
44,48,-113.066,32.758,0.218,41.073,0.027920054058044944
44,49,-113.022,32.758,0.235,41.013,0.04134166660325137
44,50,-112.978,32.758,0.246,40.954,0.03596245226516021
44,51,-112.934,32.758,0.261,40.918,0.017218659811286917
44,52,-112.89,32.758,0.318,40.885,0.017147854213659705
44,53,-112.846,32.758,0.89,40.72,0.024942035047643033
44,54,-112.802,32.758,2.344,40.487,0.03111949818294119
44,55,-112.758,32.758,6.157,40.304,0.03230280155364842
44,56,-112.714,32.758,0.634,40.226,0.025949211618722032
44,57,-112.67,32.758,0.528,40.056,0.032184057529430536
44,58,-112.626,32.758,0.677,39.884,0.028350899870372853
44,59,-112.582,32.758,1.815,39.561,0.0397869210916508
44,60,-112.538,32.758,3.859,38.747,0.02444013580820464
44,61,-112.494,32.758,2.168,38.7,0.006378105076780866
44,62,-112.45,32.758,3.227,38.053,0.016462645017484106
44,63,-112.406,32.758,6.857,37.067,0.048944282505030384
44,64,-112.362,32.758,6.807,37.467,0.01657875506024489
44,65,-112.318,32.758,1.253,38.865,0.019686806542602048
44,66,-112.274,32.758,1.171,39.273,0.03355041007662341
44,67,-112.23,32.758,0.586,39.519,0.04152865208525911
44,68,-112.186,32.758,4.715,38.842,0.04770182129868889
44,69,-112.142,32.758,7.964,37.558,0.0548545265881196
44,70,-112.098,32.758,5.499,38.098,0.07109282341511128
44,71,-112.054,32.758,1.516,39.685,0.049020867138853806
44,72,-112.01,32.758,1.62,40.355,0.04829596899848178
44,73,-111.966,32.758,1.462,40.746,0.04196387789848058
44,74,-111.922,32.758,0.355,40.995,0.04987725380525876
44,75,-111.878,32.758,0.113,41.067,0.04270550760413137
44,76,-111.834,32.758,0.194,41.051,0.03723123114609172
44,77,-111.79,32.758,0.779,41.048,0.05261162711911171
44,78,-111.746,32.758,0.13,41.065,0.06789226065200636
44,79,-111.702,32.758,0.132,40.995,0.08597403399593949
44,80,-111.658,32.758,0.165,41.08,0.05986809920075485
44,81,-111.614,32.758,0.119,41.137,0.05763218825620079
44,82,-111.57,32.758,0.138,41.097,0.07320421624280261
44,83,-111.526,32.758,0.152,40.981,0.11847045198349747
44,84,-111.482,32.758,0.198,40.869,0.12060280811449867
44,85,-111.438,32.758,0.931,40.627,0.0393052619146478
44,86,-111.394,32.758,10.907,39.911,0.0450024469998802
44,87,-111.35,32.758,1.784,39.511,0.009475286214902684
44,88,-111.306,32.758,0.488,39.837,0.02873594344491215
44,89,-111.262,32.758,0.644,39.565,0.0235957207664747
44,90,-111.218,32.758,0.8,39.186,0.03250427393602992
44,91,-111.174,32.758,1.064,38.743,0.04399927703991073
44,92,-111.13,32.758,1.191,38.278,0.05416234864174857
44,93,-111.086,32.758,0.917,37.842,0.06622753191558767
44,94,-111.042,32.758,1.357,37.368,0.05703893538104033
44,95,-110.998,32.758,3.98,36.292,0.09241762638765133
44,96,-110.954,32.758,5.671,34.598,0.12549301365648488
44,97,-110.91,32.758,3.128,34.421,0.07363912766018471
44,98,-110.866,32.758,1.907,35.445,0.04084630183047409
44,99,-110.822,32.758,1.666,36.345,0.03747979365937144
44,100,-110.778,32.758,3.369,36.644,0.026663879285495514
44,101,-110.734,32.758,3.57,36.106,0.06265079458732466
44,102,-110.69,32.758,3.359,37.504,0.07898806189969013
44,103,-110.646,32.758,2.251,38.538,0.07660253678725625
44,104,-110.602,32.758,2.509,38.012,0.06495727902132192
44,105,-110.558,32.758,3.91,36.792,0.08376318329418332
44,106,-110.514,32.758,5.703,35.462,0.08324682118988873
44,107,-110.47,32.758,5.922,34.394,0.09147522021390106
44,108,-110.426,32.758,8.255,33.269,0.1345205833026454
44,109,-110.382,32.758,7.163,33.348,0.1455925844834862
44,110,-110.338,32.758,4.646,34.528,0.10634732333886088
44,111,-110.294,32.758,5.588,34.981,0.08185585645233719
44,112,-110.25,32.758,3.966,35.315,0.05652799250346116
44,113,-110.206,32.758,3.496,35.108,0.04206007069128573
44,114,-110.162,32.758,2.348,34.44,0.0447376371187089
44,115,-110.118,32.758,5.533,33.702,0.06754025999191768
44,116,-110.074,32.758,10.694,31.904,0.19455689405904722
44,117,-110.03,32.758,15.733,29.12,0.27952501380774925
44,118,-109.986,32.758,14.179,30.77,0.20213921290085227
44,119,-109.942,32.758,14.178,31.601,0.13588029557030462
44,120,-109.898,32.758,16.434,31.462,0.11275801006327794
44,121,-109.854,32.758,15.205,31.729,0.07850989013140074
44,122,-109.81,32.758,11.459,33.975,0.04758604485348142
44,123,-109.766,32.758,4.431,36.233,0.04010906046199345
44,124,-109.722,32.758,1.141,37.384,0.05501973919854725
44,125,-109.678,32.758,0.683,37.636,0.017383687684637633
44,126,-109.634,32.758,0.58,37.741,-0.010590129792152115
44,127,-109.59,32.758,0.514,37.909,-0.0009194544977294447
44,128,-109.546,32.758,0.623,38.034,-0.0064724943628219735
44,129,-109.502,32.758,0.841,37.825,0.005533460873832264
44,130,-109.458,32.758,0.792,37.465,0.026782470077848734
44,131,-109.414,32.758,1.21,37.021,0.001969317476692461
44,132,-109.37,32.758,1.906,36.499,0.0003580625755296953
44,133,-109.326,32.758,2.494,35.86,0.0022434641690168185
44,134,-109.282,32.758,4.439,35.162,0.0038848930200062227
44,135,-109.238,32.758,3.395,35.175,0.004794713201197458
44,136,-109.194,32.758,3.287,36.097,-0.01090353665471026
44,137,-109.15,32.758,1.641,37.077,0.0010628018149337953
44,138,-109.106,32.758,1.203,37.47,0.003093909156031443
44,139,-109.062,32.758,1.687,37.179,-0.008307779751068212
44,140,-109.018,32.758,2.112,36.398,-0.004721792373305172
45,0,-115.178,32.802,0.144,41.574,0.0013083764911223602
45,1,-115.134,32.802,0.083,41.583,0.0033642150445252323
45,2,-115.09,32.802,0.091,41.586,0.0006356581685088312
45,3,-115.046,32.802,0.068,41.622,-0.0013354458470616012
45,4,-115.002,32.802,0.675,41.701,-0.0038116681635490895
45,5,-114.958,32.802,1.828,41.726,0.00023328231789536947
45,6,-114.914,32.802,1.03,41.722,-0.0015390590506084913
45,7,-114.87,32.802,0.35,41.763,-0.0062897966883752624
45,8,-114.826,32.802,0.755,41.902,-0.0250434616580795
45,9,-114.782,32.802,0.88,42.039,-0.0485251957600048
45,10,-114.738,32.802,1.125,42.13,-0.024923632933413285
45,11,-114.694,32.802,0.806,42.155,-0.006853570737163359
45,12,-114.65,32.802,1.065,42.103,-0.004072995945593752
45,13,-114.606,32.802,0.683,42.067,0.054648666532434394
45,14,-114.562,32.802,0.101,42.065,0.1441559965871634
45,15,-114.518,32.802,0.251,42.078,0.14047896466266885
45,16,-114.474,32.802,1.998,42.131,0.017263041206415197
45,17,-114.43,32.802,2.489,42.278,0.015285278827442232
45,18,-114.386,32.802,2.386,42.161,0.047986903966921145
45,19,-114.342,32.802,1.157,42.025,0.02541801920175368
45,20,-114.298,32.802,5.974,41.829,0.018597660335824263
45,21,-114.254,32.802,4.162,41.879,0.020052174869723386
45,22,-114.21,32.802,2.251,41.887,0.026615419569590574
45,23,-114.166,32.802,2.807,41.875,0.019300139823647207
45,24,-114.122,32.802,4.72,41.846,0.030469405801117008
45,25,-114.078,32.802,0.969,42.001,0.025764764404382908
45,26,-114.034,32.802,0.724,42.127,0.03574878523860149
45,27,-113.99,32.802,0.705,42.275,0.03728454858625825
45,28,-113.946,32.802,0.489,42.355,0.04369406321167002
45,29,-113.902,32.802,0.323,42.326,0.06119268181138577
45,30,-113.858,32.802,0.233,42.264,0.13812907277159878
45,31,-113.814,32.802,0.245,42.211,0.14772431360290303
45,32,-113.77,32.802,0.955,42.185,0.20071109670880094
45,33,-113.726,32.802,0.405,42.218,0.1422533688361974
45,34,-113.682,32.802,0.255,42.295,0.07278801933136946
45,35,-113.638,32.802,0.105,42.42,0.050989513960659434
45,36,-113.594,32.802,0.107,42.412,0.04384054675681947
45,37,-113.55,32.802,0.254,42.318,0.027533523332916948
45,38,-113.506,32.802,0.833,42.161,0.03334982078997788
45,39,-113.462,32.802,0.917,42.037,0.08270659608311609
45,40,-113.418,32.802,0.341,41.804,0.06211563821754136
45,41,-113.374,32.802,0.197,41.544,0.09671100234581027
45,42,-113.33,32.802,0.271,41.358,0.06721399846979773
45,43,-113.286,32.802,0.306,41.238,0.02010741628354978
45,44,-113.242,32.802,0.359,41.182,0.028878610110904444
45,45,-113.198,32.802,0.413,41.162,0.028796145199535803
45,46,-113.154,32.802,0.436,41.159,0.029862005028019892
45,47,-113.11,32.802,0.268,41.131,0.031051430351576283
45,48,-113.066,32.802,0.199,41.09,0.030022278043994016
45,49,-113.022,32.802,0.574,41.032,0.049657410277867436
45,50,-112.978,32.802,0.201,40.995,0.038809049777412785
45,51,-112.934,32.802,0.418,40.972,0.012989292140509012
45,52,-112.89,32.802,0.392,40.948,0.01113339994322069
45,53,-112.846,32.802,3.105,40.806,0.013889679939723693
45,54,-112.802,32.802,0.471,40.873,0.03143117128146096
45,55,-112.758,32.802,0.425,40.865,0.030089434337121978
45,56,-112.714,32.802,0.48,40.739,0.024017123969701307
45,57,-112.67,32.802,0.522,40.616,0.029920505612904914
45,58,-112.626,32.802,0.981,40.402,0.02499953828815661
45,59,-112.582,32.802,3.503,39.897,0.03894959050524115
45,60,-112.538,32.802,7.5,38.78,0.035788397613955907
45,61,-112.494,32.802,3.103,39.114,0.01573242207760319
45,62,-112.45,32.802,2.158,39.02,0.005258005359806417
45,63,-112.406,32.802,3.168,38.89,0.010174930550720671
45,64,-112.362,32.802,1.72,39.209,0.008690813381600417
45,65,-112.318,32.802,1.331,39.472,0.017107469668647114
45,66,-112.274,32.802,1.493,39.683,0.031520761432078596
45,67,-112.23,32.802,0.854,39.785,0.03938451039148154
45,68,-112.186,32.802,2.884,39.36,0.04729540682849733
45,69,-112.142,32.802,5.404,38.925,0.05450510237436424
45,70,-112.098,32.802,5.392,39.389,0.05234675504723765
45,71,-112.054,32.802,1.567,40.297,0.04891710644936073
45,72,-112.01,32.802,0.791,40.752,0.050892819564639605
45,73,-111.966,32.802,0.575,40.98,0.04092819219007673
45,74,-111.922,32.802,0.256,41.046,0.07886725868746047
45,75,-111.878,32.802,0.144,41.038,0.05281327627238179
45,76,-111.834,32.802,0.151,41.023,0.045284464335025414
45,77,-111.79,32.802,0.145,41.051,0.038083421213868034
45,78,-111.746,32.802,0.148,41.099,0.056932361570241855
45,79,-111.702,32.802,2.113,40.918,0.03158413176937363
45,80,-111.658,32.802,0.141,41.162,0.03965090180563123
45,81,-111.614,32.802,0.13,41.296,0.06873770707734107
45,82,-111.57,32.802,0.119,41.212,0.09908086131679374
45,83,-111.526,32.802,0.125,41.048,0.053511075583133845
45,84,-111.482,32.802,0.156,40.934,0.033937308895993404
45,85,-111.438,32.802,0.336,40.801,0.016998375962891978
45,86,-111.394,32.802,2.324,40.423,0.02403595759801912
45,87,-111.35,32.802,1.135,39.873,-0.0045432198319631445
45,88,-111.306,32.802,0.441,39.719,0.030250060763097553
45,89,-111.262,32.802,0.686,39.502,0.02389440661979868
45,90,-111.218,32.802,0.768,39.118,0.022751902029677182
45,91,-111.174,32.802,0.89,38.695,0.034450532334586795
45,92,-111.13,32.802,0.96,38.228,0.044262816124621455
45,93,-111.086,32.802,1.048,37.657,0.06416034083206769
45,94,-111.042,32.802,1.315,37.219,0.07151342006888267
45,95,-110.998,32.802,4.398,36.381,0.06573183727937357
45,96,-110.954,32.802,7.022,34.851,0.10257144983124032
45,97,-110.91,32.802,2.075,34.623,0.0720722667260112
45,98,-110.866,32.802,2.168,35.429,0.04693535322098134
45,99,-110.822,32.802,2.25,36.305,0.03278836214085597
45,100,-110.778,32.802,3.624,37.256,0.025906447243445267
45,101,-110.734,32.802,3.453,37.212,0.06663934620796151
45,102,-110.69,32.802,3.644,38.289,0.10897685241388479
45,103,-110.646,32.802,1.73,38.647,0.052488771380558
45,104,-110.602,32.802,2.764,37.829,0.08345098196081926
45,105,-110.558,32.802,4.608,36.36,0.09430409128454632
45,106,-110.514,32.802,8.82,34.552,0.11340587977948288
45,107,-110.47,32.802,8.276,33.301,0.10984127248168914
45,108,-110.426,32.802,6.37,33.584,0.1166082345708823
45,109,-110.382,32.802,6.04,34.646,0.11253009002720805
45,110,-110.338,32.802,4.278,35.381,0.10312313062145989
45,111,-110.294,32.802,3.931,35.728,0.09925251127972155
45,112,-110.25,32.802,4.644,35.014,0.050154048244472824
45,113,-110.206,32.802,3.72,33.87,0.0723129099405517
45,114,-110.162,32.802,2.534,33.614,0.06630158037536077
45,115,-110.118,32.802,3.242,34.17,0.05261633115670973
45,116,-110.074,32.802,8.809,34.159,0.058567815864177274
45,117,-110.03,32.802,11.791,33.879,0.07851344882197345
45,118,-109.986,32.802,7.198,34.913,0.06972517888508147
45,119,-109.942,32.802,7.934,35.566,0.07088055787146869
45,120,-109.898,32.802,8.24,36.028,0.06038495963917262
45,121,-109.854,32.802,5.135,36.722,0.0518024187155477
45,122,-109.81,32.802,3.555,37.186,0.024419664711808026
45,123,-109.766,32.802,1.869,37.48,0.043970038990451314
45,124,-109.722,32.802,0.842,37.764,0.03446623202907398
45,125,-109.678,32.802,0.626,37.931,0.025010368562155237
45,126,-109.634,32.802,0.696,38.071,0.013978190853596919
45,127,-109.59,32.802,0.811,38.183,-0.0020727098226924973
45,128,-109.546,32.802,0.683,38.081,-0.004525909324210075
45,129,-109.502,32.802,0.729,37.835,0.009305337007081431
45,130,-109.458,32.802,1.111,37.447,0.02965877617522171
45,131,-109.414,32.802,3.24,36.807,0.0017255007223625207
45,132,-109.37,32.802,2.097,36.065,0.0017564667985095434
45,133,-109.326,32.802,4.631,35.151,0.009589322171239435
45,134,-109.282,32.802,3.925,34.74,0.009781199327405619
45,135,-109.238,32.802,4.431,35.098,0.011139280971595746
45,136,-109.194,32.802,2.258,36.466,0.007157187960203569
45,137,-109.15,32.802,1.708,37.41,-0.014044488551657342
45,138,-109.106,32.802,1.608,37.154,-0.0230072461759417
45,139,-109.062,32.802,1.998,36.543,-0.012173990699292677
45,140,-109.018,32.802,2.323,35.642,0.005771264338218427
46,0,-115.178,32.846,0.128,41.59,0.011521690329049018
46,1,-115.134,32.846,0.108,41.599,0.00871539119713754
46,2,-115.09,32.846,0.08,41.633,0.005347039803170146
46,3,-115.046,32.846,0.714,41.707,-0.0022820578639662957
46,4,-115.002,32.846,1.244,41.798,-0.0034758156094168487
46,5,-114.958,32.846,1.018,41.82,-0.0013926016006757436
46,6,-114.914,32.846,0.387,41.868,-0.003141767660961898
46,7,-114.87,32.846,0.51,41.953,-0.009140107710362062
46,8,-114.826,32.846,0.703,41.917,-0.034243224247961654
46,9,-114.782,32.846,4.478,41.955,-0.08420366680363381
46,10,-114.738,32.846,4.299,42.355,-0.03177667240538619
46,11,-114.694,32.846,0.715,42.383,-0.006311636750183626
46,12,-114.65,32.846,0.809,42.271,-0.004711157287109961
46,13,-114.606,32.846,1.318,42.284,-0.02138347034133973
46,14,-114.562,32.846,1.684,42.29,0.0009405604690689532
46,15,-114.518,32.846,3.137,42.207,-0.012054093396205758
46,16,-114.474,32.846,0.723,42.103,0.11274016785137748
46,17,-114.43,32.846,1.026,42.254,0.0440553335789011
46,18,-114.386,32.846,0.61,42.279,0.019433065821649883
46,19,-114.342,32.846,0.499,42.084,0.027447052901412156
46,20,-114.298,32.846,1.098,41.913,0.027612586239533606
46,21,-114.254,32.846,3.658,41.791,0.029830471510542998
46,22,-114.21,32.846,1.75,41.805,0.03944721160615319
46,23,-114.166,32.846,0.716,41.86,0.03378393719713409
46,24,-114.122,32.846,0.833,41.925,0.02668668127096696
46,25,-114.078,32.846,0.721,42.014,0.0174229345316103
46,26,-114.034,32.846,0.804,42.095,0.03168617700819984
46,27,-113.99,32.846,0.742,42.11,0.03533989950120939
46,28,-113.946,32.846,0.637,42.136,0.04155024074405504
46,29,-113.902,32.846,0.534,42.16,0.05829897538919882
46,30,-113.858,32.846,0.441,42.133,0.06633044267997709
46,31,-113.814,32.846,0.313,42.111,0.0649584515939898
46,32,-113.77,32.846,0.266,42.123,0.04624648937091028
46,33,-113.726,32.846,0.238,42.177,0.10032217699268305
46,34,-113.682,32.846,0.507,42.251,0.06177012390340453
46,35,-113.638,32.846,0.309,42.361,0.08093643502710128
46,36,-113.594,32.846,0.303,42.368,0.06256375065525834
46,37,-113.55,32.846,0.267,42.296,0.03707936582720886
46,38,-113.506,32.846,0.296,42.187,0.037657651843712524
46,39,-113.462,32.846,0.301,42.064,0.036195952179946304
46,40,-113.418,32.846,0.236,41.844,0.044099803031853436
46,41,-113.374,32.846,0.186,41.629,0.023019691084914147
46,42,-113.33,32.846,0.282,41.452,0.01007019791935243
46,43,-113.286,32.846,0.355,41.33,0.01569847234184258
46,44,-113.242,32.846,0.562,41.254,0.025626452028639314
46,45,-113.198,32.846,0.558,41.202,0.02979724014649632
46,46,-113.154,32.846,0.254,41.185,0.031286477283784524
46,47,-113.11,32.846,0.374,41.137,0.033955619725015235
46,48,-113.066,32.846,0.276,41.102,0.02607032442672695
46,49,-113.022,32.846,0.145,41.068,0.040894512508087816
46,50,-112.978,32.846,0.204,41.05,0.038235343194246096
46,51,-112.934,32.846,0.312,41.058,0.009448563423003776
46,52,-112.89,32.846,0.319,41.093,0.04580926701860576
46,53,-112.846,32.846,0.553,41.144,0.02362183238826624
46,54,-112.802,32.846,0.518,41.229,0.03150916965690954
46,55,-112.758,32.846,0.395,41.27,0.028708547483269363
46,56,-112.714,32.846,0.442,41.247,0.026097696182039123
46,57,-112.67,32.846,0.485,41.158,0.02709550693799815
46,58,-112.626,32.846,1.349,40.851,0.020457575803557195
46,59,-112.582,32.846,3.262,40.366,0.03643451089762135
46,60,-112.538,32.846,4.501,39.72,0.028445933701307012
46,61,-112.494,32.846,4.623,39.537,0.018747156838976674
46,62,-112.45,32.846,2.518,39.484,0.017390606876045392
46,63,-112.406,32.846,0.88,39.404,0.024456732845673543
46,64,-112.362,32.846,0.756,39.579,0.03168199682001324
46,65,-112.318,32.846,0.875,39.725,0.032287829182102726
46,66,-112.274,32.846,0.498,40.071,0.03952752440483948
46,67,-112.23,32.846,0.555,40.191,0.044163637175421044
46,68,-112.186,32.846,1.501,40.068,0.04926892729858642
46,69,-112.142,32.846,1.891,40.178,0.04791952818176824
46,70,-112.098,32.846,1.263,40.632,0.043383475507291165
46,71,-112.054,32.846,1.042,40.922,0.04211019390707727
46,72,-112.01,32.846,0.589,41.096,0.09141533609836619
46,73,-111.966,32.846,0.365,41.136,0.11597721776578616
46,74,-111.922,32.846,0.127,41.061,0.10719132306046138
46,75,-111.878,32.846,0.141,40.982,0.041503853168628126
46,76,-111.834,32.846,0.135,40.962,0.028150725462460308
46,77,-111.79,32.846,0.207,40.987,0.03953890747486825
46,78,-111.746,32.846,0.315,41.052,0.08486331465976868
46,79,-111.702,32.846,1.934,40.991,0.07866804500567469
46,80,-111.658,32.846,0.146,41.145,0.10853360584055335
46,81,-111.614,32.846,0.152,41.21,0.06889684153293231
46,82,-111.57,32.846,0.124,41.143,0.04979520514334168
46,83,-111.526,32.846,0.131,41.034,0.11007818607815091
46,84,-111.482,32.846,0.134,40.91,0.08786064955655305
46,85,-111.438,32.846,0.333,40.762,0.016221047863477188
46,86,-111.394,32.846,1.169,40.423,0.0173323313586761
46,87,-111.35,32.846,2.906,39.965,-0.0027519572957633324
46,88,-111.306,32.846,0.853,39.719,0.03653755432154457
46,89,-111.262,32.846,0.729,39.5,0.026768659669566257
46,90,-111.218,32.846,0.829,39.09,0.01968954551086454
46,91,-111.174,32.846,0.91,38.653,0.028001512321791124
46,92,-111.13,32.846,1.878,38.139,0.04382078225711312
46,93,-111.086,32.846,4.153,37.294,0.05838505790810578
46,94,-111.042,32.846,1.92,36.914,0.06536981832256332
46,95,-110.998,32.846,1.394,36.484,0.061629075160134876
46,96,-110.954,32.846,2.734,35.715,0.0608591512149313
46,97,-110.91,32.846,1.466,35.275,0.06182370761842449
46,98,-110.866,32.846,2.389,35.434,0.048261366785119025
46,99,-110.822,32.846,2.695,36.16,0.026208460739446132
46,100,-110.778,32.846,2.942,37.259,0.0147129599132548
46,101,-110.734,32.846,4.636,38.167,0.07864981760380063
46,102,-110.69,32.846,1.578,38.987,0.06378851692163154
46,103,-110.646,32.846,2.072,38.533,0.06641116720820359
46,104,-110.602,32.846,4.998,37.731,0.09615799104520135
46,105,-110.558,32.846,7.715,36.361,0.11135684804923147
46,106,-110.514,32.846,10.477,34.486,0.11446918377038416
46,107,-110.47,32.846,3.804,34.237,0.10391886058013636
46,108,-110.426,32.846,5.945,35.077,0.10117228394181758
46,109,-110.382,32.846,5.011,35.646,0.1016676530350148
46,110,-110.338,32.846,3.352,35.911,0.10559153987318595
46,111,-110.294,32.846,5.358,35.228,0.09107398686432329
46,112,-110.25,32.846,9.267,33.297,0.0753295811980625
46,113,-110.206,32.846,4.711,31.983,0.08350614918295209
46,114,-110.162,32.846,5.876,32.403,0.07383849715947309
46,115,-110.118,32.846,2.36,34.201,0.04253946807868303
46,116,-110.074,32.846,3.269,35.558,0.048231539014820635
46,117,-110.03,32.846,2.948,36.238,0.05323657365055035
46,118,-109.986,32.846,2.419,36.841,0.04390431915799235
46,119,-109.942,32.846,1.958,37.324,0.04541293486050339
46,120,-109.898,32.846,1.517,37.588,0.035796442510158746
46,121,-109.854,32.846,1.304,37.693,0.03482309606061396
46,122,-109.81,32.846,0.9,37.923,0.03377292623168777
46,123,-109.766,32.846,0.768,38.01,0.05463230874922227
46,124,-109.722,32.846,0.498,38.12,0.04261525953992727
46,125,-109.678,32.846,0.762,38.172,0.009274193430920797
46,126,-109.634,32.846,0.962,38.176,-0.0011852406165384168
46,127,-109.59,32.846,1.315,38.177,0.003223420736405152
46,128,-109.546,32.846,0.938,38.081,0.007019334013435809
46,129,-109.502,32.846,1.299,37.909,0.0030902175327300087
46,130,-109.458,32.846,1.373,37.407,0.023082629959919002
46,131,-109.414,32.846,2.61,36.586,0.003014111994141245
46,132,-109.37,32.846,5.0,35.424,0.006054806047090019
46,133,-109.326,32.846,7.214,33.98,0.014675623421288324
46,134,-109.282,32.846,4.084,33.952,0.003151922242489138
46,135,-109.238,32.846,4.449,35.004,0.005138344194911977
46,136,-109.194,32.846,2.794,36.503,0.026964637821280814
46,137,-109.15,32.846,1.787,37.313,-0.019040227590086146
46,138,-109.106,32.846,2.07,36.783,-0.02555875049980327
46,139,-109.062,32.846,2.634,35.834,-0.005812500226827383
46,140,-109.018,32.846,3.29,34.877,0.02395615612550052
47,0,-115.178,32.89,0.155,41.592,0.011685157123454835
47,1,-115.134,32.89,0.134,41.646,0.009063768388945966
47,2,-115.09,32.89,0.843,41.735,-0.0008221025647152515
47,3,-115.046,32.89,0.901,41.83,-0.0032147476103340524
47,4,-115.002,32.89,1.413,41.87,-0.00335467631737292
47,5,-114.958,32.89,0.385,41.912,-0.0003840981509460464
47,6,-114.914,32.89,0.455,41.995,-0.004127734617786953
47,7,-114.87,32.89,0.552,42.115,-0.008875563831695008
47,8,-114.826,32.89,3.381,41.874,-0.02780549552560361
47,9,-114.782,32.89,6.358,41.828,-0.0286383197860604
47,10,-114.738,32.89,2.994,42.479,-0.020427506594761738
47,11,-114.694,32.89,0.745,42.555,-0.018091221941717004
47,12,-114.65,32.89,0.817,42.538,-0.030754459469634017
47,13,-114.606,32.89,3.96,42.645,-0.047551981768265035
47,14,-114.562,32.89,5.587,42.611,-0.010699752501254394
47,15,-114.518,32.89,2.849,42.341,-0.008531839504758144
47,16,-114.474,32.89,0.965,42.129,0.06899865888829199
47,17,-114.43,32.89,1.349,42.203,0.025107471315077384
47,18,-114.386,32.89,0.877,42.188,0.010836478069464419
47,19,-114.342,32.89,0.492,42.077,0.01730064194917001
47,20,-114.298,32.89,0.51,41.964,0.023891237523917787
47,21,-114.254,32.89,0.555,41.914,0.030769109862739473
47,22,-114.21,32.89,0.603,41.89,0.035375630244112666
47,23,-114.166,32.89,0.672,41.863,0.02968072943248001
47,24,-114.122,32.89,0.752,41.813,0.019499562422602142
47,25,-114.078,32.89,0.769,41.835,0.014337655692525562
47,26,-114.034,32.89,0.949,41.824,0.02750028623756538
47,27,-113.99,32.89,2.232,41.842,0.035182041665513385
47,28,-113.946,32.89,1.76,41.935,0.044643290711225386
47,29,-113.902,32.89,0.605,42.036,0.0570259850155188
47,30,-113.858,32.89,0.441,42.083,0.06545871155710682
47,31,-113.814,32.89,0.284,42.066,0.05983378470994644
47,32,-113.77,32.89,0.259,42.068,0.02612799932023798
47,33,-113.726,32.89,0.262,42.094,0.032791189214441324
47,34,-113.682,32.89,0.295,42.128,0.0479585658240011
47,35,-113.638,32.89,0.306,42.17,0.0512616330360768
47,36,-113.594,32.89,0.212,42.174,0.05612063422189914
47,37,-113.55,32.89,0.149,42.146,0.07001244267899788
47,38,-113.506,32.89,0.142,42.056,0.08945184870067024
47,39,-113.462,32.89,0.28,41.923,0.06456455501093593
47,40,-113.418,32.89,0.283,41.764,0.0606131268186208
47,41,-113.374,32.89,0.205,41.663,0.0288385011134891
47,42,-113.33,32.89,0.274,41.575,0.01288361588656184
47,43,-113.286,32.89,0.508,41.45,0.008182846613481742
47,44,-113.242,32.89,0.52,41.353,0.0276287705051096
47,45,-113.198,32.89,0.269,41.317,0.033566362012815355
47,46,-113.154,32.89,0.753,41.231,0.036229994794608436
47,47,-113.11,32.89,0.477,41.171,0.03550163158795861
47,48,-113.066,32.89,0.44,41.105,0.02281080680134579
47,49,-113.022,32.89,0.284,41.064,0.043380885035895614
47,50,-112.978,32.89,0.393,41.098,0.03787201537945783
47,51,-112.934,32.89,0.189,41.135,0.15040201546440485
47,52,-112.89,32.89,0.251,41.218,0.08830390824874321
47,53,-112.846,32.89,0.269,41.345,0.056181619531328754
47,54,-112.802,32.89,0.312,41.505,0.03621750385468983
47,55,-112.758,32.89,0.357,41.614,0.03329984139260709
47,56,-112.714,32.89,0.399,41.642,0.02764972440602629
47,57,-112.67,32.89,0.426,41.541,0.0317210900677897
47,58,-112.626,32.89,0.638,41.217,0.02772818107736151
47,59,-112.582,32.89,1.262,40.695,0.03828162612427612
47,60,-112.538,32.89,3.149,40.262,0.032011480851820436
47,61,-112.494,32.89,1.132,40.032,0.022294892877997838
47,62,-112.45,32.89,1.423,39.675,0.023306296643420966
47,63,-112.406,32.89,4.887,39.081,0.042404793838161516
47,64,-112.362,32.89,2.471,39.181,0.03933250362409234
47,65,-112.318,32.89,3.578,39.461,0.039847299514095345
47,66,-112.274,32.89,0.498,40.331,0.03177613217703315
47,67,-112.23,32.89,0.5,40.549,0.03876769627290899
47,68,-112.186,32.89,3.237,40.532,0.04837268755687922
47,69,-112.142,32.89,2.283,40.719,0.04691011405156196
47,70,-112.098,32.89,0.786,41.125,0.05177571355193704
47,71,-112.054,32.89,0.699,41.26,0.08741261003707063
47,72,-112.01,32.89,0.334,41.273,0.10609088355956134
47,73,-111.966,32.89,0.123,41.153,0.08479332277715218
47,74,-111.922,32.89,0.133,41.004,0.09612745353031808
47,75,-111.878,32.89,0.144,40.909,0.043357624520829086
47,76,-111.834,32.89,0.135,40.875,0.05564152325696149
47,77,-111.79,32.89,0.15,40.88,0.09524801445998517
47,78,-111.746,32.89,0.132,40.905,0.0305989790678341
47,79,-111.702,32.89,0.12,40.949,0.0702400288636482
47,80,-111.658,32.89,0.122,40.96,0.09779536865044075
47,81,-111.614,32.89,0.137,41.019,0.1587505329014442
47,82,-111.57,32.89,0.137,41.012,0.08907328797293994
47,83,-111.526,32.89,0.134,40.962,0.10196849858221219
47,84,-111.482,32.89,0.229,40.866,0.07128110148068112
47,85,-111.438,32.89,0.423,40.649,0.027698581231571807
47,86,-111.394,32.89,0.538,40.37,0.020384284537222117
47,87,-111.35,32.89,1.113,40.103,0.002808935158435626
47,88,-111.306,32.89,0.673,39.836,0.02540726639846767
47,89,-111.262,32.89,0.811,39.508,0.022108112778075287
47,90,-111.218,32.89,1.129,39.085,0.021408851344730456
47,91,-111.174,32.89,1.026,38.601,0.030100928835427143
47,92,-111.13,32.89,1.828,38.028,0.04073471620375364
47,93,-111.086,32.89,2.853,37.349,0.05345735047650489
47,94,-111.042,32.89,0.975,36.966,0.056737588465952865
47,95,-110.998,32.89,1.083,36.602,0.07262381115539948
47,96,-110.954,32.89,1.65,36.1,0.07569675045201948
47,97,-110.91,32.89,1.274,35.648,0.05991888595188153
47,98,-110.866,32.89,2.138,35.393,0.06577065791316822
47,99,-110.822,32.89,2.709,36.302,0.027485689069238584
47,100,-110.778,32.89,2.834,37.481,0.013533967999507837
47,101,-110.734,32.89,2.86,38.691,0.07853535221217957
47,102,-110.69,32.89,1.519,38.963,0.04785643320181677
47,103,-110.646,32.89,3.32,37.945,0.07203596550492504
47,104,-110.602,32.89,8.031,36.611,0.09966564699904856
47,105,-110.558,32.89,7.172,36.569,0.10704118583265566
47,106,-110.514,32.89,3.105,35.837,0.0941858192638521
47,107,-110.47,32.89,4.669,35.628,0.1017115311669824
47,108,-110.426,32.89,6.185,35.89,0.10416602497580892
47,109,-110.382,32.89,6.433,35.869,0.10994705852413882
47,110,-110.338,32.89,4.558,35.496,0.10732160651082624
47,111,-110.294,32.89,8.856,34.073,0.10326856782840503
47,112,-110.25,32.89,12.157,32.656,0.06958209846171753
47,113,-110.206,32.89,14.68,31.934,0.09816971837748843
47,114,-110.162,32.89,12.127,31.904,0.07114899784499594
47,115,-110.118,32.89,4.046,33.966,0.05044796668743476
47,116,-110.074,32.89,1.958,35.811,0.04212634418628994
47,117,-110.03,32.89,1.581,36.738,0.04951144827835218
47,118,-109.986,32.89,1.793,37.275,0.04701039479389288
47,119,-109.942,32.89,0.918,37.767,0.03690956114496584
47,120,-109.898,32.89,1.496,38.027,0.025422449010204153
47,121,-109.854,32.89,1.07,38.09,0.057506613884616635
47,122,-109.81,32.89,0.506,38.305,0.0864273538219451
47,123,-109.766,32.89,0.628,38.337,0.04637282805986996
47,124,-109.722,32.89,1.023,38.198,0.01720290298661473
47,125,-109.678,32.89,1.058,37.947,-0.007335009863861723
47,126,-109.634,32.89,1.256,37.662,-0.019127202261238863
47,127,-109.59,32.89,3.206,37.14,-0.02149228669076446
47,128,-109.546,32.89,5.123,36.94,-0.01984306691765439
47,129,-109.502,32.89,2.959,37.451,0.01313415081808864
47,130,-109.458,32.89,3.659,37.348,0.02741262016678367
47,131,-109.414,32.89,4.6,36.35,-0.006554392638503015
47,132,-109.37,32.89,6.193,34.945,0.007216156207435487
47,133,-109.326,32.89,8.611,33.697,0.02398757711026012
47,134,-109.282,32.89,6.746,33.926,-0.0012671668831828174
47,135,-109.238,32.89,4.174,35.47,-0.005959570728554386
47,136,-109.194,32.89,2.875,36.983,0.018147515678223106
47,137,-109.15,32.89,2.344,37.218,-0.020900056949671612
47,138,-109.106,32.89,3.378,36.327,-0.01375555515512753
47,139,-109.062,32.89,2.916,35.391,0.014915449548719263
47,140,-109.018,32.89,7.045,34.099,0.07048982197735286
48,0,-115.178,32.934,0.107,41.632,0.0062000654976186505
48,1,-115.134,32.934,0.955,41.771,1.2468840576902859e-06
48,2,-115.09,32.934,1.274,41.841,-0.0024181609613100124
48,3,-115.046,32.934,1.636,41.867,-0.0009238472479521141
48,4,-115.002,32.934,0.562,41.916,-0.000581413709541302
48,5,-114.958,32.934,0.403,42.014,-0.0009365200243850237
48,6,-114.914,32.934,0.443,42.114,-0.0159524369389586
48,7,-114.87,32.934,0.466,42.23,-0.021894209135516974
48,8,-114.826,32.934,1.528,42.223,-0.01580619027450598
48,9,-114.782,32.934,2.246,42.31,-0.01605033776303854
48,10,-114.738,32.934,1.15,42.65,-0.028859356714981573
48,11,-114.694,32.934,0.74,42.624,-0.035205605005191515
48,12,-114.65,32.934,1.556,42.674,-0.04982176300797305
48,13,-114.606,32.934,2.635,42.837,-0.04434563787238094
48,14,-114.562,32.934,2.509,42.753,-0.01926413192084451
48,15,-114.518,32.934,1.67,42.432,-0.006329078428135328
48,16,-114.474,32.934,1.806,42.179,0.058916600509867356
48,17,-114.43,32.934,1.018,42.162,0.028105479658306273
48,18,-114.386,32.934,0.768,42.144,0.023294648423026264
48,19,-114.342,32.934,0.785,42.129,0.02670641071732999
48,20,-114.298,32.934,0.621,42.053,0.028513665660057187
48,21,-114.254,32.934,0.608,42.023,0.03247917054740735
48,22,-114.21,32.934,0.691,41.928,0.03610034892965511
48,23,-114.166,32.934,0.794,41.607,0.026938633391151972
48,24,-114.122,32.934,1.212,41.31,0.017864977243143634
48,25,-114.078,32.934,1.149,41.264,0.01338079049116173
48,26,-114.034,32.934,1.848,41.264,0.027955712601720552
48,27,-113.99,32.934,2.537,41.465,0.03818070416184857
48,28,-113.946,32.934,2.635,41.769,0.04910726630013032
48,29,-113.902,32.934,0.568,41.969,0.058151668033154975
48,30,-113.858,32.934,0.4,42.044,0.06436157933821039
48,31,-113.814,32.934,0.259,42.032,0.047025356156391585
48,32,-113.77,32.934,0.264,42.014,0.02041914791263238
48,33,-113.726,32.934,0.326,42.008,0.0279435966580862
48,34,-113.682,32.934,0.41,41.98,0.03180424985102464
48,35,-113.638,32.934,0.542,41.916,0.03009854143543663
48,36,-113.594,32.934,0.545,41.876,0.04069447672766336
48,37,-113.55,32.934,0.39,41.89,0.10811652686329416
48,38,-113.506,32.934,0.269,41.843,0.06490069977364699
48,39,-113.462,32.934,0.265,41.756,0.044113983184248695
48,40,-113.418,32.934,0.228,41.687,0.05637616842071625
48,41,-113.374,32.934,0.407,41.646,0.042290812370009034
48,42,-113.33,32.934,0.467,41.648,0.03557659170089207
48,43,-113.286,32.934,0.64,41.624,0.03374615891218476
48,44,-113.242,32.934,0.303,41.531,0.02992549605157242
48,45,-113.198,32.934,0.365,41.474,0.03832268446015771
48,46,-113.154,32.934,0.525,41.394,0.03376870122362892
48,47,-113.11,32.934,0.484,41.353,0.03471592209820117
48,48,-113.066,32.934,1.134,41.216,0.02832987277129505
48,49,-113.022,32.934,2.074,41.143,0.052469228709566974
48,50,-112.978,32.934,0.221,41.233,0.11038389666133798
48,51,-112.934,32.934,0.046,41.255,0.25733365752822474
48,52,-112.89,32.934,0.134,41.347,0.2782970518353411
48,53,-112.846,32.934,0.211,41.519,0.25125589104105595
48,54,-112.802,32.934,0.283,41.719,0.08509704233625025
48,55,-112.758,32.934,0.334,41.832,0.07541529208566193
48,56,-112.714,32.934,0.334,41.857,0.03262235583077277
48,57,-112.67,32.934,0.441,41.71,0.0279419828415112
48,58,-112.626,32.934,0.562,41.42,0.029488993183243897
48,59,-112.582,32.934,2.512,40.855,0.043638275662475336
48,60,-112.538,32.934,0.759,40.496,0.0327460379382594
48,61,-112.494,32.934,0.808,40.051,0.02862729885113843
48,62,-112.45,32.934,2.029,39.358,0.024939869440538307
48,63,-112.406,32.934,6.218,38.787,0.04394718332183557
48,64,-112.362,32.934,5.4,39.255,0.039376630101115126
48,65,-112.318,32.934,4.122,39.707,0.036403288942883714
48,66,-112.274,32.934,0.835,40.568,0.028800869233829865
48,67,-112.23,32.934,0.454,40.805,0.03992878435366359
48,68,-112.186,32.934,1.742,40.982,0.05356577558118507
48,69,-112.142,32.934,0.625,41.183,0.04851799816298163
48,70,-112.098,32.934,0.475,41.375,0.061598510958047054
48,71,-112.054,32.934,0.332,41.432,0.08614529451693823
48,72,-112.01,32.934,0.161,41.302,0.11237957225598384
48,73,-111.966,32.934,0.121,41.117,0.08684223581614159
48,74,-111.922,32.934,0.117,40.964,0.11201801284308811
48,75,-111.878,32.934,0.199,40.805,0.04763609506149967
48,76,-111.834,32.934,0.511,40.691,0.02289528432597246
48,77,-111.79,32.934,0.407,40.668,0.027813253694121794
48,78,-111.746,32.934,0.22,40.691,0.028880864793352567
48,79,-111.702,32.934,0.238,40.677,0.03255309361869374
48,80,-111.658,32.934,0.253,40.684,0.05482413646859181
48,81,-111.614,32.934,0.117,40.906,0.11463449592301482
48,82,-111.57,32.934,0.116,40.957,0.08854097302776796
48,83,-111.526,32.934,0.116,40.942,0.10923765458725629
48,84,-111.482,32.934,0.284,40.842,0.11010674374745283
48,85,-111.438,32.934,0.373,40.629,0.06820293569577525
48,86,-111.394,32.934,0.417,40.352,0.021955884503649364
48,87,-111.35,32.934,0.52,40.127,-0.0007247635287838804
48,88,-111.306,32.934,0.682,39.868,0.027565522045415007
48,89,-111.262,32.934,0.86,39.541,0.020924871120392187
48,90,-111.218,32.934,0.99,39.133,0.018549496892401252
48,91,-111.174,32.934,1.277,38.613,0.026533660896092277
48,92,-111.13,32.934,1.578,38.036,0.03815248139198485
48,93,-111.086,32.934,1.024,37.596,0.05244866045917604
48,94,-111.042,32.934,1.043,37.211,0.053522223965352084
48,95,-110.998,32.934,1.334,36.807,0.06271274381978235
48,96,-110.954,32.934,1.495,36.388,0.06901543037514392
48,97,-110.91,32.934,2.209,36.149,0.05831099650565931
48,98,-110.866,32.934,2.886,35.887,0.05772935892799035
48,99,-110.822,32.934,3.563,37.054,0.031544487340099965
48,100,-110.778,32.934,3.311,38.338,0.022572683910729384
48,101,-110.734,32.934,2.124,39.173,0.06933279222364677
48,102,-110.69,32.934,2.583,38.704,0.06001163502300622
48,103,-110.646,32.934,8.062,37.146,0.07230505090592218
48,104,-110.602,32.934,5.571,35.738,0.08626306602226644
48,105,-110.558,32.934,5.361,36.182,0.08068895550382518
48,106,-110.514,32.934,5.331,36.021,0.07825843948210559
48,107,-110.47,32.934,4.583,35.461,0.0701529447371874
48,108,-110.426,32.934,5.101,35.426,0.10056412276763663
48,109,-110.382,32.934,3.832,35.076,0.10188137436392365
48,110,-110.338,32.934,6.458,34.144,0.14536789588990376
48,111,-110.294,32.934,6.053,32.853,0.1490025171113843
48,112,-110.25,32.934,6.91,32.747,0.08898952506760086
48,113,-110.206,32.934,7.335,34.246,0.06683510483166187
48,114,-110.162,32.934,10.585,34.751,0.06361614788773737
48,115,-110.118,32.934,8.988,35.174,0.04475146069135428
48,116,-110.074,32.934,2.067,36.442,0.029995529391581247
48,117,-110.03,32.934,1.31,37.177,0.038848472391048695
48,118,-109.986,32.934,1.114,37.624,0.04230355823298923
48,119,-109.942,32.934,1.116,37.983,0.035898627471365095
48,120,-109.898,32.934,0.754,38.337,0.08357812758315772
48,121,-109.854,32.934,0.734,38.473,0.08107781947663575
48,122,-109.81,32.934,1.264,38.407,0.040104012557221715
48,123,-109.766,32.934,1.381,38.057,0.015882282890614375
48,124,-109.722,32.934,1.789,37.649,0.0007583040397227754
48,125,-109.678,32.934,2.713,37.061,-0.026151102050546465
48,126,-109.634,32.934,5.782,36.218,-0.026034014052781485
48,127,-109.59,32.934,7.802,35.243,-0.028519199836944543
48,128,-109.546,32.934,3.501,35.557,-0.01384980207946036
48,129,-109.502,32.934,3.414,36.365,0.003097030533931206
48,130,-109.458,32.934,6.095,36.398,0.01890869808773143
48,131,-109.414,32.934,5.822,36.345,-0.00019238960608515223
48,132,-109.37,32.934,3.949,35.829,-0.002800638371866318
48,133,-109.326,32.934,6.584,35.619,0.0004941975646496104
48,134,-109.282,32.934,7.765,35.963,-0.0007196644587966655
48,135,-109.238,32.934,3.371,36.766,0.01139056356078911
48,136,-109.194,32.934,2.228,37.373,0.007595570589724282
48,137,-109.15,32.934,2.675,36.976,-0.013985863236278172
48,138,-109.106,32.934,3.142,35.838,-0.0064028854795673005
48,139,-109.062,32.934,5.212,35.033,0.011309747515461668
48,140,-109.018,32.934,4.874,34.077,0.055375502681220115
49,0,-115.178,32.978,0.867,41.735,-0.001458353160869969
49,1,-115.134,32.978,1.428,41.838,-0.004211056959601161
49,2,-115.09,32.978,1.589,41.87,-0.00035685691847927296
49,3,-115.046,32.978,0.54,41.895,-0.0008628870308874026
49,4,-115.002,32.978,0.559,42.012,-0.0007546258200669543
49,5,-114.958,32.978,0.559,42.148,-0.009755124196513506
49,6,-114.914,32.978,0.517,42.249,-0.05403117830504103
49,7,-114.87,32.978,0.626,42.316,-0.07406877297372741
49,8,-114.826,32.978,0.75,42.352,-0.0644666634915149
49,9,-114.782,32.978,0.555,42.45,-0.04595410236744634
49,10,-114.738,32.978,0.847,42.657,-0.05713409659226458
49,11,-114.694,32.978,1.603,42.565,-0.05660082806703432
49,12,-114.65,32.978,3.343,42.495,-0.07061902180353616
49,13,-114.606,32.978,2.291,42.654,-0.05680971727986944
49,14,-114.562,32.978,1.848,42.702,-0.03679723940534549
49,15,-114.518,32.978,1.99,42.339,0.029594266346584755
49,16,-114.474,32.978,0.959,42.107,0.10193913753154053
49,17,-114.43,32.978,0.895,42.114,0.028366906945280927
49,18,-114.386,32.978,0.863,42.153,0.019849784187787878
49,19,-114.342,32.978,1.648,42.211,0.028113592490057116
49,20,-114.298,32.978,0.677,42.157,0.03329195419340089
49,21,-114.254,32.978,0.658,42.039,0.034239324707520245
49,22,-114.21,32.978,0.806,41.66,0.04140798495164704
49,23,-114.166,32.978,1.699,41.086,0.02786609748324416
49,24,-114.122,32.978,1.404,40.605,0.016951674810049052
49,25,-114.078,32.978,1.867,40.563,0.022973690311170664
49,26,-114.034,32.978,2.923,40.707,0.03665659893840557
49,27,-113.99,32.978,3.246,41.192,0.045647363912572264
49,28,-113.946,32.978,2.222,41.777,0.0492628511616364
49,29,-113.902,32.978,0.622,41.95,0.0559329911893581
49,30,-113.858,32.978,0.369,41.98,0.05555679631852868
49,31,-113.814,32.978,0.275,41.942,0.0396755783187945
49,32,-113.77,32.978,0.358,41.893,0.02629601813917011
49,33,-113.726,32.978,0.418,41.851,0.026141891344372885
49,34,-113.682,32.978,0.589,41.725,0.03481393557285021
49,35,-113.638,32.978,1.962,41.557,0.04339823801211282
49,36,-113.594,32.978,1.843,41.571,0.07329621762062673
49,37,-113.55,32.978,0.695,41.701,0.09210939206370192
49,38,-113.506,32.978,0.325,41.737,0.04960141745404454
49,39,-113.462,32.978,0.302,41.693,0.051801534103000986
49,40,-113.418,32.978,0.306,41.65,0.05633124838350051
49,41,-113.374,32.978,0.291,41.649,0.03390162039410672
49,42,-113.33,32.978,0.512,41.66,0.02666589819242272
49,43,-113.286,32.978,0.358,41.72,0.042029056587434915
49,44,-113.242,32.978,0.734,41.686,0.049837839499394174
49,45,-113.198,32.978,0.575,41.658,0.04776486187593548
49,46,-113.154,32.978,0.809,41.608,0.04400487586997869
49,47,-113.11,32.978,0.866,41.595,0.0463060230737661
49,48,-113.066,32.978,1.018,41.531,0.028215484407083245
49,49,-113.022,32.978,2.258,41.463,0.05123205671164171
49,50,-112.978,32.978,0.548,41.454,0.07923312671752693
49,51,-112.934,32.978,0.273,41.45,0.1661468785621769
49,52,-112.89,32.978,0.27,41.502,0.09375575340853941
49,53,-112.846,32.978,0.332,41.665,0.07089824069296183
49,54,-112.802,32.978,0.374,41.887,0.14212608364752036
49,55,-112.758,32.978,0.33,41.998,0.1190910973823482
49,56,-112.714,32.978,0.376,42.017,0.12878508635946498
49,57,-112.67,32.978,0.528,41.866,0.033537906440859834
49,58,-112.626,32.978,0.579,41.577,0.035314873460738194
49,59,-112.582,32.978,0.564,41.081,0.04830610407714797
49,60,-112.538,32.978,0.666,40.582,0.03376380616861807
49,61,-112.494,32.978,3.436,40.071,0.0279382405748185
49,62,-112.45,32.978,5.341,39.437,0.032837761797477355
49,63,-112.406,32.978,5.186,39.443,0.04208277203185899
49,64,-112.362,32.978,1.888,40.107,0.041891886697261224
49,65,-112.318,32.978,2.161,40.527,0.03707795610485724
49,66,-112.274,32.978,1.379,40.845,0.030776417338034406
49,67,-112.23,32.978,1.696,41.008,0.036760905923390166
49,68,-112.186,32.978,2.017,41.134,0.05509156560443848
49,69,-112.142,32.978,0.935,41.29,0.04532695460032139
49,70,-112.098,32.978,0.349,41.481,0.0611583959570389
49,71,-112.054,32.978,0.17,41.473,0.10962662406416662
49,72,-112.01,32.978,0.108,41.311,0.1907929982436582
49,73,-111.966,32.978,0.107,41.107,0.16738997015490892
49,74,-111.922,32.978,0.276,40.914,0.0645500766968187
49,75,-111.878,32.978,0.539,40.63,0.02258456836733198
49,76,-111.834,32.978,1.706,40.283,0.018156563519875858
49,77,-111.79,32.978,1.223,40.199,0.021790471472183253
49,78,-111.746,32.978,0.46,40.368,0.029107196010931573
49,79,-111.702,32.978,0.688,40.29,0.03260699315322282
49,80,-111.658,32.978,2.119,40.37,0.04200104682804488
49,81,-111.614,32.978,0.118,40.851,0.10746428160498184
49,82,-111.57,32.978,0.136,40.919,0.1338740367894292
49,83,-111.526,32.978,0.149,40.965,0.07941068438757537
49,84,-111.482,32.978,0.225,40.856,0.16366878569480187
49,85,-111.438,32.978,0.315,40.701,0.14314517684558858
49,86,-111.394,32.978,0.411,40.452,0.03801521221143461
49,87,-111.35,32.978,0.576,40.212,-0.0021368046545918186
49,88,-111.306,32.978,0.727,39.944,0.019222158656217916
49,89,-111.262,32.978,0.878,39.632,0.014494450034688737
49,90,-111.218,32.978,0.971,39.255,0.01475553943313365
49,91,-111.174,32.978,1.136,38.815,0.025304401651700573
49,92,-111.13,32.978,1.358,38.324,0.034800593397479936
49,93,-111.086,32.978,1.016,37.896,0.05225355229638796
49,94,-111.042,32.978,1.103,37.423,0.05911719241617666
49,95,-110.998,32.978,1.235,36.936,0.05994370083581379
49,96,-110.954,32.978,3.782,36.916,0.07058613202907532
49,97,-110.91,32.978,4.891,37.374,0.04237347416553838
49,98,-110.866,32.978,5.898,37.432,0.041529119230925844
49,99,-110.822,32.978,3.811,38.589,0.031128796838183752
49,100,-110.778,32.978,2.298,39.3,0.029746217861664273
49,101,-110.734,32.978,1.9,39.148,0.034315978779876584
49,102,-110.69,32.978,4.106,38.469,0.05749109813470073
49,103,-110.646,32.978,4.74,37.096,0.08188429518017389
49,104,-110.602,32.978,3.85,36.528,0.08053461623791248
49,105,-110.558,32.978,2.507,36.099,0.07646753841898729
49,106,-110.514,32.978,3.784,35.33,0.07987189832551816
49,107,-110.47,32.978,3.08,34.533,0.09770396923171079
49,108,-110.426,32.978,5.085,34.383,0.13101726963367144
49,109,-110.382,32.978,4.523,34.211,0.14129114233584503
49,110,-110.338,32.978,6.645,33.158,0.2045791440642651
49,111,-110.294,32.978,9.024,31.879,0.24976266488989057
49,112,-110.25,32.978,10.208,32.071,0.14668314659236986
49,113,-110.206,32.978,7.308,34.364,0.07774534952949116
49,114,-110.162,32.978,3.731,36.031,0.06764898406635435
49,115,-110.118,32.978,3.611,36.759,0.054761809202615516
49,116,-110.074,32.978,1.935,37.143,0.042242798179556826
49,117,-110.03,32.978,1.0,37.58,0.05240373267195712
49,118,-109.986,32.978,1.01,38.025,0.04195572316421849
49,119,-109.942,32.978,0.68,38.4,0.09162545380384826
49,120,-109.898,32.978,0.682,38.705,0.09817938808611636
49,121,-109.854,32.978,1.414,38.516,0.03587532282646473
49,122,-109.81,32.978,2.137,37.985,0.020748163922384828
49,123,-109.766,32.978,2.015,37.289,0.01303595279158817
49,124,-109.722,32.978,3.931,36.499,0.009718026233059009
49,125,-109.678,32.978,6.838,35.171,3.7969760657145556e-05
49,126,-109.634,32.978,8.918,33.713,0.011539505868073263
49,127,-109.59,32.978,4.805,33.925,0.0009077525916013355
49,128,-109.546,32.978,4.68,35.216,-0.012441489556281804
49,129,-109.502,32.978,8.53,35.02,0.01124080925835935
49,130,-109.458,32.978,5.933,34.01,0.02955838475729711
49,131,-109.414,32.978,8.542,35.645,0.013806656039616411
49,132,-109.37,32.978,6.211,36.807,-0.0010036868587391138
49,133,-109.326,32.978,3.784,37.36,0.00847841078622212
49,134,-109.282,32.978,1.903,37.601,0.001838422628235192
49,135,-109.238,32.978,1.614,37.382,0.003788800597583823
49,136,-109.194,32.978,1.65,36.961,-0.0032308680601353503
49,137,-109.15,32.978,2.761,36.252,-0.008656633106113455
49,138,-109.106,32.978,3.32,35.036,-0.00220688496946298
49,139,-109.062,32.978,4.999,33.58,0.02577633488455239
49,140,-109.018,32.978,8.596,32.94,0.09764609500369732
50,0,-115.178,33.022,1.944,41.783,-0.002768676789948283
50,1,-115.134,33.022,0.809,41.846,0.0008545401241446041
50,2,-115.09,33.022,0.485,41.914,-0.003927959400799636
50,3,-115.046,33.022,0.637,42.013,-0.008966131938900432
50,4,-115.002,33.022,0.813,42.125,-0.006727340540460952
50,5,-114.958,33.022,0.685,42.254,-0.018743442181600112
50,6,-114.914,33.022,0.642,42.282,-0.06398736993161254
50,7,-114.87,33.022,0.724,41.997,-0.09968159462673552
50,8,-114.826,33.022,1.834,41.7,-0.10282342060502694
50,9,-114.782,33.022,2.69,42.094,-0.07521033253889552
50,10,-114.738,33.022,3.178,42.498,-0.0616278522127317
50,11,-114.694,33.022,2.303,42.425,-0.048709399565969085
50,12,-114.65,33.022,2.108,42.298,0.019557070045665564
50,13,-114.606,33.022,1.796,42.339,0.028005199652403345
50,14,-114.562,33.022,2.555,42.414,-0.01604727624996836
50,15,-114.518,33.022,2.104,42.179,0.041412796320687895
50,16,-114.474,33.022,0.702,42.07,0.04696330748948364
50,17,-114.43,33.022,0.704,42.105,0.03961950400158969
50,18,-114.386,33.022,0.995,42.162,0.029720035844287368
50,19,-114.342,33.022,1.667,42.248,0.03537940946920335
50,20,-114.298,33.022,0.788,42.215,0.03143636957541616
50,21,-114.254,33.022,0.708,41.84,0.03183672694874588
50,22,-114.21,33.022,0.904,41.282,0.033933176104149414
50,23,-114.166,33.022,3.336,40.603,0.030558806131106394
50,24,-114.122,33.022,4.868,39.874,0.02162794233025335
50,25,-114.078,33.022,3.669,39.939,0.029999068121852376
50,26,-114.034,33.022,5.125,40.354,0.033786831615954846
50,27,-113.99,33.022,5.701,41.116,0.047192676868464414
50,28,-113.946,33.022,1.436,41.795,0.04939136657732452
50,29,-113.902,33.022,0.512,41.947,0.0545819418284437
50,30,-113.858,33.022,0.316,41.934,0.03583773365393877
50,31,-113.814,33.022,0.468,41.847,0.035614327434343535
50,32,-113.77,33.022,0.513,41.772,0.026833097807640437
50,33,-113.726,33.022,0.738,41.652,0.028981436743289454
50,34,-113.682,33.022,3.06,41.461,0.053330034430106074
50,35,-113.638,33.022,5.895,41.389,0.07508308745473748
50,36,-113.594,33.022,3.736,41.441,0.07473908830416302
50,37,-113.55,33.022,4.96,41.567,0.08275350058029822
50,38,-113.506,33.022,0.645,41.654,0.05132093414061825
50,39,-113.462,33.022,0.328,41.652,0.05148481222931201
50,40,-113.418,33.022,0.326,41.628,0.056382014030020834
50,41,-113.374,33.022,0.561,41.66,0.04768969489745817
50,42,-113.33,33.022,1.841,41.673,0.02725975381487774
50,43,-113.286,33.022,0.295,41.744,0.053903836702914286
50,44,-113.242,33.022,0.477,41.773,0.06416076060773797
50,45,-113.198,33.022,0.981,41.754,0.05248243799541399
50,46,-113.154,33.022,1.322,41.665,0.05280393867034012
50,47,-113.11,33.022,1.283,41.758,0.07336239388347403
50,48,-113.066,33.022,1.114,41.931,0.11241778460070108
50,49,-113.022,33.022,2.419,41.838,0.056197073817037965
50,50,-112.978,33.022,1.058,41.761,0.055904500404209384
50,51,-112.934,33.022,0.366,41.732,0.03209168668374043
50,52,-112.89,33.022,0.305,41.718,0.05652587891608274
50,53,-112.846,33.022,0.223,41.801,0.17011534523669777
50,54,-112.802,33.022,0.281,41.911,0.09826765949608347
50,55,-112.758,33.022,1.453,41.791,0.033546028225627744
50,56,-112.714,33.022,3.015,41.868,0.08341728766480584
50,57,-112.67,33.022,0.557,41.964,0.09302047868229141
50,58,-112.626,33.022,0.653,41.647,0.03604798577886641
50,59,-112.582,33.022,0.724,41.087,0.04592887007363435
50,60,-112.538,33.022,1.194,40.471,0.033860747229354775
50,61,-112.494,33.022,2.885,39.73,0.03155136776673366
50,62,-112.45,33.022,3.38,39.578,0.03725879895960173
50,63,-112.406,33.022,0.606,40.167,0.038764917822139935
50,64,-112.362,33.022,1.27,40.493,0.04170462211704942
50,65,-112.318,33.022,0.47,40.806,0.03590081377690463
50,66,-112.274,33.022,0.414,41.041,0.03300428365192916
50,67,-112.23,33.022,0.484,41.189,0.03865030380794445
50,68,-112.186,33.022,1.703,41.272,0.0576397565105913
50,69,-112.142,33.022,2.432,41.439,0.05637791778930389
50,70,-112.098,33.022,0.288,41.576,0.09516599226325606
50,71,-112.054,33.022,0.147,41.516,0.09769056520875992
50,72,-112.01,33.022,0.113,41.354,0.07090407704398516
50,73,-111.966,33.022,0.121,41.167,0.0612319143561483
50,74,-111.922,33.022,0.469,40.937,0.054119671807129795
50,75,-111.878,33.022,0.961,40.617,0.023814332045345263
50,76,-111.834,33.022,1.999,40.295,0.02382608284843686
50,77,-111.79,33.022,1.918,40.272,0.022816307704627625
50,78,-111.746,33.022,1.031,40.417,0.025957167158763162
50,79,-111.702,33.022,4.251,40.319,0.03044831600305431
50,80,-111.658,33.022,3.655,40.584,0.038458350491279054
50,81,-111.614,33.022,0.208,40.956,0.07308739759890283
50,82,-111.57,33.022,0.217,40.978,0.10879759515457124
50,83,-111.526,33.022,0.388,40.981,0.07429327067107562
50,84,-111.482,33.022,0.295,40.867,0.11459070604884683
50,85,-111.438,33.022,0.339,40.784,0.06625840507756424
50,86,-111.394,33.022,0.462,40.603,0.0422339661930148
50,87,-111.35,33.022,0.614,40.408,0.0070795320053107244
50,88,-111.306,33.022,0.849,40.147,0.020542413851891213
50,89,-111.262,33.022,0.951,39.828,0.014736791240809344
50,90,-111.218,33.022,1.019,39.512,0.016226296704881026
50,91,-111.174,33.022,1.584,39.202,0.029749674296884413
50,92,-111.13,33.022,1.761,38.779,0.03631708959617446
50,93,-111.086,33.022,1.348,38.164,0.04403448490015416
50,94,-111.042,33.022,1.435,37.541,0.048029996530516456
50,95,-110.998,33.022,2.679,37.394,0.05983954056394909
50,96,-110.954,33.022,5.124,37.542,0.06891801185193507
50,97,-110.91,33.022,3.358,38.837,0.055512672585536944
50,98,-110.866,33.022,4.432,39.234,0.07177471382112309
50,99,-110.822,33.022,3.025,39.233,0.03297331679976669
50,100,-110.778,33.022,5.79,38.431,0.0035681356633055577
50,101,-110.734,33.022,4.951,38.208,0.05329185832611747
50,102,-110.69,33.022,5.408,38.637,0.06468708559064408
50,103,-110.646,33.022,7.369,37.724,0.07349389469749724
50,104,-110.602,33.022,4.605,37.313,0.0784337232300627
50,105,-110.558,33.022,5.822,36.545,0.0796031485375034
50,106,-110.514,33.022,5.884,35.61,0.08888941468247796
50,107,-110.47,33.022,5.17,34.635,0.1300246445377046
50,108,-110.426,33.022,5.406,34.319,0.17705087557224009
50,109,-110.382,33.022,9.033,34.101,0.17553463100003042
50,110,-110.338,33.022,9.578,32.598,0.19120337361038267
50,111,-110.294,33.022,6.978,31.403,0.16873607305968766
50,112,-110.25,33.022,10.027,32.457,0.09465476331443176
50,113,-110.206,33.022,4.378,34.226,0.08784198941473291
50,114,-110.162,33.022,3.143,35.442,0.06803741883151052
50,115,-110.118,33.022,3.194,36.687,0.035764469107238614
50,116,-110.074,33.022,1.98,37.453,0.03671541297735033
50,117,-110.03,33.022,1.333,38.002,0.03389791208568125
50,118,-109.986,33.022,0.856,38.466,0.060582663976426136
50,119,-109.942,33.022,0.696,38.754,0.11752573587401209
50,120,-109.898,33.022,1.467,38.594,0.05203566576735618
50,121,-109.854,33.022,1.852,38.095,0.042591202124991706
50,122,-109.81,33.022,3.288,37.207,0.04001215737189948
50,123,-109.766,33.022,3.365,36.216,0.027120766381900398
50,124,-109.722,33.022,5.398,34.8,0.027051467043037042
50,125,-109.678,33.022,11.233,32.891,0.03777155532903929
50,126,-109.634,33.022,9.07,31.821,0.030820339739197247
50,127,-109.59,33.022,8.068,33.451,0.013881967683610639
50,128,-109.546,33.022,7.042,34.775,0.023371965838806984
50,129,-109.502,33.022,10.431,33.544,0.041009893510820385
50,130,-109.458,33.022,7.919,32.902,0.04049595561697969
50,131,-109.414,33.022,8.043,35.375,0.02007654852031468
50,132,-109.37,33.022,4.379,36.247,-0.01742511028883593
50,133,-109.326,33.022,3.926,36.82,-0.004191723425031941
50,134,-109.282,33.022,3.509,37.363,0.013939567385153982
50,135,-109.238,33.022,2.286,36.664,0.01629869629062528
50,136,-109.194,33.022,2.707,35.968,0.005357038025148412
50,137,-109.15,33.022,3.843,35.257,0.00045328782147583383
50,138,-109.106,33.022,6.194,34.205,0.018563458181620193
50,139,-109.062,33.022,10.943,31.801,0.130289873566792
50,140,-109.018,33.022,7.283,30.784,0.22935088786232355
51,0,-115.178,33.066,0.382,41.824,-0.0015700122609338962
51,1,-115.134,33.066,0.632,41.934,-0.007149850349930696
51,2,-115.09,33.066,0.811,42.048,-0.012403813574356205
51,3,-115.046,33.066,0.99,42.125,-0.01754574467863476
51,4,-115.002,33.066,2.255,41.962,-0.014052625598833881
51,5,-114.958,33.066,2.674,41.832,-0.018646194591312046
51,6,-114.914,33.066,0.714,41.757,-0.07831859091933603
51,7,-114.87,33.066,2.842,41.214,-0.11359745088480819
51,8,-114.826,33.066,5.728,41.109,-0.1252850245787795
51,9,-114.782,33.066,4.278,42.036,-0.06153234907668073
51,10,-114.738,33.066,3.246,42.457,-0.06004938256161005
51,11,-114.694,33.066,1.63,42.287,0.001229572978351676
51,12,-114.65,33.066,1.069,42.303,0.024240861420619698
51,13,-114.606,33.066,2.398,42.368,0.023822963649290662
51,14,-114.562,33.066,4.276,42.267,0.0229737403687731
51,15,-114.518,33.066,2.381,42.243,0.020835591024406585
51,16,-114.474,33.066,1.163,42.201,0.03226774410263962
51,17,-114.43,33.066,0.671,42.167,0.041839979213904345
51,18,-114.386,33.066,0.697,42.189,0.03592911488780075
51,19,-114.342,33.066,1.56,42.169,0.034867980690607855
51,20,-114.298,33.066,1.02,42.051,0.0349867733377704
51,21,-114.254,33.066,0.84,41.522,0.040652935516344926
51,22,-114.21,33.066,1.009,41.003,0.04187397068146815
51,23,-114.166,33.066,3.718,39.998,0.03887428757166482
51,24,-114.122,33.066,6.462,39.527,0.03636263706358934
51,25,-114.078,33.066,4.45,40.211,0.0335006341584025
51,26,-114.034,33.066,5.376,40.762,0.03438964985479368
51,27,-113.99,33.066,2.2,41.298,0.03059330041811561
51,28,-113.946,33.066,1.294,41.733,0.039185863789831764
51,29,-113.902,33.066,0.484,41.921,0.0467060792950089
51,30,-113.858,33.066,0.338,41.876,0.03141086827268201
51,31,-113.814,33.066,1.146,41.73,0.03122766258567238
51,32,-113.77,33.066,0.92,41.643,0.029972214998579685
51,33,-113.726,33.066,1.399,41.525,0.0347750022534108
51,34,-113.682,33.066,1.518,41.427,0.047065927113833395
51,35,-113.638,33.066,1.024,41.502,0.05863670888388262
51,36,-113.594,33.066,0.909,41.547,0.060648184785424844
51,37,-113.55,33.066,0.888,41.568,0.046858450980319086
51,38,-113.506,33.066,0.408,41.599,0.054683400121921515
51,39,-113.462,33.066,0.38,41.601,0.05611785437799289
51,40,-113.418,33.066,0.373,41.608,0.04977305895013742
51,41,-113.374,33.066,0.325,41.659,0.06173827696121477
51,42,-113.33,33.066,0.342,41.699,0.1318744396319814
51,43,-113.286,33.066,0.352,41.762,0.18789454229021862
51,44,-113.242,33.066,0.374,41.796,0.06224361146226132
51,45,-113.198,33.066,1.324,41.787,0.049911928549230565
51,46,-113.154,33.066,6.635,41.713,0.059622617951521836
51,47,-113.11,33.066,3.02,41.94,0.0458678134121346
51,48,-113.066,33.066,0.222,42.2,0.08761324997152263
51,49,-113.022,33.066,2.62,42.047,0.05106267537238755
51,50,-112.978,33.066,1.363,41.822,0.03984918491047633
51,51,-112.934,33.066,0.601,41.777,0.02740011399003074
51,52,-112.89,33.066,0.601,41.763,0.030958328624457278
51,53,-112.846,33.066,0.609,41.738,0.027684085961023685
51,54,-112.802,33.066,0.666,41.712,0.03299193842436004
51,55,-112.758,33.066,2.403,41.364,0.028534954995353575
51,56,-112.714,33.066,5.077,41.517,0.05415287244164468
51,57,-112.67,33.066,0.444,41.927,0.1461746299544284
51,58,-112.626,33.066,0.787,41.651,0.03747288888284736
51,59,-112.582,33.066,3.28,40.887,0.039768333353344454
51,60,-112.538,33.066,3.072,40.003,0.03365625589642825
51,61,-112.494,33.066,6.741,39.2,0.03466944138946612
51,62,-112.45,33.066,3.088,39.649,0.03568115784047293
51,63,-112.406,33.066,0.745,40.163,0.041022496732364494
51,64,-112.362,33.066,0.551,40.594,0.042002857666217766
51,65,-112.318,33.066,0.411,41.055,0.03732591020839315
51,66,-112.274,33.066,0.433,41.218,0.032882459962446466
51,67,-112.23,33.066,0.238,41.279,0.04129132241544446
51,68,-112.186,33.066,1.793,41.368,0.05512811404813866
51,69,-112.142,33.066,0.317,41.612,0.05938068976507039
51,70,-112.098,33.066,0.204,41.696,0.07422363706604618
51,71,-112.054,33.066,0.124,41.571,0.07787598755559214
51,72,-112.01,33.066,0.133,41.398,0.0676536113825485
51,73,-111.966,33.066,0.12,41.24,0.0763107839161358
51,74,-111.922,33.066,0.448,41.097,0.04092318689837467
51,75,-111.878,33.066,0.626,40.911,0.06607442321463863
51,76,-111.834,33.066,0.724,40.833,0.05897988663289941
51,77,-111.79,33.066,0.743,40.901,0.07434662420342567
51,78,-111.746,33.066,1.159,40.942,0.0426372587103705
51,79,-111.702,33.066,1.326,40.932,0.04743436314301145
51,80,-111.658,33.066,0.331,41.041,0.03746871098157423
51,81,-111.614,33.066,0.275,41.013,0.05189107931222895
51,82,-111.57,33.066,0.409,40.975,0.04202855096818079
51,83,-111.526,33.066,0.815,40.888,0.02962317019471111
51,84,-111.482,33.066,0.448,40.762,0.039366247274002245
51,85,-111.438,33.066,0.419,40.691,0.024378347933420037
51,86,-111.394,33.066,0.52,40.548,0.0198030799467878
51,87,-111.35,33.066,0.491,40.448,0.03457703306966373
51,88,-111.306,33.066,0.856,40.33,0.02374906880974752
51,89,-111.262,33.066,1.108,40.131,0.01574661612421969
51,90,-111.218,33.066,1.556,39.939,0.026100656055236624
51,91,-111.174,33.066,1.912,39.752,0.027419573026552967
51,92,-111.13,33.066,2.143,39.325,0.03136401793542989
51,93,-111.086,33.066,2.679,38.484,0.0487405449766381
51,94,-111.042,33.066,3.284,37.954,0.0556337627966502
51,95,-110.998,33.066,5.017,38.436,0.06636005780838365
51,96,-110.954,33.066,6.564,38.605,0.09030686524178184
51,97,-110.91,33.066,2.285,39.379,0.04689800319122148
51,98,-110.866,33.066,3.314,39.049,0.024564455382485507
51,99,-110.822,33.066,5.689,37.592,0.03328806235699909
51,100,-110.778,33.066,8.996,36.676,0.033411705381089764
51,101,-110.734,33.066,9.585,37.923,0.05499600329434542
51,102,-110.69,33.066,7.607,38.899,0.08860315354807664
51,103,-110.646,33.066,6.237,37.662,0.07854202547554753
51,104,-110.602,33.066,5.927,36.409,0.07872700267125032
51,105,-110.558,33.066,5.49,35.782,0.08688487890682195
51,106,-110.514,33.066,5.952,35.433,0.12058908602557493
51,107,-110.47,33.066,8.006,35.344,0.1365517135565835
51,108,-110.426,33.066,9.364,35.146,0.13332654631046517
51,109,-110.382,33.066,8.146,34.566,0.125573296447929
51,110,-110.338,33.066,9.092,33.552,0.1395201844376431
51,111,-110.294,33.066,11.901,32.004,0.1677482074612088
51,112,-110.25,33.066,13.777,31.617,0.13492964369664423
51,113,-110.206,33.066,7.024,33.211,0.10659959759835885
51,114,-110.162,33.066,3.652,35.151,0.054598581470805076
51,115,-110.118,33.066,2.371,36.884,0.022350793819434066
51,116,-110.074,33.066,1.603,37.944,0.02923258038333927
51,117,-110.03,33.066,1.302,38.539,0.06860474414294529
51,118,-109.986,33.066,1.177,38.711,0.09539092188159456
51,119,-109.942,33.066,3.048,38.289,0.0646231188737311
51,120,-109.898,33.066,2.69,37.569,0.056588069525095895
51,121,-109.854,33.066,5.084,36.62,0.061132347704472574
51,122,-109.81,33.066,7.538,35.455,0.07588802992170934
51,123,-109.766,33.066,8.156,34.872,0.05671347159120096
51,124,-109.722,33.066,7.045,33.237,0.018499821626441183
51,125,-109.678,33.066,7.037,32.435,0.029848292131359692
51,126,-109.634,33.066,6.836,32.505,0.022574713046998592
51,127,-109.59,33.066,5.86,33.889,0.018365912416946528
51,128,-109.546,33.066,6.736,34.562,0.01898248876839289
51,129,-109.502,33.066,9.284,33.294,0.06007751164735173
51,130,-109.458,33.066,9.516,33.719,0.047939705049173865
51,131,-109.414,33.066,5.513,35.264,0.013608085895361555
51,132,-109.37,33.066,5.52,34.926,-0.02124351058651365
51,133,-109.326,33.066,5.364,35.525,0.010441236478200808
51,134,-109.282,33.066,6.719,36.722,0.025248195021181932
51,135,-109.238,33.066,4.06,35.876,0.02042555329096647
51,136,-109.194,33.066,2.887,34.547,0.008883629883965415
51,137,-109.15,33.066,3.991,33.656,0.00856781902948236
51,138,-109.106,33.066,9.168,32.284,0.05463640595481864
51,139,-109.062,33.066,4.485,30.943,0.12024498898732075
51,140,-109.018,33.066,3.861,30.759,0.15450566463056806
52,0,-115.178,33.11,0.898,41.956,-0.018401965679663648
52,1,-115.134,33.11,1.047,42.042,-0.019696067100376607
52,2,-115.09,33.11,1.277,41.771,-0.022798798952648882
52,3,-115.046,33.11,1.791,41.168,-0.02456516839572265
52,4,-115.002,33.11,3.645,40.508,-0.019548437635171178
52,5,-114.958,33.11,3.303,40.759,-0.02908162604854114
52,6,-114.914,33.11,1.483,41.234,-0.08578646194272492
52,7,-114.87,33.11,2.346,41.322,-0.09391350727264552
52,8,-114.826,33.11,4.068,41.642,-0.11442519736686721
52,9,-114.782,33.11,1.989,42.262,-0.0605210718326647
52,10,-114.738,33.11,3.703,42.404,-0.05490534962794173
52,11,-114.694,33.11,2.015,42.315,0.02833915894215089
52,12,-114.65,33.11,2.291,42.354,0.017736779400392137
52,13,-114.606,33.11,3.188,42.42,0.03497215999926293
52,14,-114.562,33.11,2.191,42.322,0.04740847203833456
52,15,-114.518,33.11,2.057,42.346,0.029267894341798533
52,16,-114.474,33.11,1.925,42.346,0.0444537281820585
52,17,-114.43,33.11,0.693,42.258,0.03635113075031145
52,18,-114.386,33.11,0.678,42.229,0.03426415992818116
52,19,-114.342,33.11,1.474,42.124,0.031677035427457895
52,20,-114.298,33.11,0.91,41.833,0.03424339029587993
52,21,-114.254,33.11,0.94,41.339,0.03987836265592227
52,22,-114.21,33.11,1.602,40.579,0.046720304114851584
52,23,-114.166,33.11,6.604,39.6,0.05033965172929897
52,24,-114.122,33.11,5.066,39.895,0.03713870359883046
52,25,-114.078,33.11,1.901,40.754,0.02529225211490059
52,26,-114.034,33.11,1.5,41.116,0.025832088909043392
52,27,-113.99,33.11,0.962,41.345,0.03001292374462082
52,28,-113.946,33.11,0.6,41.652,0.03671982477999283
52,29,-113.902,33.11,0.395,41.844,0.040113518683920074
52,30,-113.858,33.11,0.481,41.784,0.035278191341779966
52,31,-113.814,33.11,0.701,41.575,0.03170931874837666
52,32,-113.77,33.11,1.443,41.434,0.03014446215842565
52,33,-113.726,33.11,1.089,41.31,0.04298117038370007
52,34,-113.682,33.11,1.817,41.235,0.05776479543339692
52,35,-113.638,33.11,1.642,41.425,0.06286848932335619
52,36,-113.594,33.11,0.993,41.543,0.0696826291632534
52,37,-113.55,33.11,0.532,41.555,0.058086530798176314
52,38,-113.506,33.11,0.436,41.55,0.06470466726305257
52,39,-113.462,33.11,2.094,41.588,0.0591273235272552
52,40,-113.418,33.11,0.621,41.583,0.042834102054411405
52,41,-113.374,33.11,0.359,41.614,0.04572326414813801
52,42,-113.33,33.11,0.393,41.64,0.06392920633724729
52,43,-113.286,33.11,0.439,41.709,0.0655200177984062
52,44,-113.242,33.11,0.498,41.716,0.03729180702711535
52,45,-113.198,33.11,1.682,41.61,0.06052298796259779
52,46,-113.154,33.11,1.903,41.696,0.04459131989244938
52,47,-113.11,33.11,0.468,42.023,0.035273571833683286
52,48,-113.066,33.11,0.439,42.151,0.028801317981140256
52,49,-113.022,33.11,2.207,41.82,0.045423700314850796
52,50,-112.978,33.11,8.207,41.225,0.04396287294142391
52,51,-112.934,33.11,4.861,41.152,0.030050985397611384
52,52,-112.89,33.11,1.182,41.408,0.025253342144219194
52,53,-112.846,33.11,1.988,41.246,0.031997796232643656
52,54,-112.802,33.11,2.85,41.076,0.034603323715868106
52,55,-112.758,33.11,2.538,41.186,0.028680648718698812
52,56,-112.714,33.11,4.382,41.642,0.04864047314920486
52,57,-112.67,33.11,0.542,41.859,0.13331429111894885
52,58,-112.626,33.11,1.109,41.494,0.03070245150489978
52,59,-112.582,33.11,3.15,40.778,0.040150982504208246
52,60,-112.538,33.11,5.965,39.896,0.035406651715560004
52,61,-112.494,33.11,6.437,39.713,0.03057149153936166
52,62,-112.45,33.11,1.676,40.21,0.03086072267376097
52,63,-112.406,33.11,3.205,40.455,0.03415023259014793
52,64,-112.362,33.11,1.515,40.821,0.03477392325432824
52,65,-112.318,33.11,0.879,41.243,0.03690095413539751
52,66,-112.274,33.11,0.493,41.285,0.036524815994712224
52,67,-112.23,33.11,2.368,40.957,0.03801537450976578
52,68,-112.186,33.11,2.629,40.642,0.06277304214819292
52,69,-112.142,33.11,0.769,41.238,0.04214390254710483
52,70,-112.098,33.11,0.243,41.787,0.036418454339166816
52,71,-112.054,33.11,0.152,41.664,0.033484536901739706
52,72,-112.01,33.11,0.117,41.503,0.050149933389715386
52,73,-111.966,33.11,0.095,41.384,0.13826339063522117
52,74,-111.922,33.11,0.22,41.316,0.0637293606201832
52,75,-111.878,33.11,0.36,41.238,0.06526886384966961
52,76,-111.834,33.11,0.376,41.244,0.035579229284644937
52,77,-111.79,33.11,0.299,41.267,0.0412890882813581
52,78,-111.746,33.11,0.23,41.245,0.07202663309324181
52,79,-111.702,33.11,1.564,40.884,0.03378187052065507
52,80,-111.658,33.11,2.207,40.581,0.04227276010182391
52,81,-111.614,33.11,0.829,40.681,0.05229334198938674
52,82,-111.57,33.11,1.216,40.705,0.04027968246373355
52,83,-111.526,33.11,0.79,40.676,0.07020684817498578
52,84,-111.482,33.11,0.315,40.601,0.10377126319733304
52,85,-111.438,33.11,0.264,40.536,0.08471049823059577
52,86,-111.394,33.11,0.411,40.43,0.021103678813395012
52,87,-111.35,33.11,1.021,40.308,-0.015801714978735795
52,88,-111.306,33.11,1.248,40.231,0.0173949287638076
52,89,-111.262,33.11,1.874,40.119,0.01722011156574131
52,90,-111.218,33.11,2.588,39.9,0.02590700298316603
52,91,-111.174,33.11,5.05,39.645,0.05227503532043959
52,92,-111.13,33.11,3.823,39.379,0.04704276160299547
52,93,-111.086,33.11,5.139,39.215,0.06151464287808786
52,94,-111.042,33.11,7.629,38.804,0.07855737000418613
52,95,-110.998,33.11,6.129,38.788,0.08176740934256131
52,96,-110.954,33.11,4.266,39.165,0.06374762047662773
52,97,-110.91,33.11,5.518,38.308,0.04420604302764669
52,98,-110.866,33.11,7.088,36.958,0.058888652507140996
52,99,-110.822,33.11,9.139,36.754,0.06649371634518916
52,100,-110.778,33.11,6.528,37.594,0.04119729066225066
52,101,-110.734,33.11,3.477,38.305,0.052866733143552044
52,102,-110.69,33.11,5.814,38.169,0.08639230545697087
52,103,-110.646,33.11,11.121,37.379,0.09701149019366433
52,104,-110.602,33.11,11.523,36.048,0.11383383366963847
52,105,-110.558,33.11,9.266,36.115,0.11182240529657181
52,106,-110.514,33.11,9.182,36.363,0.09214261414032557
52,107,-110.47,33.11,6.463,36.178,0.10501068746289213
52,108,-110.426,33.11,5.419,36.256,0.11342087839545796
52,109,-110.382,33.11,5.2,35.767,0.10966842872067656
52,110,-110.338,33.11,4.638,35.33,0.11282130257247555
52,111,-110.294,33.11,9.547,34.409,0.11813896152802655
52,112,-110.25,33.11,10.372,33.757,0.09381276960017713
52,113,-110.206,33.11,5.889,34.783,0.05085921628708419
52,114,-110.162,33.11,4.703,36.373,0.0369883748854197
52,115,-110.118,33.11,2.471,37.835,0.027088435204530022
52,116,-110.074,33.11,1.567,38.538,0.04309555743937002
52,117,-110.03,33.11,1.911,38.675,0.05502594116664066
52,118,-109.986,33.11,3.094,38.188,0.06663521160294823
52,119,-109.942,33.11,4.473,37.152,0.07065955987685785
52,120,-109.898,33.11,7.912,35.204,0.08472396520350287
52,121,-109.854,33.11,7.255,33.972,0.08138690860753836
52,122,-109.81,33.11,7.252,33.813,0.07006238138756472
52,123,-109.766,33.11,6.513,33.317,0.05171389614492108
52,124,-109.722,33.11,2.725,32.841,0.041839947313268615
52,125,-109.678,33.11,3.292,33.444,0.028106221599126194
52,126,-109.634,33.11,4.667,33.841,0.01761683333268644
52,127,-109.59,33.11,4.978,33.91,0.0096846430556785
52,128,-109.546,33.11,3.577,33.785,0.026457281409052267
52,129,-109.502,33.11,6.508,33.97,0.056208974540386286
52,130,-109.458,33.11,8.59,34.514,0.04690333243402423
52,131,-109.414,33.11,9.217,33.302,0.045662229313465134
52,132,-109.37,33.11,12.437,32.742,-0.035216543542115904
52,133,-109.326,33.11,14.047,33.225,0.027957155840007974
52,134,-109.282,33.11,7.86,35.342,0.04739180819814549
52,135,-109.238,33.11,7.668,35.017,0.036075807801720566
52,136,-109.194,33.11,7.255,32.956,0.03051504532624933
52,137,-109.15,33.11,8.153,32.235,0.04820405030723887
52,138,-109.106,33.11,5.922,31.545,0.047524326451228734
52,139,-109.062,33.11,3.292,31.503,0.06726907424104699
52,140,-109.018,33.11,2.869,31.421,0.08300014890820434
53,0,-115.178,33.154,1.935,41.577,-0.02459472958871681
53,1,-115.134,33.154,2.139,41.081,-0.024536081345985457
53,2,-115.09,33.154,4.822,40.238,-0.028381611477477565
53,3,-115.046,33.154,6.129,39.853,-0.029186135163512067
53,4,-115.002,33.154,4.697,39.918,-0.012434895195109161
53,5,-114.958,33.154,4.572,40.562,-0.024541667859553796
53,6,-114.914,33.154,1.523,41.4,-0.07754868885087517
53,7,-114.87,33.154,0.928,41.888,-0.08148715309966374
53,8,-114.826,33.154,1.304,42.274,-0.10539642673790822
53,9,-114.782,33.154,1.299,42.609,-0.06277941255450421
53,10,-114.738,33.154,3.98,42.537,-0.04772803784545711
53,11,-114.694,33.154,2.264,42.219,-0.0021381401335098522
53,12,-114.65,33.154,2.302,42.17,0.013865041911491278
53,13,-114.606,33.154,2.604,42.223,0.03809235963170622
53,14,-114.562,33.154,3.298,42.088,0.048990105710402625
53,15,-114.518,33.154,2.51,42.292,0.03208006050904622
53,16,-114.474,33.154,1.966,42.327,0.03855139479039379
53,17,-114.43,33.154,1.406,42.295,0.03780585664850466
53,18,-114.386,33.154,0.833,42.299,0.0335804450771656
53,19,-114.342,33.154,1.559,41.914,0.03254761411584853
53,20,-114.298,33.154,0.841,41.593,0.042939549129644324
53,21,-114.254,33.154,1.268,41.076,0.044358841936723355
53,22,-114.21,33.154,5.963,39.772,0.06151179571413917
53,23,-114.166,33.154,4.916,39.928,0.049198400913271406
53,24,-114.122,33.154,2.407,40.516,0.030912331347519712
53,25,-114.078,33.154,1.43,40.98,0.026456342442016383
53,26,-114.034,33.154,0.73,41.273,0.030029014615407235
53,27,-113.99,33.154,0.77,41.388,0.03202425610853799
53,28,-113.946,33.154,0.436,41.453,0.025963594487929016
53,29,-113.902,33.154,0.649,41.518,0.026806841398180202
53,30,-113.858,33.154,0.873,41.349,0.03795668755109125
53,31,-113.814,33.154,4.007,41.143,0.041748027668414095
53,32,-113.77,33.154,1.939,41.11,0.039429942743991
53,33,-113.726,33.154,2.748,40.951,0.05365241644860877
53,34,-113.682,33.154,4.273,40.966,0.06474496452199906
53,35,-113.638,33.154,2.83,41.203,0.06084680411707067
53,36,-113.594,33.154,2.468,41.336,0.07859447174287336
53,37,-113.55,33.154,0.615,41.492,0.06351077358048024
53,38,-113.506,33.154,0.445,41.524,0.05975396591017198
53,39,-113.462,33.154,0.361,41.559,0.04491818314283029
53,40,-113.418,33.154,0.782,41.502,0.04612161347543772
53,41,-113.374,33.154,0.743,41.495,0.04580274120885158
53,42,-113.33,33.154,0.51,41.519,0.022201848840944557
53,43,-113.286,33.154,0.536,41.571,0.011054042260796511
53,44,-113.242,33.154,1.042,41.574,0.038014167450862765
53,45,-113.198,33.154,6.286,41.49,0.06288290380204214
53,46,-113.154,33.154,2.917,41.661,0.03817785115989083
53,47,-113.11,33.154,0.592,41.879,0.034127348226779014
53,48,-113.066,33.154,0.476,41.927,0.024594471101960745
53,49,-113.022,33.154,1.237,41.66,0.040598165656665755
53,50,-112.978,33.154,4.389,41.21,0.036233081412663196
53,51,-112.934,33.154,3.383,40.971,0.024099357885785898
53,52,-112.89,33.154,4.914,40.597,0.030854297228267137
53,53,-112.846,33.154,5.472,40.562,0.03722172020384166
53,54,-112.802,33.154,6.392,40.882,0.03489719338711503
53,55,-112.758,33.154,4.838,41.381,0.037338439333709346
53,56,-112.714,33.154,0.422,41.837,0.11547640022377065
53,57,-112.67,33.154,0.672,41.797,0.07122714673035142
53,58,-112.626,33.154,3.216,41.242,0.02464525115372641
53,59,-112.582,33.154,4.884,40.455,0.04259676603330533
53,60,-112.538,33.154,3.03,40.228,0.032377652536679145
53,61,-112.494,33.154,1.777,40.289,0.027175147726514696
53,62,-112.45,33.154,1.86,40.481,0.033245537695700884
53,63,-112.406,33.154,0.71,40.908,0.0378758393797268
53,64,-112.362,33.154,0.309,41.101,0.036314406391223936
53,65,-112.318,33.154,0.377,41.292,0.034997010526926324
53,66,-112.274,33.154,0.728,41.145,0.03551794732654589
53,67,-112.23,33.154,4.605,40.43,0.05037989237826936
53,68,-112.186,33.154,10.719,39.848,0.05284257135271728
53,69,-112.142,33.154,5.219,41.061,0.04130535206747179
53,70,-112.098,33.154,0.228,41.889,0.05902593983252626
53,71,-112.054,33.154,0.162,41.776,0.026688433884567812
53,72,-112.01,33.154,0.623,41.664,0.02981563892172889
53,73,-111.966,33.154,0.213,41.579,0.02967850563765302
53,74,-111.922,33.154,0.138,41.494,0.055998670584239296
53,75,-111.878,33.154,0.378,41.401,0.02309698762010015
53,76,-111.834,33.154,0.28,41.356,0.0476180190426511
53,77,-111.79,33.154,0.197,41.317,0.05052706163015313
53,78,-111.746,33.154,1.139,41.058,0.02987446011535314
53,79,-111.702,33.154,4.585,40.091,0.03190751767196655
53,80,-111.658,33.154,4.332,40.17,0.040722173693794446
53,81,-111.614,33.154,1.796,40.377,0.051508090096070075
53,82,-111.57,33.154,0.555,40.519,0.06007248876213391
53,83,-111.526,33.154,0.218,40.537,0.07412951577004927
53,84,-111.482,33.154,0.198,40.465,0.06567394528457646
53,85,-111.438,33.154,0.266,40.434,0.021055603670017423
53,86,-111.394,33.154,0.338,40.378,0.005799220110572137
53,87,-111.35,33.154,0.444,40.23,-0.025392302880534064
53,88,-111.306,33.154,0.777,40.022,0.009481879416359881
53,89,-111.262,33.154,1.566,39.654,0.0108835875256053
53,90,-111.218,33.154,3.665,39.069,0.01375844119055202
53,91,-111.174,33.154,4.323,38.405,0.026055890874182183
53,92,-111.13,33.154,8.489,37.706,0.034059611271168896
53,93,-111.086,33.154,6.429,38.193,0.051887549877779854
53,94,-111.042,33.154,7.405,38.234,0.06725665604909965
53,95,-110.998,33.154,9.361,38.438,0.027241015974276802
53,96,-110.954,33.154,8.114,37.751,0.04605151710775205
53,97,-110.91,33.154,8.873,36.559,0.06580291618942131
53,98,-110.866,33.154,6.46,36.608,0.08237131322356687
53,99,-110.822,33.154,4.704,37.147,0.03844438123550484
53,100,-110.778,33.154,3.958,37.363,0.017543990276403482
53,101,-110.734,33.154,7.076,36.282,0.04890597779557709
53,102,-110.69,33.154,9.564,35.57,0.09453232021127164
53,103,-110.646,33.154,13.736,36.556,0.10303510186187155
53,104,-110.602,33.154,12.023,36.564,0.10112886010377002
53,105,-110.558,33.154,6.508,37.419,0.107258900599578
53,106,-110.514,33.154,7.568,37.782,0.09858146207581447
53,107,-110.47,33.154,5.422,37.479,0.09153500556196258
53,108,-110.426,33.154,3.61,37.668,0.10500080082611898
53,109,-110.382,33.154,3.586,37.459,0.091350876158144
53,110,-110.338,33.154,3.911,37.199,0.08116566439370439
53,111,-110.294,33.154,4.644,37.02,0.0689761751817172
53,112,-110.25,33.154,4.189,37.03,0.04446314842986566
53,113,-110.206,33.154,3.835,37.464,0.028996713807178894
53,114,-110.162,33.154,2.928,38.095,0.034336859208736234
53,115,-110.118,33.154,2.05,38.722,0.04316509441862552
53,116,-110.074,33.154,2.262,38.641,0.021408219741832414
53,117,-110.03,33.154,2.945,38.102,0.048597278900761695
53,118,-109.986,33.154,3.509,37.17,0.07644774522360961
53,119,-109.942,33.154,5.75,35.52,0.09429778524096352
53,120,-109.898,33.154,9.391,33.162,0.10321028214107938
53,121,-109.854,33.154,4.672,32.679,0.06626502354263195
53,122,-109.81,33.154,3.142,33.31,0.0453934926641584
53,123,-109.766,33.154,4.631,33.267,0.036810819538489206
53,124,-109.722,33.154,2.549,33.505,0.04413805291397601
53,125,-109.678,33.154,3.453,33.622,0.0391353736060854
53,126,-109.634,33.154,4.201,33.28,0.04372122609883518
53,127,-109.59,33.154,5.888,32.564,0.04343786941408176
53,128,-109.546,33.154,4.429,32.801,0.03818016031863467
53,129,-109.502,33.154,5.204,34.362,0.05623368829807996
53,130,-109.458,33.154,8.195,34.653,0.06734419704535904
53,131,-109.414,33.154,10.632,32.275,0.10130737060501521
53,132,-109.37,33.154,12.796,31.107,0.07317942766152592
53,133,-109.326,33.154,8.555,31.394,0.07534243547539474
53,134,-109.282,33.154,9.747,33.701,0.061021411605197466
53,135,-109.238,33.154,10.098,35.187,0.05569612376201563
53,136,-109.194,33.154,9.065,33.441,0.04143776697314996
53,137,-109.15,33.154,7.355,33.259,0.04259704080355984
53,138,-109.106,33.154,5.871,32.99,0.0200890639816451
53,139,-109.062,33.154,4.648,32.322,0.022927552895882615
53,140,-109.018,33.154,2.821,31.823,0.07713357115743719
54,0,-115.178,33.198,5.733,40.158,-0.03583729602069899
54,1,-115.134,33.198,5.074,40.147,-0.027617436790804896
54,2,-115.09,33.198,4.25,40.147,-0.030009543369870245
54,3,-115.046,33.198,2.708,40.389,-0.027758825144898237
54,4,-115.002,33.198,1.745,40.667,-0.014778204498712413
54,5,-114.958,33.198,2.144,41.06,-0.017572180622285022
54,6,-114.914,33.198,1.004,41.72,-0.07909740244497819
54,7,-114.87,33.198,1.259,42.138,-0.06835848648884654
54,8,-114.826,33.198,2.71,42.316,-0.11401414393964907
54,9,-114.782,33.198,1.725,42.582,-0.05545722222334262
54,10,-114.738,33.198,1.628,42.502,-0.040656213149888855
54,11,-114.694,33.198,1.856,42.09,-0.006128789736293234
54,12,-114.65,33.198,2.191,42.021,0.023129971987246055
54,13,-114.606,33.198,2.539,42.171,0.042276804077741155
54,14,-114.562,33.198,2.87,41.881,0.048009311765116365
54,15,-114.518,33.198,1.726,41.95,0.03682459119606144
54,16,-114.474,33.198,1.594,41.815,0.03486830348392585
54,17,-114.43,33.198,1.939,41.861,0.03687716236992258
54,18,-114.386,33.198,1.185,41.785,0.033892780987634645
54,19,-114.342,33.198,1.765,41.433,0.03202154533384155
54,20,-114.298,33.198,1.106,41.164,0.043789672138523326
54,21,-114.254,33.198,3.392,40.654,0.04824722503212625
54,22,-114.21,33.198,7.242,39.584,0.05972315591088594
54,23,-114.166,33.198,3.621,40.228,0.04944551643400274
54,24,-114.122,33.198,0.811,40.793,0.028850775873827256
54,25,-114.078,33.198,0.667,41.074,0.025682114408149458
54,26,-114.034,33.198,0.478,41.3,0.03167948018057906
54,27,-113.99,33.198,0.538,41.35,0.025794305235212405
54,28,-113.946,33.198,0.781,41.254,0.019504993068757196
54,29,-113.902,33.198,1.174,41.078,0.02771577270963475
54,30,-113.858,33.198,2.512,40.815,0.046200833130556965
54,31,-113.814,33.198,4.174,40.686,0.05444060966647313
54,32,-113.77,33.198,2.514,40.796,0.04731812810809725
54,33,-113.726,33.198,1.379,40.879,0.0508869058288334
54,34,-113.682,33.198,1.654,41.028,0.055390451452073275
54,35,-113.638,33.198,1.058,41.197,0.05700484603818283
54,36,-113.594,33.198,0.99,41.328,0.06512010981156333
54,37,-113.55,33.198,0.488,41.487,0.05895860213249133
54,38,-113.506,33.198,0.395,41.507,0.05417166009442602
54,39,-113.462,33.198,0.378,41.446,0.038662465422142536
54,40,-113.418,33.198,0.345,41.373,0.04015788511873785
54,41,-113.374,33.198,0.744,41.37,0.0438112925592518
54,42,-113.33,33.198,0.579,41.36,0.021597184766215145
54,43,-113.286,33.198,0.996,41.339,0.017299656922823023
54,44,-113.242,33.198,1.362,41.306,0.0439341574061822
54,45,-113.198,33.198,1.207,41.384,0.04276960560616112
54,46,-113.154,33.198,1.587,41.469,0.03272014733509027
54,47,-113.11,33.198,2.102,41.599,0.04034488131867167
54,48,-113.066,33.198,0.652,41.623,0.021751886082375566
54,49,-113.022,33.198,1.486,41.379,0.04100691855240212
54,50,-112.978,33.198,2.213,41.001,0.036613804035375265
54,51,-112.934,33.198,2.337,40.923,0.034030784749153435
54,52,-112.89,33.198,4.496,40.852,0.03316202090541025
54,53,-112.846,33.198,3.051,40.999,0.03321611244497211
54,54,-112.802,33.198,3.25,41.255,0.0333739674728957
54,55,-112.758,33.198,1.862,41.646,0.06463739641587006
54,56,-112.714,33.198,0.33,41.841,0.07430054439578555
54,57,-112.67,33.198,0.702,41.753,0.07287716192971992
54,58,-112.626,33.198,1.954,41.411,0.026082442390491938
54,59,-112.582,33.198,3.102,40.843,0.05528176109409859
54,60,-112.538,33.198,2.146,40.794,0.04090672196036797
54,61,-112.494,33.198,1.28,40.877,0.03304218547093181
54,62,-112.45,33.198,2.055,41.005,0.03748874836029018
54,63,-112.406,33.198,0.369,41.262,0.06343097719732171
54,64,-112.362,33.198,0.346,41.261,0.04298354231128831
54,65,-112.318,33.198,0.482,41.239,0.036482262344295274
54,66,-112.274,33.198,0.794,40.811,0.03833587254805734
54,67,-112.23,33.198,6.538,39.592,0.033776086953390676
54,68,-112.186,33.198,13.975,39.604,0.043816296054849733
54,69,-112.142,33.198,0.788,41.61,0.06861824696496382
54,70,-112.098,33.198,0.115,41.894,0.0421386155163519
54,71,-112.054,33.198,0.14,41.782,0.03382660268575229
54,72,-112.01,33.198,0.148,41.693,0.025305100042493513
54,73,-111.966,33.198,0.189,41.608,0.02500568257160325
54,74,-111.922,33.198,0.124,41.523,0.0313176494591421
54,75,-111.878,33.198,0.131,41.456,0.05999786386469586
54,76,-111.834,33.198,0.111,41.357,0.04884373502626407
54,77,-111.79,33.198,0.168,41.293,0.08346194924611594
54,78,-111.746,33.198,1.519,41.031,0.044184227931825255
54,79,-111.702,33.198,5.506,40.406,0.042809335374544746
54,80,-111.658,33.198,2.659,40.396,0.03947932436313045
54,81,-111.614,33.198,1.928,40.443,0.08675844332495655
54,82,-111.57,33.198,0.434,40.487,0.0798911382927421
54,83,-111.526,33.198,0.228,40.488,0.0835795962327312
54,84,-111.482,33.198,0.26,40.444,0.0299920586385345
54,85,-111.438,33.198,0.291,40.401,0.016356060277001667
54,86,-111.394,33.198,0.365,40.338,0.0023520795816379812
54,87,-111.35,33.198,0.493,40.19,-0.015900043772902765
54,88,-111.306,33.198,0.774,39.895,0.010801772355205845
54,89,-111.262,33.198,2.071,39.373,0.008517934822168697
54,90,-111.218,33.198,4.363,38.445,0.011756759247716703
54,91,-111.174,33.198,5.462,37.258,0.01678386716868451
54,92,-111.13,33.198,5.642,36.441,0.029940507946032143
54,93,-111.086,33.198,6.415,36.613,0.036982523517161775
54,94,-111.042,33.198,8.085,36.398,0.061461006231034385
54,95,-110.998,33.198,9.987,37.604,0.03834575207828474
54,96,-110.954,33.198,11.783,36.364,0.08125503131070985
54,97,-110.91,33.198,4.283,35.984,0.0706009340128839
54,98,-110.866,33.198,4.263,36.03,0.03771441195842702
54,99,-110.822,33.198,5.98,35.694,0.03815026758921017
54,100,-110.778,33.198,11.403,34.941,0.03296047929544771
54,101,-110.734,33.198,11.946,33.66,0.0729643260224505
54,102,-110.69,33.198,6.493,34.649,0.09337642144492327
54,103,-110.646,33.198,9.49,35.346,0.09055411015234631
54,104,-110.602,33.198,7.662,35.378,0.0930646446989572
54,105,-110.558,33.198,5.74,36.617,0.09407209004874309
54,106,-110.514,33.198,4.571,37.741,0.0791578324217688
54,107,-110.47,33.198,0.836,38.198,0.0526989654738261
54,108,-110.426,33.198,1.426,38.381,0.00030049448626732464
54,109,-110.382,33.198,1.715,38.411,0.02820731800739373
54,110,-110.338,33.198,1.814,38.425,0.08255021794933015
54,111,-110.294,33.198,2.003,38.446,0.0544739422696132
54,112,-110.25,33.198,2.061,38.533,0.04169450232832439
54,113,-110.206,33.198,2.02,38.621,0.0460194903146916
54,114,-110.162,33.198,1.733,38.62,0.026317853208930285
54,115,-110.118,33.198,1.773,38.606,0.010555332174957082
54,116,-110.074,33.198,4.413,37.899,0.03065261202627079
54,117,-110.03,33.198,5.059,37.0,0.06953259505437791
54,118,-109.986,33.198,7.189,36.007,0.09030121742792367
54,119,-109.942,33.198,9.186,33.596,0.11609460130144207
54,120,-109.898,33.198,4.345,32.723,0.07817070590907123
54,121,-109.854,33.198,1.61,33.04,0.06614912347230334
54,122,-109.81,33.198,0.927,33.46,0.043357549556082634
54,123,-109.766,33.198,1.06,33.573,0.049792589818170495
54,124,-109.722,33.198,2.502,33.253,0.07687926162262103
54,125,-109.678,33.198,5.426,32.447,0.07528591028575952
54,126,-109.634,33.198,6.233,31.689,0.06383383052532852
54,127,-109.59,33.198,7.255,31.556,0.07163237833439133
54,128,-109.546,33.198,6.645,31.706,0.05506412704943045
54,129,-109.502,33.198,4.838,33.766,0.04938618401119237
54,130,-109.458,33.198,5.244,34.188,0.0669247977540193
54,131,-109.414,33.198,8.159,32.111,0.09566243345292706
54,132,-109.37,33.198,9.248,30.043,0.16982660758629298
54,133,-109.326,33.198,9.955,30.503,0.08963752823672409
54,134,-109.282,33.198,10.316,32.375,0.059566314072990026
54,135,-109.238,33.198,7.035,34.544,0.0376459896871796
54,136,-109.194,33.198,9.329,34.947,0.02949282514206061
54,137,-109.15,33.198,9.617,34.892,0.051738043772474096
54,138,-109.106,33.198,9.754,34.25,0.014916454046220304
54,139,-109.062,33.198,6.081,32.363,0.009757830130180391
54,140,-109.018,33.198,3.743,31.664,0.05036436115026086
55,0,-115.178,33.242,1.356,40.11,-0.04399812337614213
55,1,-115.134,33.242,1.692,40.441,-0.030594353733457154
55,2,-115.09,33.242,1.872,40.783,-0.03406598997373228
55,3,-115.046,33.242,0.808,40.996,-0.03552978009745887
55,4,-115.002,33.242,0.734,41.176,-0.03526818238703959
55,5,-114.958,33.242,0.785,41.517,-0.033468617664585365
55,6,-114.914,33.242,0.775,41.937,-0.05274362116059073
55,7,-114.87,33.242,0.744,42.154,-0.05564431097388112
55,8,-114.826,33.242,2.034,42.235,-0.07390899464805291
55,9,-114.782,33.242,1.722,42.362,-0.05855579493591725
55,10,-114.738,33.242,1.3,42.309,-0.044516884099468905
55,11,-114.694,33.242,0.911,41.967,0.025561807451895825
55,12,-114.65,33.242,1.535,41.903,0.03990985791387873
55,13,-114.606,33.242,3.918,41.886,0.04717231747951517
55,14,-114.562,33.242,3.117,41.419,0.04748021004151287
55,15,-114.518,33.242,2.238,40.855,0.03510451581765013
55,16,-114.474,33.242,4.055,40.818,0.043974419648929446
55,17,-114.43,33.242,2.554,41.241,0.034697910097178555
55,18,-114.386,33.242,3.249,40.669,0.041698288100124846
55,19,-114.342,33.242,4.154,40.193,0.04576427930625042
55,20,-114.298,33.242,3.296,40.426,0.05852419495633328
55,21,-114.254,33.242,2.713,40.639,0.03246631704644061
55,22,-114.21,33.242,3.558,40.189,0.04723136086200486
55,23,-114.166,33.242,1.72,40.465,0.033078178903906234
55,24,-114.122,33.242,0.63,40.738,0.021702035931816584
55,25,-114.078,33.242,0.585,40.899,0.02546232410449343
55,26,-114.034,33.242,0.755,40.975,0.03078508936439832
55,27,-113.99,33.242,0.92,40.948,0.02466798610745263
55,28,-113.946,33.242,1.757,40.568,0.025589542922109545
55,29,-113.902,33.242,4.154,40.005,0.04201668790129605
55,30,-113.858,33.242,3.808,40.123,0.051801464947968646
55,31,-113.814,33.242,1.426,40.487,0.051245591954894844
55,32,-113.77,33.242,1.071,40.704,0.04376411648047743
55,33,-113.726,33.242,1.006,40.883,0.049905979236180106
55,34,-113.682,33.242,0.528,41.054,0.058579057130781334
55,35,-113.638,33.242,0.498,41.206,0.057948524175155385
55,36,-113.594,33.242,0.453,41.32,0.060901824073600466
55,37,-113.55,33.242,0.438,41.437,0.06248093810394282
55,38,-113.506,33.242,0.686,41.491,0.05263240906447642
55,39,-113.462,33.242,0.397,41.33,0.03725024520769475
55,40,-113.418,33.242,1.241,41.173,0.04825111559630532
55,41,-113.374,33.242,2.77,41.039,0.047132279038534335
55,42,-113.33,33.242,2.547,41.107,0.031243357290460662
55,43,-113.286,33.242,1.74,41.055,0.0344788210877228
55,44,-113.242,33.242,2.696,40.934,0.04400577453775369
55,45,-113.198,33.242,1.991,41.01,0.03223894725679178
55,46,-113.154,33.242,4.986,41.154,0.02888488031219219
55,47,-113.11,33.242,4.05,41.328,0.03663523234228229
55,48,-113.066,33.242,1.743,41.396,0.03573637819831538
55,49,-113.022,33.242,2.934,41.252,0.04344788356500845
55,50,-112.978,33.242,1.982,41.116,0.03238530817505538
55,51,-112.934,33.242,1.697,41.175,0.028645745631335914
55,52,-112.89,33.242,2.234,41.35,0.03300088891330728
55,53,-112.846,33.242,1.245,41.487,0.03109059791474551
55,54,-112.802,33.242,1.445,41.599,0.09577038920116776
55,55,-112.758,33.242,1.724,41.659,0.06722697516245363
55,56,-112.714,33.242,2.72,41.346,0.021545956134674884
55,57,-112.67,33.242,0.995,41.476,0.023580076425541253
55,58,-112.626,33.242,0.659,41.642,0.02983801457591464
55,59,-112.582,33.242,1.26,41.481,0.05722907913438585
55,60,-112.538,33.242,0.607,41.363,0.03382367457815367
55,61,-112.494,33.242,0.494,41.406,0.040225858845092215
55,62,-112.45,33.242,0.422,41.414,0.0875718901507116
55,63,-112.406,33.242,0.319,41.405,0.06333009846638356
55,64,-112.362,33.242,0.51,41.241,0.041076198394369025
55,65,-112.318,33.242,0.913,40.744,0.04000195694749215
55,66,-112.274,33.242,8.958,39.305,0.032199994469977324
55,67,-112.23,33.242,14.561,39.065,0.029617631978726605
55,68,-112.186,33.242,7.537,40.869,0.08544586085072686
55,69,-112.142,33.242,0.164,41.901,0.08650867482935563
55,70,-112.098,33.242,0.217,41.833,0.07732520191988879
55,71,-112.054,33.242,0.138,41.702,0.07942194106887096
55,72,-112.01,33.242,0.118,41.612,0.09739151842881028
55,73,-111.966,33.242,0.093,41.533,0.02685524987391262
55,74,-111.922,33.242,0.1,41.479,0.060408556846478154
55,75,-111.878,33.242,0.112,41.437,0.06979991772076956
55,76,-111.834,33.242,0.154,41.341,0.05169583932274884
55,77,-111.79,33.242,0.16,41.23,0.059053396392087704
55,78,-111.746,33.242,0.209,40.994,0.0919889723365343
55,79,-111.702,33.242,0.354,40.735,0.07138930421682912
55,80,-111.658,33.242,0.279,40.615,0.07519513161665009
55,81,-111.614,33.242,0.227,40.516,0.08588036862081777
55,82,-111.57,33.242,0.231,40.487,0.07497211092289885
55,83,-111.526,33.242,0.378,40.486,0.05239542948091291
55,84,-111.482,33.242,0.329,40.488,0.02680447231280128
55,85,-111.438,33.242,0.356,40.461,0.0025421711453802553
55,86,-111.394,33.242,0.409,40.359,-0.003332007903119878
55,87,-111.35,33.242,0.464,40.17,-0.02707371660719606
55,88,-111.306,33.242,0.671,39.851,0.00861829794733869
55,89,-111.262,33.242,1.844,39.227,0.010153752081742358
55,90,-111.218,33.242,5.541,38.055,0.013679872458831543
55,91,-111.174,33.242,5.31,37.158,0.012982437659994598
55,92,-111.13,33.242,6.418,37.01,0.020737521524908285
55,93,-111.086,33.242,4.525,36.659,0.03925949056455357
55,94,-111.042,33.242,7.125,35.45,0.06864068534774921
55,95,-110.998,33.242,9.769,36.322,0.09287085042983519
55,96,-110.954,33.242,8.415,36.38,0.10946913422508542
55,97,-110.91,33.242,4.098,36.067,0.06970409616094296
55,98,-110.866,33.242,7.236,34.626,0.06733412029520724
55,99,-110.822,33.242,8.619,33.27,0.06728625768172568
55,100,-110.778,33.242,6.415,33.287,0.06114780389115218
55,101,-110.734,33.242,4.671,34.139,0.0591195846174179
55,102,-110.69,33.242,3.212,35.322,0.08427681182578989
55,103,-110.646,33.242,5.954,34.896,0.09423362370966283
55,104,-110.602,33.242,7.686,34.301,0.09404724242350646
55,105,-110.558,33.242,5.207,35.75,0.09097943363051815
55,106,-110.514,33.242,3.478,36.947,0.07903486720250874
55,107,-110.47,33.242,1.986,37.956,0.07838085161543383
55,108,-110.426,33.242,1.75,38.388,0.09821769026318267
55,109,-110.382,33.242,1.638,38.467,0.051607006673775914
55,110,-110.338,33.242,1.474,38.467,0.048740776070421446
55,111,-110.294,33.242,1.741,38.43,0.03032425213534516
55,112,-110.25,33.242,1.87,38.439,0.021445328063797956
55,113,-110.206,33.242,2.062,38.187,0.025915039320230468
55,114,-110.162,33.242,3.13,37.721,0.033550029634270256
55,115,-110.118,33.242,4.603,37.091,0.03718210924350576
55,116,-110.074,33.242,6.847,35.88,0.06288547040076477
55,117,-110.03,33.242,6.625,35.212,0.08820065185763759
55,118,-109.986,33.242,6.899,33.924,0.07511158194878376
55,119,-109.942,33.242,6.022,33.079,0.06388718772768608
55,120,-109.898,33.242,0.943,33.155,0.06513189306625233
55,121,-109.854,33.242,0.638,33.332,0.06519949209585853
55,122,-109.81,33.242,0.741,33.542,0.048243537061421184
55,123,-109.766,33.242,1.814,33.152,0.059357297248257126
55,124,-109.722,33.242,7.576,31.96,0.13250601921238425
55,125,-109.678,33.242,5.382,30.913,0.12876754043647357
55,126,-109.634,33.242,5.054,31.091,0.08375240906884249
55,127,-109.59,33.242,8.165,31.363,0.08158338180597557
55,128,-109.546,33.242,9.336,32.173,0.05157633606576764
55,129,-109.502,33.242,5.876,33.581,0.05445475181035083
55,130,-109.458,33.242,5.041,33.325,0.054983420853441656
55,131,-109.414,33.242,6.406,31.765,0.08305947429615551
55,132,-109.37,33.242,7.271,30.241,0.13807069320440268
55,133,-109.326,33.242,6.42,30.615,0.09287535296882489
55,134,-109.282,33.242,8.158,32.225,0.06062624064218661
55,135,-109.238,33.242,9.122,32.914,0.04897763824378936
55,136,-109.194,33.242,6.941,34.459,0.029601755944783842
55,137,-109.15,33.242,8.142,34.151,0.022177786960267936
55,138,-109.106,33.242,11.525,33.276,0.025099114614705584
55,139,-109.062,33.242,8.558,32.93,0.03363941485294799
55,140,-109.018,33.242,11.71,32.659,0.06701726589898664
56,0,-115.178,33.286,0.579,40.603,-0.04420633808942151
56,1,-115.134,33.286,0.699,40.8,-0.04285755278657351
56,2,-115.09,33.286,0.86,41.001,-0.04258199234709488
56,3,-115.046,33.286,0.623,41.333,-0.03838696150414781
56,4,-115.002,33.286,0.598,41.699,-0.0446737862089332
56,5,-114.958,33.286,0.637,41.904,-0.04834411826841392
56,6,-114.914,33.286,0.654,42.047,-0.044864031809283285
56,7,-114.87,33.286,0.639,42.154,-0.042012470970724254
56,8,-114.826,33.286,0.675,42.21,-0.04994407633569717
56,9,-114.782,33.286,1.12,42.248,-0.05213231842534467
56,10,-114.738,33.286,0.844,42.228,-0.016149947269722055
56,11,-114.694,33.286,0.133,41.978,0.11881048812445276
56,12,-114.65,33.286,1.124,41.851,0.044013570105147455
56,13,-114.606,33.286,4.629,41.77,0.041758298221392855
56,14,-114.562,33.286,5.978,41.019,0.04721697426440475
56,15,-114.518,33.286,4.043,40.46,0.03983692310414776
56,16,-114.474,33.286,5.128,40.718,0.046762304323935126
56,17,-114.43,33.286,1.284,41.022,0.036726378785597535
56,18,-114.386,33.286,1.703,40.668,0.038538417954998995
56,19,-114.342,33.286,3.382,40.251,0.04059082022059176
56,20,-114.298,33.286,3.753,40.268,0.05364203084259518
56,21,-114.254,33.286,1.538,40.635,0.039350484161032616
56,22,-114.21,33.286,3.558,40.45,0.03860216595103116
56,23,-114.166,33.286,2.599,40.297,0.028635234166868192
56,24,-114.122,33.286,1.151,40.371,0.019095355242565535
56,25,-114.078,33.286,1.269,40.392,0.024449662201215184
56,26,-114.034,33.286,1.67,40.297,0.03340779950573096
56,27,-113.99,33.286,2.552,40.138,0.03480708696410183
56,28,-113.946,33.286,5.404,39.746,0.0397393530652254
56,29,-113.902,33.286,5.21,39.426,0.056656132225561644
56,30,-113.858,33.286,2.671,39.856,0.05723703308714621
56,31,-113.814,33.286,1.117,40.286,0.054946874978328494
56,32,-113.77,33.286,0.875,40.55,0.041928744461467334
56,33,-113.726,33.286,0.789,40.779,0.04578747629754555
56,34,-113.682,33.286,0.577,40.974,0.05600402929442934
56,35,-113.638,33.286,0.596,41.125,0.061391806603272814
56,36,-113.594,33.286,1.381,41.255,0.07389286797597233
56,37,-113.55,33.286,0.487,41.354,0.060928841371311694
56,38,-113.506,33.286,1.12,41.33,0.05639534069192242
56,39,-113.462,33.286,1.238,41.186,0.05212922836481424
56,40,-113.418,33.286,1.359,41.13,0.04185742278955705
56,41,-113.374,33.286,1.134,41.048,0.04089782921819379
56,42,-113.33,33.286,1.882,40.94,0.028345877425502056
56,43,-113.286,33.286,3.224,40.834,0.03582821606571906
56,44,-113.242,33.286,3.551,40.78,0.035985578510437786
56,45,-113.198,33.286,1.941,40.999,0.025363915710394716
56,46,-113.154,33.286,0.833,41.192,0.006576644084333149
56,47,-113.11,33.286,0.92,41.312,0.020031606604433597
56,48,-113.066,33.286,0.913,41.324,0.0320279885617879
56,49,-113.022,33.286,0.637,41.291,0.03836719276496616
56,50,-112.978,33.286,1.377,41.333,0.03171932012611094
56,51,-112.934,33.286,0.662,41.404,0.023384549813224017
56,52,-112.89,33.286,0.495,41.505,0.040424516175046346
56,53,-112.846,33.286,0.396,41.587,0.05650382329342546
56,54,-112.802,33.286,0.295,41.705,0.15968630189290564
56,55,-112.758,33.286,0.903,41.766,0.12936684939928608
56,56,-112.714,33.286,4.943,41.485,0.042852409595791424
56,57,-112.67,33.286,3.286,41.635,0.031852417813903904
56,58,-112.626,33.286,0.759,41.83,0.027790788771721937
56,59,-112.582,33.286,0.948,41.74,0.0541685631734278
56,60,-112.538,33.286,1.16,41.488,0.0365495990867425
56,61,-112.494,33.286,0.564,41.669,0.05382669815281416
56,62,-112.45,33.286,0.343,41.575,0.050231033880303685
56,63,-112.406,33.286,0.549,41.374,0.03859772250379006
56,64,-112.362,33.286,2.244,40.764,0.032617933200520616
56,65,-112.318,33.286,10.062,39.595,0.035466606038836
56,66,-112.274,33.286,15.642,39.979,0.02716360273458855
56,67,-112.23,33.286,5.578,41.08,0.05864416162957777
56,68,-112.186,33.286,0.368,41.775,0.11622980545012196
56,69,-112.142,33.286,0.6,41.723,0.04936227328783561
56,70,-112.098,33.286,0.566,41.531,0.04578959725725809
56,71,-112.054,33.286,0.649,41.434,0.05193140338212013
56,72,-112.01,33.286,0.336,41.428,0.04591946532971464
56,73,-111.966,33.286,0.174,41.452,0.029515004787875783
56,74,-111.922,33.286,0.104,41.443,0.050964792143421776
56,75,-111.878,33.286,0.128,41.408,0.030865599135561323
56,76,-111.834,33.286,0.123,41.318,0.04703517028289858
56,77,-111.79,33.286,0.159,41.173,0.047976407336804916
56,78,-111.746,33.286,0.173,40.948,0.08043854154941699
56,79,-111.702,33.286,0.189,40.747,0.05604965198925067
56,80,-111.658,33.286,0.207,40.576,0.04383932622471199
56,81,-111.614,33.286,0.199,40.436,0.07267271803949252
56,82,-111.57,33.286,0.262,40.507,0.04319579982874463
56,83,-111.526,33.286,0.37,40.582,0.03493839857823836
56,84,-111.482,33.286,0.393,40.594,0.026413401144405445
56,85,-111.438,33.286,0.422,40.56,0.0007505418716796241
56,86,-111.394,33.286,0.51,40.433,-0.00956340126148903
56,87,-111.35,33.286,0.956,40.177,-0.033150717704490275
56,88,-111.306,33.286,1.807,39.775,0.02305572168699602
56,89,-111.262,33.286,2.888,39.203,0.01600612949091422
56,90,-111.218,33.286,4.072,38.562,0.017861173438185992
56,91,-111.174,33.286,4.552,38.161,0.022920304402719062
56,92,-111.13,33.286,3.422,37.805,0.034112071431456344
56,93,-111.086,33.286,7.848,36.537,0.06296702257221153
56,94,-111.042,33.286,4.533,35.184,0.08262239616345884
56,95,-110.998,33.286,5.26,34.889,0.08822643131021883
56,96,-110.954,33.286,5.649,36.001,0.08576339148715155
56,97,-110.91,33.286,6.382,35.344,0.08275624278725824
56,98,-110.866,33.286,10.122,32.596,0.14301148913090997
56,99,-110.822,33.286,13.483,29.233,0.22253561491550117
56,100,-110.778,33.286,10.476,31.465,0.07007357901165831
56,101,-110.734,33.286,4.041,34.71,0.06981687643129361
56,102,-110.69,33.286,4.188,35.81,0.07746400797700467
56,103,-110.646,33.286,6.532,35.618,0.09375956076407263
56,104,-110.602,33.286,5.757,35.031,0.1001031351235534
56,105,-110.558,33.286,3.976,35.334,0.09144331784495204
56,106,-110.514,33.286,2.962,36.769,0.07759537376578464
56,107,-110.47,33.286,1.78,37.855,0.09059282676163641
56,108,-110.426,33.286,1.351,38.38,0.07867175395899358
56,109,-110.382,33.286,2.719,38.212,0.06516842906658735
56,110,-110.338,33.286,3.759,37.855,0.06957740125024502
56,111,-110.294,33.286,3.371,37.634,0.05098432860731201
56,112,-110.25,33.286,3.807,37.36,0.03326573615248284
56,113,-110.206,33.286,3.792,36.69,0.041876797172121366
56,114,-110.162,33.286,6.023,36.002,0.05884356172849661
56,115,-110.118,33.286,5.007,35.297,0.056208604922637566
56,116,-110.074,33.286,3.61,34.358,0.07784661021113043
56,117,-110.03,33.286,4.881,33.63,0.038554625726024534
56,118,-109.986,33.286,1.15,33.152,0.04834017829374626
56,119,-109.942,33.286,0.603,33.163,0.060151546109295004
56,120,-109.898,33.286,0.251,33.451,0.07574550803465004
56,121,-109.854,33.286,0.56,33.415,0.07659370979133241
56,122,-109.81,33.286,1.662,33.053,0.07282483545251664
56,123,-109.766,33.286,5.249,31.889,0.1260405661294744
56,124,-109.722,33.286,6.703,30.561,0.1853386730669825
56,125,-109.678,33.286,3.931,30.489,0.15636612556006033
56,126,-109.634,33.286,3.612,31.056,0.08204735303881963
56,127,-109.59,33.286,7.239,31.546,0.0426124515212304
56,128,-109.546,33.286,8.82,31.473,0.03520628235152455
56,129,-109.502,33.286,5.649,32.571,0.042617182033250274
56,130,-109.458,33.286,3.469,33.567,0.04691139297484675
56,131,-109.414,33.286,4.308,32.845,0.04076507031455462
56,132,-109.37,33.286,4.515,31.734,0.05955802293594034
56,133,-109.326,33.286,6.349,31.244,0.04504135808781766
56,134,-109.282,33.286,6.681,32.11,0.04577459132861452
56,135,-109.238,33.286,7.092,33.502,0.04338036519306563
56,136,-109.194,33.286,4.95,34.82,0.030512834487318504
56,137,-109.15,33.286,6.623,33.833,0.0265691866031971
56,138,-109.106,33.286,7.606,31.255,0.061051573065164906
56,139,-109.062,33.286,6.668,30.685,0.035727900043163216
56,140,-109.018,33.286,7.506,31.312,0.07746132453464558
57,0,-115.178,33.33,0.808,40.808,-0.04104054658718589
57,1,-115.134,33.33,0.571,40.977,-0.03943286716533658
57,2,-115.09,33.33,1.228,41.14,-0.05281183234442787
57,3,-115.046,33.33,0.486,41.547,-0.03884511475797335
57,4,-115.002,33.33,0.436,41.854,-0.039844280059852855
57,5,-114.958,33.33,0.424,41.947,-0.041978551195712456
57,6,-114.914,33.33,0.436,42.035,-0.04439104384006642
57,7,-114.87,33.33,0.969,42.086,-0.055037096718935107
57,8,-114.826,33.33,1.881,42.028,-0.06545132067428674
57,9,-114.782,33.33,4.23,42.091,-0.06454693119140707
57,10,-114.738,33.33,1.549,42.147,-0.057489349733677385
57,11,-114.694,33.33,0.063,41.946,0.10386984249535577
57,12,-114.65,33.33,0.988,41.811,0.035144104466002496
57,13,-114.606,33.33,1.584,41.822,0.046361817542231086
57,14,-114.562,33.33,5.647,41.44,0.050499967792195816
57,15,-114.518,33.33,4.25,41.314,0.04148585052118071
57,16,-114.474,33.33,2.404,41.051,0.03704197230356401
57,17,-114.43,33.33,2.041,41.139,0.03827283240284744
57,18,-114.386,33.33,0.817,41.09,0.034868537742751476
57,19,-114.342,33.33,1.217,40.857,0.033899981515803285
57,20,-114.298,33.33,1.782,40.77,0.0400462194308788
57,21,-114.254,33.33,1.643,40.89,0.02467050617978476
57,22,-114.21,33.33,0.871,40.773,0.02726237562880522
57,23,-114.166,33.33,2.353,40.46,0.025904095298857132
57,24,-114.122,33.33,2.056,39.921,0.014686597509601782
57,25,-114.078,33.33,3.678,38.769,0.02394207060721314
57,26,-114.034,33.33,7.413,37.874,0.035947985551304976
57,27,-113.99,33.33,7.191,38.127,0.05163032776175367
57,28,-113.946,33.33,4.465,38.605,0.05089617138945978
57,29,-113.902,33.33,2.922,38.926,0.07006702038129918
57,30,-113.858,33.33,3.065,39.465,0.0632249814168621
57,31,-113.814,33.33,1.136,40.049,0.05313580371843294
57,32,-113.77,33.33,1.001,40.41,0.04232106116308134
57,33,-113.726,33.33,1.05,40.621,0.053691709855274404
57,34,-113.682,33.33,1.609,40.614,0.07072710873846383
57,35,-113.638,33.33,5.748,40.113,0.10268869767506661
57,36,-113.594,33.33,4.803,40.618,0.09661782334522012
57,37,-113.55,33.33,1.253,41.089,0.07110339688039394
57,38,-113.506,33.33,0.822,41.236,0.04986305535450481
57,39,-113.462,33.33,0.729,41.091,0.03383745463791376
57,40,-113.418,33.33,1.688,40.974,0.0387676341983569
57,41,-113.374,33.33,1.118,40.976,0.04175569683983124
57,42,-113.33,33.33,0.957,40.895,0.030882187607009667
57,43,-113.286,33.33,0.881,40.789,0.04359377923546092
57,44,-113.242,33.33,2.126,40.724,0.054422061597292695
57,45,-113.198,33.33,0.591,41.091,0.023538651942817942
57,46,-113.154,33.33,0.872,41.23,0.009623729414980624
57,47,-113.11,33.33,1.828,41.329,0.0208464880198065
57,48,-113.066,33.33,0.322,41.376,0.033114733638269174
57,49,-113.022,33.33,1.452,41.346,0.03825093205478487
57,50,-112.978,33.33,1.48,41.39,0.037957107168155854
57,51,-112.934,33.33,0.31,41.475,0.02546084765963243
57,52,-112.89,33.33,0.246,41.517,0.03725794078995263
57,53,-112.846,33.33,0.279,41.517,0.03255327095699869
57,54,-112.802,33.33,0.498,41.545,0.0430291585440705
57,55,-112.758,33.33,0.678,41.565,0.09022671072700224
57,56,-112.714,33.33,0.881,41.671,0.15268538245791366
57,57,-112.67,33.33,0.543,41.869,0.21122998410840413
57,58,-112.626,33.33,0.47,41.953,0.16472202418889956
57,59,-112.582,33.33,1.152,41.928,0.11319930381625802
57,60,-112.538,33.33,2.368,41.833,0.08076305116425452
57,61,-112.494,33.33,0.826,41.958,0.039886690345974224
57,62,-112.45,33.33,0.89,41.706,0.04159607015462743
57,63,-112.406,33.33,1.143,41.332,0.035301909718444865
57,64,-112.362,33.33,4.255,40.813,0.029457848721166354
57,65,-112.318,33.33,9.981,40.467,0.039291133904259326
57,66,-112.274,33.33,1.803,41.505,0.0673309920711354
57,67,-112.23,33.33,0.255,41.932,0.08465079418367201
57,68,-112.186,33.33,0.357,41.89,0.06998720146057895
57,69,-112.142,33.33,4.674,41.246,0.029262955237366984
57,70,-112.098,33.33,7.074,40.462,0.00646760561145569
57,71,-112.054,33.33,5.519,40.143,0.021966947328479338
57,72,-112.01,33.33,2.04,40.645,0.035242745695708406
57,73,-111.966,33.33,0.432,41.262,0.04857495523824469
57,74,-111.922,33.33,0.095,41.402,0.06378815105899382
57,75,-111.878,33.33,0.097,41.374,0.03330341030174346
57,76,-111.834,33.33,0.109,41.305,0.02798288031701968
57,77,-111.79,33.33,0.137,41.174,0.056167381484366556
57,78,-111.746,33.33,0.142,40.962,0.07886353396438836
57,79,-111.702,33.33,0.18,40.815,0.0822886750765484
57,80,-111.658,33.33,0.238,40.598,0.02753579221034162
57,81,-111.614,33.33,0.291,40.514,0.06331191266632648
57,82,-111.57,33.33,0.338,40.633,0.035392492090698
57,83,-111.526,33.33,0.432,40.732,0.031146609879313326
57,84,-111.482,33.33,0.477,40.705,0.02289444529625677
57,85,-111.438,33.33,0.523,40.62,0.0014753026662157251
57,86,-111.394,33.33,0.621,40.475,-0.003751942147699537
57,87,-111.35,33.33,1.669,40.051,-0.027073108598505438
57,88,-111.306,33.33,3.435,39.399,0.018029083028776635
57,89,-111.262,33.33,2.912,38.914,0.015589821167417188
57,90,-111.218,33.33,2.767,38.452,0.029595828750788113
57,91,-111.174,33.33,2.621,37.916,0.03253173553915795
57,92,-111.13,33.33,4.359,37.126,0.0486630047566073
57,93,-111.086,33.33,10.176,35.525,0.07884865486314674
57,94,-111.042,33.33,5.085,34.318,0.1055996840552638
57,95,-110.998,33.33,6.307,33.781,0.1480622704560748
57,96,-110.954,33.33,7.972,34.179,0.1070208372820524
57,97,-110.91,33.33,6.456,33.771,0.11105148692171057
57,98,-110.866,33.33,11.059,31.672,0.15368817228724818
57,99,-110.822,33.33,11.507,32.69,0.1360517987436654
57,100,-110.778,33.33,8.13,34.315,0.06361593741035412
57,101,-110.734,33.33,3.289,35.656,0.07293101324484465
57,102,-110.69,33.33,2.635,36.606,0.08674419387565582
57,103,-110.646,33.33,2.914,36.88,0.08752140285808518
57,104,-110.602,33.33,3.541,36.599,0.08841521950325548
57,105,-110.558,33.33,3.517,36.694,0.0886903841120616
57,106,-110.514,33.33,2.011,37.371,0.0761312048664282
57,107,-110.47,33.33,2.167,37.941,0.07924088985980919
57,108,-110.426,33.33,2.246,38.186,0.08791802626002118
57,109,-110.382,33.33,3.948,37.424,0.07637596696344483
57,110,-110.338,33.33,5.835,36.324,0.08257699905143764
57,111,-110.294,33.33,4.938,36.089,0.05014762876311587
57,112,-110.25,33.33,3.713,35.85,0.05745398917914074
57,113,-110.206,33.33,5.68,34.813,0.08571644232216835
57,114,-110.162,33.33,6.245,33.953,0.08432323292928366
57,115,-110.118,33.33,5.481,33.326,0.05504297417747532
57,116,-110.074,33.33,3.792,33.176,0.02100369033029976
57,117,-110.03,33.33,1.415,33.373,0.03594433923831898
57,118,-109.986,33.33,1.047,33.339,0.053299012290415074
57,119,-109.942,33.33,0.59,33.391,0.07039894702859263
57,120,-109.898,33.33,3.292,33.172,0.10877515871496564
57,121,-109.854,33.33,8.057,31.097,0.14709302193575374
57,122,-109.81,33.33,8.909,29.709,0.21400506662468757
57,123,-109.766,33.33,7.231,29.753,0.20157791492554533
57,124,-109.722,33.33,2.105,30.645,0.14744770944795105
57,125,-109.678,33.33,2.914,30.792,0.10336466522910202
57,126,-109.634,33.33,4.151,30.756,0.07876585952165424
57,127,-109.59,33.33,4.739,30.945,0.06200823683105172
57,128,-109.546,33.33,4.771,31.155,0.06730429713146707
57,129,-109.502,33.33,5.0,32.334,0.06571215097932223
57,130,-109.458,33.33,2.795,33.588,0.03785131752845844
57,131,-109.414,33.33,3.62,32.777,0.023716814455857698
57,132,-109.37,33.33,4.503,31.672,0.029896981425995423
57,133,-109.326,33.33,4.294,31.182,0.05166261785220122
57,134,-109.282,33.33,4.802,31.899,0.035860795952781445
57,135,-109.238,33.33,6.46,32.411,0.04916198597871111
57,136,-109.194,33.33,6.098,33.624,0.02686642182395087
57,137,-109.15,33.33,8.997,33.339,0.030785322705058734
57,138,-109.106,33.33,10.33,30.799,0.10431235080885971
57,139,-109.062,33.33,6.66,28.624,0.10726698510487406
57,140,-109.018,33.33,3.116,29.89,0.07062166815623422
58,0,-115.178,33.374,1.096,40.825,-0.04115588590878761
58,1,-115.134,33.374,0.875,41.121,-0.04001454351731064
58,2,-115.09,33.374,0.815,41.244,-0.05212234789016967
58,3,-115.046,33.374,1.417,41.443,-0.05608657036655578
58,4,-115.002,33.374,1.145,41.896,-0.0622987575061703
58,5,-114.958,33.374,0.61,41.969,-0.05797057768214291
58,6,-114.914,33.374,0.764,41.898,-0.06419029053104983
58,7,-114.87,33.374,3.17,41.863,-0.06214351841864232
58,8,-114.826,33.374,2.127,41.98,-0.06474338737661743
58,9,-114.782,33.374,1.488,42.022,-0.05711650781778253
58,10,-114.738,33.374,1.195,41.993,-0.03408691761027316
58,11,-114.694,33.374,0.073,41.84,0.18177924189819886
58,12,-114.65,33.374,1.032,41.734,0.050542290898583954
58,13,-114.606,33.374,0.921,41.732,0.04236791204312953
58,14,-114.562,33.374,2.488,41.683,0.04369556365459859
58,15,-114.518,33.374,5.114,41.688,0.042248579905025375
58,16,-114.474,33.374,3.813,41.087,0.04068296180656727
58,17,-114.43,33.374,2.141,41.404,0.035628892040577335
58,18,-114.386,33.374,0.653,41.361,0.02963925964207053
58,19,-114.342,33.374,1.325,41.011,0.03388342352406017
58,20,-114.298,33.374,1.744,41.032,0.04430663312761511
58,21,-114.254,33.374,0.348,41.142,0.008061524343445755
58,22,-114.21,33.374,0.573,40.996,0.031475813134608926
58,23,-114.166,33.374,1.533,40.604,0.025807757755519446
58,24,-114.122,33.374,3.764,39.503,0.021093328664950346
58,25,-114.078,33.374,13.504,37.567,0.03565726119581883
58,26,-114.034,33.374,4.612,37.208,0.04216920523422438
58,27,-113.99,33.374,2.763,37.725,0.05282977049224677
58,28,-113.946,33.374,1.836,38.396,0.05251189281173708
58,29,-113.902,33.374,2.078,38.941,0.07488055327837141
58,30,-113.858,33.374,2.113,39.343,0.06681735231331735
58,31,-113.814,33.374,1.505,39.71,0.06067770944172496
58,32,-113.77,33.374,3.334,39.83,0.0640869056002632
58,33,-113.726,33.374,3.636,40.149,0.07119055268239458
58,34,-113.682,33.374,2.917,40.463,0.09259643532295164
58,35,-113.638,33.374,6.479,40.131,0.10241231761017225
58,36,-113.594,33.374,6.793,40.339,0.09414586036015445
58,37,-113.55,33.374,2.544,40.881,0.06241958333935372
58,38,-113.506,33.374,0.954,41.022,0.05124929953606633
58,39,-113.462,33.374,1.305,40.85,0.04241219763287742
58,40,-113.418,33.374,0.758,40.845,0.03250477481243759
58,41,-113.374,33.374,0.964,40.753,0.035738012603370006
58,42,-113.33,33.374,2.393,40.476,0.04543945389437461
58,43,-113.286,33.374,4.063,40.466,0.061362746005941465
58,44,-113.242,33.374,2.088,40.958,0.04482538649563636
58,45,-113.198,33.374,0.441,41.207,0.07030161093006891
58,46,-113.154,33.374,0.417,41.279,0.08435720137310594
58,47,-113.11,33.374,0.344,41.33,0.0632830566441596
58,48,-113.066,33.374,0.578,41.32,0.05374533097251783
58,49,-113.022,33.374,0.84,41.285,0.03623073782122587
58,50,-112.978,33.374,0.623,41.337,0.025609847044017333
58,51,-112.934,33.374,0.613,41.39,0.02252147990185844
58,52,-112.89,33.374,0.411,41.433,0.036284106762719245
58,53,-112.846,33.374,0.424,41.442,0.03473104539464964
58,54,-112.802,33.374,0.446,41.398,0.040070118557196846
58,55,-112.758,33.374,0.749,41.351,0.048399769217575876
58,56,-112.714,33.374,0.458,41.438,0.15826010885778424
58,57,-112.67,33.374,0.362,41.643,0.20508023301549944
58,58,-112.626,33.374,0.351,41.731,0.27971949218664155
58,59,-112.582,33.374,0.29,41.845,0.12872117022130994
58,60,-112.538,33.374,0.24,42.006,0.23024419291912582
58,61,-112.494,33.374,0.232,42.087,0.20026934812959651
58,62,-112.45,33.374,0.645,41.899,0.13824701012500376
58,63,-112.406,33.374,2.271,41.647,0.051106841108339164
58,64,-112.362,33.374,2.756,41.504,0.05953862871021995
58,65,-112.318,33.374,2.411,41.54,0.07718291036316882
58,66,-112.274,33.374,0.252,41.75,0.11943066805737673
58,67,-112.23,33.374,0.17,41.898,0.08208822206398789
58,68,-112.186,33.374,0.206,41.888,0.07724890388351673
58,69,-112.142,33.374,1.006,41.739,0.04876377980558707
58,70,-112.098,33.374,2.459,41.485,0.05638350043263122
58,71,-112.054,33.374,4.002,41.26,0.04028761790941214
58,72,-112.01,33.374,4.527,41.166,0.05370643186258497
58,73,-111.966,33.374,0.94,41.288,0.043439093528556336
58,74,-111.922,33.374,0.105,41.409,0.033655108236214495
58,75,-111.878,33.374,0.072,41.348,0.025814336614129702
58,76,-111.834,33.374,0.078,41.282,0.01989773393151768
58,77,-111.79,33.374,0.12,41.202,0.04167153636456015
58,78,-111.746,33.374,0.171,41.085,0.06392234724496784
58,79,-111.702,33.374,0.273,40.995,0.058394708983144084
58,80,-111.658,33.374,0.376,40.903,0.046062924971525226
58,81,-111.614,33.374,0.405,40.876,0.07355611452690121
58,82,-111.57,33.374,0.461,40.91,0.037276979762335405
58,83,-111.526,33.374,0.487,40.946,0.02240507360671045
58,84,-111.482,33.374,0.959,40.856,0.0326821964733145
58,85,-111.438,33.374,1.26,40.645,0.004922411116875216
58,86,-111.394,33.374,1.384,40.346,-0.005694744042446053
58,87,-111.35,33.374,3.962,39.735,-0.020806443693079178
58,88,-111.306,33.374,5.243,38.929,0.032679012226987963
58,89,-111.262,33.374,6.394,37.992,0.04692218390889371
58,90,-111.218,33.374,9.204,37.179,0.05331982016044444
58,91,-111.174,33.374,7.313,36.388,0.06431732588233072
58,92,-111.13,33.374,9.825,35.691,0.09230279946180459
58,93,-111.086,33.374,8.793,34.548,0.16815917120132695
58,94,-111.042,33.374,6.768,33.879,0.16091050206573804
58,95,-110.998,33.374,6.387,34.527,0.11939567687334035
58,96,-110.954,33.374,5.472,35.06,0.07772482776926448
58,97,-110.91,33.374,6.788,35.076,0.037856132900413605
58,98,-110.866,33.374,8.956,34.996,0.10319074666918773
58,99,-110.822,33.374,3.949,35.638,0.052375888075521945
58,100,-110.778,33.374,2.782,35.969,0.04587184562602316
58,101,-110.734,33.374,2.036,36.245,0.0664534669522922
58,102,-110.69,33.374,1.451,36.844,0.07963073078725406
58,103,-110.646,33.374,1.599,37.108,0.08888166484240852
58,104,-110.602,33.374,1.767,37.311,0.10361255209638007
58,105,-110.558,33.374,2.344,37.487,0.09956088605636064
58,106,-110.514,33.374,1.547,37.801,0.08391533902349034
58,107,-110.47,33.374,1.67,38.191,0.07991398447831723
58,108,-110.426,33.374,4.181,38.24,0.09757883360219782
58,109,-110.382,33.374,7.075,37.207,0.07632025516013993
58,110,-110.338,33.374,3.774,35.934,0.06393614494396448
58,111,-110.294,33.374,1.024,35.479,0.04744779591183103
58,112,-110.25,33.374,4.116,34.989,0.04472474084060999
58,113,-110.206,33.374,6.076,34.193,0.05490589819446969
58,114,-110.162,33.374,5.689,33.432,0.049118371116664485
58,115,-110.118,33.374,2.495,33.293,0.024233242808693253
58,116,-110.074,33.374,2.024,33.432,0.02527397241900667
58,117,-110.03,33.374,3.076,33.341,0.04386423479952823
58,118,-109.986,33.374,2.606,33.349,0.07591014651276494
58,119,-109.942,33.374,3.572,32.842,0.10544113541491615
58,120,-109.898,33.374,8.513,30.857,0.18601984926110898
58,121,-109.854,33.374,3.761,29.164,0.1819442132741618
58,122,-109.81,33.374,6.39,29.201,0.171338356366843
58,123,-109.766,33.374,3.559,30.332,0.13793752702958925
58,124,-109.722,33.374,0.577,31.256,0.07135471507852734
58,125,-109.678,33.374,1.498,31.405,0.0403307602170184
58,126,-109.634,33.374,2.883,31.25,0.040985569567224635
58,127,-109.59,33.374,5.434,31.075,0.0603102991774443
58,128,-109.546,33.374,8.315,31.067,0.06696674983982719
58,129,-109.502,33.374,3.632,32.111,0.054586002859355984
58,130,-109.458,33.374,3.451,33.012,0.04296868500602884
58,131,-109.414,33.374,5.559,31.869,0.05388914192985156
58,132,-109.37,33.374,4.264,30.743,0.07408295374905474
58,133,-109.326,33.374,5.776,30.15,0.10194370182778595
58,134,-109.282,33.374,5.558,30.517,0.08288890015902009
58,135,-109.238,33.374,6.894,31.132,0.07514842438630684
58,136,-109.194,33.374,9.766,32.422,0.055139083354366944
58,137,-109.15,33.374,9.071,33.323,0.03346283205142006
58,138,-109.106,33.374,10.19,31.315,0.07415807008531604
58,139,-109.062,33.374,6.858,29.568,0.09869653479075209
58,140,-109.018,33.374,3.805,30.475,0.0732313679580882
59,0,-115.178,33.418,1.103,40.544,-0.06101620557781559
59,1,-115.134,33.418,0.972,41.031,-0.0620176303357661
59,2,-115.09,33.418,0.74,41.299,-0.05742809445776574
59,3,-115.046,33.418,1.294,41.563,-0.052735409028692934
59,4,-115.002,33.418,0.907,41.988,-0.05101973347201753
59,5,-114.958,33.418,0.747,42.116,-0.04599605918822403
59,6,-114.914,33.418,2.121,42.105,-0.052849632571006
59,7,-114.87,33.418,2.127,42.082,-0.05722371462006027
59,8,-114.826,33.418,1.141,42.063,-0.051150119186020956
59,9,-114.782,33.418,0.872,42.013,-0.04412080138163772
59,10,-114.738,33.418,0.326,41.909,0.07742320201138969
59,11,-114.694,33.418,0.062,41.75,0.24824553286586093
59,12,-114.65,33.418,0.33,41.653,0.1501409811363472
59,13,-114.606,33.418,0.822,41.612,0.03980168746234264
59,14,-114.562,33.418,1.101,41.653,0.045321931041837765
59,15,-114.518,33.418,1.975,41.768,0.040238944020123596
59,16,-114.474,33.418,2.489,41.862,0.029796875544801916
59,17,-114.43,33.418,2.44,41.512,0.0245144446922659
59,18,-114.386,33.418,2.106,41.069,0.032258214837427676
59,19,-114.342,33.418,5.063,40.405,0.0277951988188617
59,20,-114.298,33.418,1.568,41.312,0.03355069401802749
59,21,-114.254,33.418,0.333,41.429,0.017783730389603944
59,22,-114.21,33.418,0.607,41.235,0.03351088645463446
59,23,-114.166,33.418,1.051,40.84,0.021454712912324956
59,24,-114.122,33.418,2.244,39.977,0.017008861803937573
59,25,-114.078,33.418,8.006,38.68,0.030327688755220315
59,26,-114.034,33.418,6.266,38.316,0.03849116950344225
59,27,-113.99,33.418,6.511,37.794,0.04617060386161219
59,28,-113.946,33.418,4.319,38.27,0.05310151154831178
59,29,-113.902,33.418,3.824,39.183,0.07463605875605651
59,30,-113.858,33.418,4.876,39.761,0.0652250522562063
59,31,-113.814,33.418,3.267,40.118,0.07010701631398505
59,32,-113.77,33.418,3.904,40.301,0.05991871341180744
59,33,-113.726,33.418,3.812,40.502,0.06722124632903557
59,34,-113.682,33.418,1.961,40.771,0.08316831142130063
59,35,-113.638,33.418,1.946,40.913,0.07226685002875069
59,36,-113.594,33.418,2.011,40.97,0.05651006427316897
59,37,-113.55,33.418,1.358,40.982,0.04157491181954631
59,38,-113.506,33.418,2.647,40.82,0.05496115113710496
59,39,-113.462,33.418,0.928,40.644,0.042090314835138205
59,40,-113.418,33.418,0.997,40.57,0.040164348565072915
59,41,-113.374,33.418,1.864,40.336,0.04822916007427725
59,42,-113.33,33.418,5.606,39.906,0.055926481334174535
59,43,-113.286,33.418,4.276,40.603,0.05415846114444502
59,44,-113.242,33.418,0.627,40.965,0.054381788226218045
59,45,-113.198,33.418,0.321,41.134,0.14692317857020418
59,46,-113.154,33.418,0.209,41.176,0.052835469591672374
59,47,-113.11,33.418,0.646,41.15,0.0689642862032101
59,48,-113.066,33.418,2.628,40.855,0.04230339153417028
59,49,-113.022,33.418,2.479,40.827,0.039133666023089285
59,50,-112.978,33.418,1.693,41.049,0.022748495013480762
59,51,-112.934,33.418,2.719,41.17,0.028935487265843815
59,52,-112.89,33.418,0.692,41.355,0.03434276281124313
59,53,-112.846,33.418,0.364,41.362,0.038328895905990576
59,54,-112.802,33.418,0.395,41.256,0.03614014397298604
59,55,-112.758,33.418,0.507,41.196,0.04526502621085233
59,56,-112.714,33.418,0.392,41.174,0.07861715953107215
59,57,-112.67,33.418,0.442,41.263,0.12456993287976845
59,58,-112.626,33.418,0.574,41.446,0.1040888084129426
59,59,-112.582,33.418,0.55,41.647,0.09506891472219106
59,60,-112.538,33.418,0.561,41.815,0.12620678436281316
59,61,-112.494,33.418,0.434,41.882,0.17303325170637485
59,62,-112.45,33.418,0.302,41.813,0.12972968848454006
59,63,-112.406,33.418,0.304,41.813,0.10305536311902554
59,64,-112.362,33.418,0.291,41.803,0.06382889912945731
59,65,-112.318,33.418,0.228,41.828,0.07385539342725893
59,66,-112.274,33.418,0.211,41.865,0.054110464150173676
59,67,-112.23,33.418,0.241,41.878,0.04975843067998375
59,68,-112.186,33.418,0.274,41.841,0.02384049489817695
59,69,-112.142,33.418,0.381,41.803,0.011899486157892672
59,70,-112.098,33.418,0.477,41.713,0.013696729856619662
59,71,-112.054,33.418,0.359,41.608,0.01578501120253017
59,72,-112.01,33.418,0.339,41.596,0.0016361428177075366
59,73,-111.966,33.418,0.236,41.526,0.02633895802702354
59,74,-111.922,33.418,0.194,41.434,0.022518231496450828
59,75,-111.878,33.418,0.188,41.313,0.02087375547931309
59,76,-111.834,33.418,0.138,41.236,0.04025213677022757
59,77,-111.79,33.418,0.158,41.249,0.033172182129801456
59,78,-111.746,33.418,0.311,41.13,0.05180062965141813
59,79,-111.702,33.418,0.437,41.059,0.03991779893703621
59,80,-111.658,33.418,0.563,41.145,0.049833495244671226
59,81,-111.614,33.418,0.606,41.168,0.058706191170867505
59,82,-111.57,33.418,0.599,41.078,0.03180238943507648
59,83,-111.526,33.418,0.634,41.104,0.020435120214621915
59,84,-111.482,33.418,1.824,40.728,0.017122861628700404
59,85,-111.438,33.418,7.484,39.291,-0.006377270145691739
59,86,-111.394,33.418,12.565,37.515,0.01706206159335264
59,87,-111.35,33.418,7.904,37.616,0.0011108787598682777
59,88,-111.306,33.418,8.207,37.588,0.05898272066360952
59,89,-111.262,33.418,9.028,36.95,0.058440222756323414
59,90,-111.218,33.418,7.039,36.524,0.06874873449839587
59,91,-111.174,33.418,9.955,34.492,0.14402246347067493
59,92,-111.13,33.418,9.353,33.658,0.1767122967967088
59,93,-111.086,33.418,8.514,34.153,0.20257226489625219
59,94,-111.042,33.418,8.262,34.775,0.1984198045166139
59,95,-110.998,33.418,6.633,36.062,0.10713985885160537
59,96,-110.954,33.418,8.211,35.09,0.08853545036853618
59,97,-110.91,33.418,8.05,34.823,0.06900582613179095
59,98,-110.866,33.418,4.275,36.013,0.033970536999504794
59,99,-110.822,33.418,3.02,36.869,0.03710658005586252
59,100,-110.778,33.418,3.942,36.257,0.03675764588261587
59,101,-110.734,33.418,2.737,35.787,0.05559987026478312
59,102,-110.69,33.418,1.72,36.357,0.07969647361282733
59,103,-110.646,33.418,2.802,36.365,0.09234353118386812
59,104,-110.602,33.418,4.119,36.33,0.10993218666425758
59,105,-110.558,33.418,1.726,37.151,0.09992077316673283
59,106,-110.514,33.418,1.068,37.686,0.092859270226695
59,107,-110.47,33.418,1.55,37.998,0.0868643615967429
59,108,-110.426,33.418,2.009,38.101,0.09563511406618096
59,109,-110.382,33.418,6.415,37.585,0.08730392010376338
59,110,-110.338,33.418,6.982,36.537,0.07969878155164813
59,111,-110.294,33.418,1.598,35.638,0.03737727150114725
59,112,-110.25,33.418,1.547,35.035,0.02449691141671624
59,113,-110.206,33.418,3.344,34.458,0.05930827603478205
59,114,-110.162,33.418,6.303,33.61,0.038582827894820454
59,115,-110.118,33.418,2.364,33.767,0.020905827232130688
59,116,-110.074,33.418,4.183,33.874,0.04724561236404503
59,117,-110.03,33.418,3.921,33.737,0.06819285223931075
59,118,-109.986,33.418,7.922,32.616,0.12887191635286313
59,119,-109.942,33.418,10.998,30.356,0.1859861140377833
59,120,-109.898,33.418,6.184,29.869,0.16492657867054628
59,121,-109.854,33.418,3.055,30.334,0.13013561057841583
59,122,-109.81,33.418,2.227,30.474,0.09965451784546829
59,123,-109.766,33.418,1.171,30.88,0.09016036410982778
59,124,-109.722,33.418,0.692,31.199,0.05223178436258827
59,125,-109.678,33.418,1.34,31.119,0.046319710698169245
59,126,-109.634,33.418,1.988,30.744,0.061889593814834463
59,127,-109.59,33.418,2.62,30.276,0.073846424794391
59,128,-109.546,33.418,5.174,30.236,0.0910631343308233
59,129,-109.502,33.418,5.13,31.437,0.0789537308629608
59,130,-109.458,33.418,3.127,32.266,0.06340628271495417
59,131,-109.414,33.418,5.12,31.019,0.08874550734714455
59,132,-109.37,33.418,6.924,29.178,0.11996225560449325
59,133,-109.326,33.418,5.989,29.097,0.09872561723950297
59,134,-109.282,33.418,6.731,30.333,0.07782136848076104
59,135,-109.238,33.418,5.487,31.636,0.07220965205095854
59,136,-109.194,33.418,7.752,33.04,0.04710108459119437
59,137,-109.15,33.418,7.919,32.895,0.018081353617952614
59,138,-109.106,33.418,5.887,32.313,0.029653865829865112
59,139,-109.062,33.418,4.975,31.355,0.05719637209216349
59,140,-109.018,33.418,3.478,31.131,0.057826987065009446
60,0,-115.178,33.462,7.309,39.232,-0.08424323004761752
60,1,-115.134,33.462,5.193,40.647,-0.06420026151069771
60,2,-115.09,33.462,3.593,41.17,-0.07537236929861231
60,3,-115.046,33.462,1.583,41.76,-0.06178056661314269
60,4,-115.002,33.462,0.798,42.083,-0.06088994082870598
60,5,-114.958,33.462,0.538,42.183,-0.0551457928330355
60,6,-114.914,33.462,0.428,42.187,-0.04531403523025771
60,7,-114.87,33.462,2.661,42.148,-0.05957216188744781
60,8,-114.826,33.462,0.724,42.084,-0.05331263540653537
60,9,-114.782,33.462,0.555,41.997,-0.03986777430982557
60,10,-114.738,33.462,0.4,41.913,0.06640283899219086
60,11,-114.694,33.462,0.038,41.712,0.20443248486925422
60,12,-114.65,33.462,0.064,41.537,0.21471774837335855
60,13,-114.606,33.462,1.026,41.555,0.064729649691625
60,14,-114.562,33.462,0.807,41.616,0.04322578271749031
60,15,-114.518,33.462,0.79,41.711,0.03526543167229381
60,16,-114.474,33.462,0.758,41.924,0.02011911860361742
60,17,-114.43,33.462,4.294,41.646,0.02554821948813947
60,18,-114.386,33.462,3.47,41.261,0.037795639941975795
60,19,-114.342,33.462,3.302,41.138,0.0308738082030403
60,20,-114.298,33.462,0.308,41.518,0.03247487367285525
60,21,-114.254,33.462,0.316,41.639,0.014396198414007064
60,22,-114.21,33.462,0.573,41.46,0.02842774290191576
60,23,-114.166,33.462,0.84,41.095,0.015977463729538458
60,24,-114.122,33.462,2.245,40.552,0.007973805233125688
60,25,-114.078,33.462,2.35,40.177,0.01808416840554041
60,26,-114.034,33.462,2.163,39.839,0.022493561729089343
60,27,-113.99,33.462,2.314,39.606,0.027887376889658467
60,28,-113.946,33.462,2.986,39.655,0.04661855040715703
60,29,-113.902,33.462,2.458,39.751,0.07473018543711084
60,30,-113.858,33.462,4.835,40.031,0.07994284035140856
60,31,-113.814,33.462,1.849,40.551,0.0686846254395253
60,32,-113.77,33.462,0.74,40.893,0.05365735206665073
60,33,-113.726,33.462,0.964,41.069,0.04850710471570088
60,34,-113.682,33.462,1.954,41.104,0.06446246079906673
60,35,-113.638,33.462,0.493,41.22,0.0514836971221348
60,36,-113.594,33.462,0.253,41.19,0.04065175598817734
60,37,-113.55,33.462,1.696,40.989,0.06532304429113034
60,38,-113.506,33.462,0.522,40.823,0.04749387586098464
60,39,-113.462,33.462,1.314,40.509,0.05518099499343589
60,40,-113.418,33.462,2.697,40.073,0.06005604324872791
60,41,-113.374,33.462,4.697,40.22,0.04983305734191592
60,42,-113.33,33.462,2.772,40.631,0.04514358969718883
60,43,-113.286,33.462,1.941,40.821,0.0511238396560386
60,44,-113.242,33.462,0.451,40.955,0.11642937907954531
60,45,-113.198,33.462,0.2,41.018,0.050532833865535934
60,46,-113.154,33.462,0.173,41.072,0.07111766561678498
60,47,-113.11,33.462,0.312,41.072,0.0993700359303626
60,48,-113.066,33.462,1.96,40.954,0.03639788169594732
60,49,-113.022,33.462,4.017,40.985,0.04026918596294379
60,50,-112.978,33.462,1.257,41.212,0.02909597157015928
60,51,-112.934,33.462,2.759,41.351,0.07550848664131359
60,52,-112.89,33.462,0.316,41.342,0.12293031243071675
60,53,-112.846,33.462,0.315,41.249,0.034218653458870964
60,54,-112.802,33.462,0.347,41.165,0.03150023224136603
60,55,-112.758,33.462,0.562,41.083,0.03572615853073278
60,56,-112.714,33.462,0.39,41.017,0.026231316245617906
60,57,-112.67,33.462,0.564,41.011,0.023779455808727
60,58,-112.626,33.462,1.056,41.055,0.025461461533775803
60,59,-112.582,33.462,2.558,40.954,0.05965313964025172
60,60,-112.538,33.462,1.121,41.469,0.03488645814847379
60,61,-112.494,33.462,0.584,41.711,0.035369615979909536
60,62,-112.45,33.462,0.395,41.766,0.04034210048222441
60,63,-112.406,33.462,0.246,41.843,0.05394281708246052
60,64,-112.362,33.462,0.17,41.89,0.07258549119893758
60,65,-112.318,33.462,0.216,41.992,0.07903443518120379
60,66,-112.274,33.462,0.154,42.025,0.0522241470051565
60,67,-112.23,33.462,0.185,41.847,0.03844828701704764
60,68,-112.186,33.462,0.193,41.743,0.031304757038432385
60,69,-112.142,33.462,0.176,41.651,0.03340909984878066
60,70,-112.098,33.462,0.147,41.564,0.058761158354556926
60,71,-112.054,33.462,0.159,41.517,0.0521270770444807
60,72,-112.01,33.462,0.229,41.463,0.0416903858880997
60,73,-111.966,33.462,0.788,41.291,0.05837028088749708
60,74,-111.922,33.462,0.549,41.278,0.03570456701457891
60,75,-111.878,33.462,0.359,41.287,0.03226779624221323
60,76,-111.834,33.462,0.327,41.238,0.05925007550953009
60,77,-111.79,33.462,0.345,41.158,0.048792413342722836
60,78,-111.746,33.462,0.39,41.066,0.06139017789584181
60,79,-111.702,33.462,0.709,40.967,0.04857108756807696
60,80,-111.658,33.462,1.197,40.882,0.05094207168855203
60,81,-111.614,33.462,1.704,40.716,0.06269534484353699
60,82,-111.57,33.462,2.426,40.714,0.04293173219216528
60,83,-111.526,33.462,1.88,40.691,0.02491498698201928
60,84,-111.482,33.462,4.127,40.493,0.011687244361675803
60,85,-111.438,33.462,10.574,39.581,0.00030191797183256805
60,86,-111.394,33.462,8.018,39.18,0.02641606755728656
60,87,-111.35,33.462,9.308,38.552,0.031316733419877195
60,88,-111.306,33.462,7.603,37.237,0.05277644792596599
60,89,-111.262,33.462,6.493,36.234,0.059791382030159726
60,90,-111.218,33.462,9.575,35.171,0.08853940847833779
60,91,-111.174,33.462,9.257,33.453,0.17278219647573695
60,92,-111.13,33.462,8.896,32.734,0.1810723075706743
60,93,-111.086,33.462,7.92,34.191,0.15649532710934974
60,94,-111.042,33.462,7.131,35.963,0.16316078645803064
60,95,-110.998,33.462,6.761,37.012,0.11065327954422832
60,96,-110.954,33.462,9.343,35.054,0.15468418898363534
60,97,-110.91,33.462,6.517,34.827,0.13587514681175558
60,98,-110.866,33.462,6.296,35.661,0.06097315944999091
60,99,-110.822,33.462,3.706,36.992,0.031106065694721727
60,100,-110.778,33.462,5.636,35.589,0.03582217789065195
60,101,-110.734,33.462,3.939,34.909,0.05390586055260223
60,102,-110.69,33.462,4.643,34.827,0.08550988215083322
60,103,-110.646,33.462,4.137,34.999,0.09167133546328145
60,104,-110.602,33.462,3.224,35.973,0.10477688017881359
60,105,-110.558,33.462,1.852,36.984,0.10770096290900716
60,106,-110.514,33.462,1.494,37.427,0.10566573735157672
60,107,-110.47,33.462,1.803,37.536,0.10040766941145965
60,108,-110.426,33.462,4.253,36.897,0.10525235212367143
60,109,-110.382,33.462,4.575,35.888,0.08958613732726019
60,110,-110.338,33.462,6.508,35.718,0.0879357425475566
60,111,-110.294,33.462,3.796,35.517,0.04192282884639255
60,112,-110.25,33.462,1.964,35.054,0.02837832289746938
60,113,-110.206,33.462,4.948,34.376,0.04152862008442924
60,114,-110.162,33.462,5.576,34.068,0.033363952048192445
60,115,-110.118,33.462,7.165,33.108,0.053672674522724985
60,116,-110.074,33.462,8.771,31.794,0.11030432602278642
60,117,-110.03,33.462,9.141,30.483,0.17404433481607506
60,118,-109.986,33.462,6.541,29.796,0.1900033777061441
60,119,-109.942,33.462,3.597,30.079,0.19681420546011114
60,120,-109.898,33.462,1.394,30.721,0.1505404279680525
60,121,-109.854,33.462,1.474,30.904,0.12965860666388326
60,122,-109.81,33.462,1.437,31.043,0.1137993456376911
60,123,-109.766,33.462,0.917,30.958,0.09596418426974376
60,124,-109.722,33.462,0.54,31.04,0.07595802738942839
60,125,-109.678,33.462,2.377,30.608,0.07761158736620023
60,126,-109.634,33.462,4.77,29.541,0.1263220570679194
60,127,-109.59,33.462,6.444,28.977,0.11842187722499731
60,128,-109.546,33.462,5.76,29.783,0.08081966238367302
60,129,-109.502,33.462,5.264,31.363,0.08388350348528131
60,130,-109.458,33.462,6.261,31.595,0.11590271768904764
60,131,-109.414,33.462,8.011,29.71,0.14371607787056198
60,132,-109.37,33.462,8.917,27.827,0.16600221187111497
60,133,-109.326,33.462,7.311,28.199,0.12953408233012764
60,134,-109.282,33.462,10.943,28.796,0.13193730197937317
60,135,-109.238,33.462,5.968,30.244,0.07842773697633007
60,136,-109.194,33.462,6.406,32.2,0.05412083065619575
60,137,-109.15,33.462,6.457,32.399,0.0309328768300353
60,138,-109.106,33.462,5.363,31.665,0.04528094206634526
60,139,-109.062,33.462,3.581,30.201,0.083643676371648
60,140,-109.018,33.462,3.218,30.214,0.06145397386116025
61,0,-115.178,33.506,4.095,41.305,-0.0763210525324308
61,1,-115.134,33.506,1.863,41.737,-0.046033778365991804
61,2,-115.09,33.506,1.863,41.976,-0.05196751307843784
61,3,-115.046,33.506,3.762,41.963,-0.06541872937712949
61,4,-115.002,33.506,5.156,41.884,-0.07397169096061103
61,5,-114.958,33.506,3.138,42.216,-0.07255755925021758
61,6,-114.914,33.506,0.631,42.288,-0.05029717402293105
61,7,-114.87,33.506,1.416,42.282,-0.03478640089177873
61,8,-114.826,33.506,2.778,42.215,-0.06537958007846902
61,9,-114.782,33.506,2.183,42.042,-0.06407741117665237
61,10,-114.738,33.506,0.508,41.921,0.0865819422968351
61,11,-114.694,33.506,0.042,41.767,0.20507611399988965
61,12,-114.65,33.506,0.049,41.563,0.2265919693883185
61,13,-114.606,33.506,0.419,41.563,0.24921345024599417
61,14,-114.562,33.506,1.426,41.667,0.1198559556735384
61,15,-114.518,33.506,0.885,41.793,0.03613611725269637
61,16,-114.474,33.506,1.01,41.891,0.017388777499916037
61,17,-114.43,33.506,2.556,41.974,0.022060281837607467
61,18,-114.386,33.506,5.753,40.363,0.04087737333187852
61,19,-114.342,33.506,5.831,40.742,0.032055365074304315
61,20,-114.298,33.506,4.299,40.85,0.046029892690661385
61,21,-114.254,33.506,2.096,41.829,0.012470052768680122
61,22,-114.21,33.506,0.547,41.703,0.022288925927349542
61,23,-114.166,33.506,1.177,41.279,0.009980627972290409
61,24,-114.122,33.506,5.034,40.611,0.002800538424829919
61,25,-114.078,33.506,2.33,40.469,0.01569543248728555
61,26,-114.034,33.506,1.053,40.216,0.02071336425068535
61,27,-113.99,33.506,1.595,40.059,0.029237093870996357
61,28,-113.946,33.506,1.289,40.124,0.050609409069896326
61,29,-113.902,33.506,2.874,40.308,0.07413380084042222
61,30,-113.858,33.506,1.903,40.624,0.06438013536147069
61,31,-113.814,33.506,0.943,40.93,0.06938495774121667
61,32,-113.77,33.506,0.796,41.147,0.04857906700457847
61,33,-113.726,33.506,1.147,41.288,0.04256323157573194
61,34,-113.682,33.506,0.309,41.393,0.05221197054950955
61,35,-113.638,33.506,0.236,41.385,0.03578970198229157
61,36,-113.594,33.506,0.477,41.276,0.04317771404323951
61,37,-113.55,33.506,2.885,41.067,0.05401006642198776
61,38,-113.506,33.506,1.789,40.837,0.0603574273568754
61,39,-113.462,33.506,2.881,40.524,0.05653960120950277
61,40,-113.418,33.506,6.635,40.14,0.05330848789689708
61,41,-113.374,33.506,2.008,40.719,0.04727155644330987
61,42,-113.33,33.506,0.656,40.845,0.04562119061971532
61,43,-113.286,33.506,0.43,40.902,0.06033991478384523
61,44,-113.242,33.506,0.232,40.902,0.04128169454299129
61,45,-113.198,33.506,0.214,40.901,0.039573830684438954
61,46,-113.154,33.506,0.215,40.981,0.08368147474840607
61,47,-113.11,33.506,0.296,40.98,0.06813906653666123
61,48,-113.066,33.506,0.439,40.937,0.037310882219349854
61,49,-113.022,33.506,1.158,41.072,0.03733372834895713
61,50,-112.978,33.506,0.402,41.246,0.03291033928432672
61,51,-112.934,33.506,0.358,41.374,0.043575423654558756
61,52,-112.89,33.506,0.288,41.362,0.19533367192867312
61,53,-112.846,33.506,0.307,41.255,0.03237877345979032
61,54,-112.802,33.506,0.333,41.159,0.029344263019566358
61,55,-112.758,33.506,0.614,41.09,0.0328136058609819
61,56,-112.714,33.506,0.484,40.971,0.021948088256247014
61,57,-112.67,33.506,0.71,40.84,0.021651186869960672
61,58,-112.626,33.506,1.699,40.612,0.025116024636984445
61,59,-112.582,33.506,6.426,39.408,0.06676427470019078
61,60,-112.538,33.506,5.656,39.884,0.04238537197216348
61,61,-112.494,33.506,1.143,41.197,0.041629473922249416
61,62,-112.45,33.506,0.411,41.487,0.05088818945167438
61,63,-112.406,33.506,0.27,41.595,0.033535723796068714
61,64,-112.362,33.506,0.306,41.754,0.07013310338577816
61,65,-112.318,33.506,0.347,41.833,0.050429072970157966
61,66,-112.274,33.506,0.165,41.864,0.06572763697829927
61,67,-112.23,33.506,0.219,41.731,0.04676559601994047
61,68,-112.186,33.506,0.227,41.58,0.045975878602513356
61,69,-112.142,33.506,0.235,41.521,0.03346001231547648
61,70,-112.098,33.506,0.204,41.531,0.05404875305730992
61,71,-112.054,33.506,0.262,41.488,0.07376281345976517
61,72,-112.01,33.506,0.448,41.249,0.0918669475277756
61,73,-111.966,33.506,2.51,40.928,0.10485814518914544
61,74,-111.922,33.506,0.466,41.045,0.06857823934997624
61,75,-111.878,33.506,0.179,41.16,0.06380233832306845
61,76,-111.834,33.506,0.31,41.134,0.06459311832923971
61,77,-111.79,33.506,0.554,41.091,0.02895222456674001
61,78,-111.746,33.506,0.616,41.06,0.023300291231407724
61,79,-111.702,33.506,1.366,40.984,0.04074610947102914
61,80,-111.658,33.506,4.698,40.612,0.053056347995321024
61,81,-111.614,33.506,5.461,39.916,0.06874230740055226
61,82,-111.57,33.506,7.262,40.134,0.04686436461693781
61,83,-111.526,33.506,5.057,39.665,0.038688628886575996
61,84,-111.482,33.506,2.409,40.261,0.013077215205427161
61,85,-111.438,33.506,4.433,40.202,-0.008883350222140703
61,86,-111.394,33.506,8.154,39.55,0.018164277904692445
61,87,-111.35,33.506,11.581,37.912,0.017531159682086146
61,88,-111.306,33.506,8.028,37.171,0.03842921397964237
61,89,-111.262,33.506,11.29,36.988,0.048667203293212745
61,90,-111.218,33.506,10.376,35.858,0.08073992528180358
61,91,-111.174,33.506,7.052,34.644,0.1271855270061795
61,92,-111.13,33.506,8.115,33.518,0.17425596738454494
61,93,-111.086,33.506,8.781,34.297,0.13037426337558575
61,94,-111.042,33.506,6.248,35.606,0.14974285727110653
61,95,-110.998,33.506,6.257,36.909,0.13420966408110158
61,96,-110.954,33.506,6.514,35.904,0.062267281477777776
61,97,-110.91,33.506,4.009,35.794,0.07166406000921664
61,98,-110.866,33.506,4.65,36.696,0.059642701555620674
61,99,-110.822,33.506,3.13,36.828,0.029494629107786212
61,100,-110.778,33.506,5.201,35.231,0.05394033664754459
61,101,-110.734,33.506,5.379,33.39,0.10335870740324425
61,102,-110.69,33.506,6.57,33.632,0.11687580130108029
61,103,-110.646,33.506,3.728,34.603,0.09822896166705664
61,104,-110.602,33.506,2.869,35.675,0.10454200488197221
61,105,-110.558,33.506,2.209,36.402,0.09474682918748231
61,106,-110.514,33.506,2.508,36.531,0.0968729810903132
61,107,-110.47,33.506,3.009,36.568,0.09654511802422117
61,108,-110.426,33.506,4.161,35.94,0.1142688461696763
61,109,-110.382,33.506,3.352,35.161,0.09752323834538326
61,110,-110.338,33.506,1.952,34.961,0.08480624678001618
61,111,-110.294,33.506,2.103,34.85,0.06592758874086593
61,112,-110.25,33.506,5.006,34.15,0.06624063173487255
61,113,-110.206,33.506,4.811,33.395,0.06336007490827775
61,114,-110.162,33.506,6.662,32.729,0.06321762946066203
61,115,-110.118,33.506,7.156,31.869,0.08583024553844006
61,116,-110.074,33.506,5.067,31.412,0.14764569506683697
61,117,-110.03,33.506,4.25,30.849,0.15493060068789405
61,118,-109.986,33.506,3.004,30.799,0.1593045293161449
61,119,-109.942,33.506,3.192,30.56,0.17441801183300595
61,120,-109.898,33.506,2.088,31.042,0.13875763193810317
61,121,-109.854,33.506,1.859,30.835,0.13924072010854455
61,122,-109.81,33.506,3.576,31.14,0.13686457068219857
61,123,-109.766,33.506,2.302,30.878,0.12216652168243354
61,124,-109.722,33.506,2.713,30.684,0.14201451367934884
61,125,-109.678,33.506,2.882,30.556,0.09190876962340849
61,126,-109.634,33.506,3.078,29.997,0.09582775725644521
61,127,-109.59,33.506,3.996,29.653,0.12106021282384846
61,128,-109.546,33.506,4.631,29.852,0.11544933455513093
61,129,-109.502,33.506,5.08,30.405,0.09944918416375034
61,130,-109.458,33.506,4.763,30.891,0.13342559076615546
61,131,-109.414,33.506,5.777,30.475,0.16766154776668812
61,132,-109.37,33.506,5.465,29.489,0.15384152321812908
61,133,-109.326,33.506,5.922,28.66,0.16412738433981836
61,134,-109.282,33.506,8.066,29.388,0.10487297772295023
61,135,-109.238,33.506,5.777,31.135,0.07430715341411849
61,136,-109.194,33.506,7.9,32.32,0.07913072446264718
61,137,-109.15,33.506,8.604,30.412,0.13036522295911285
61,138,-109.106,33.506,7.69,28.65,0.14293316959947355
61,139,-109.062,33.506,8.831,28.076,0.1798071056166464
61,140,-109.018,33.506,9.139,27.037,0.1938936432898146
62,0,-115.178,33.55,1.55,41.788,-0.058210728914175905
62,1,-115.134,33.55,1.207,42.226,-0.062048583029424655
62,2,-115.09,33.55,0.94,42.388,-0.04754153487180085
62,3,-115.046,33.55,0.786,42.438,-0.0561921837240593
62,4,-115.002,33.55,0.67,42.425,-0.049271474710400984
62,5,-114.958,33.55,0.929,42.388,-0.04299627994540174
62,6,-114.914,33.55,0.5,42.342,-0.037711751237587764
62,7,-114.87,33.55,0.904,42.332,-0.03191813322171075
62,8,-114.826,33.55,3.013,42.3,-0.03906310104546185
62,9,-114.782,33.55,3.324,42.187,-0.043434221859410364
62,10,-114.738,33.55,0.622,42.078,-0.03188930910377812
62,11,-114.694,33.55,0.063,41.875,0.10749526430215985
62,12,-114.65,33.55,0.045,41.637,0.20302699771917643
62,13,-114.606,33.55,0.038,41.633,0.2791865527939717
62,14,-114.562,33.55,0.208,41.778,0.3321324234440272
62,15,-114.518,33.55,1.273,41.912,0.07304903797690426
62,16,-114.474,33.55,0.905,42.012,0.01502843400232673
62,17,-114.43,33.55,1.956,42.24,0.01993897867031851
62,18,-114.386,33.55,4.905,41.417,0.03213699602082193
62,19,-114.342,33.55,6.812,40.575,0.0356622337017552
62,20,-114.298,33.55,6.161,41.557,0.03406680791869863
62,21,-114.254,33.55,0.89,42.115,0.012901378897137378
62,22,-114.21,33.55,0.602,41.843,0.02267843070167679
62,23,-114.166,33.55,0.694,41.511,0.011859836680425711
62,24,-114.122,33.55,1.807,40.995,-6.009666032700459e-05
62,25,-114.078,33.55,2.732,40.217,0.009855579334469127
62,26,-114.034,33.55,2.385,39.46,0.019105914881370076
62,27,-113.99,33.55,1.654,39.507,0.03519970162031502
62,28,-113.946,33.55,2.276,39.897,0.051300192705005056
62,29,-113.902,33.55,2.745,40.254,0.06618853736653375
62,30,-113.858,33.55,3.233,40.635,0.06919175448877767
62,31,-113.814,33.55,4.131,41.083,0.06244836556328396
62,32,-113.77,33.55,0.491,41.381,0.04993896879798452
62,33,-113.726,33.55,0.397,41.481,0.04375802675734129
62,34,-113.682,33.55,0.286,41.569,0.06228766221484205
62,35,-113.638,33.55,0.158,41.499,0.051937881000573
62,36,-113.594,33.55,0.283,41.38,0.05408246086358056
62,37,-113.55,33.55,0.838,41.248,0.03811407628865748
62,38,-113.506,33.55,0.948,41.13,0.04629950666258107
62,39,-113.462,33.55,0.752,40.984,0.04453977666548345
62,40,-113.418,33.55,0.576,40.945,0.026243213152209642
62,41,-113.374,33.55,0.408,40.916,0.044198674316969534
62,42,-113.33,33.55,0.286,40.901,0.04258670931272346
62,43,-113.286,33.55,0.293,40.825,0.05436262014346537
62,44,-113.242,33.55,0.314,40.811,0.03188084044230275
62,45,-113.198,33.55,0.359,40.831,0.02208153120307383
62,46,-113.154,33.55,0.407,40.835,0.0037715218696089074
62,47,-113.11,33.55,2.016,40.578,0.019870316924601943
62,48,-113.066,33.55,5.552,40.478,0.04560546936259888
62,49,-113.022,33.55,0.557,40.894,0.03623840540226386
62,50,-112.978,33.55,0.542,41.082,0.03191062574276483
62,51,-112.934,33.55,0.516,41.224,0.02857353940857751
62,52,-112.89,33.55,0.371,41.279,0.05361117275135879
62,53,-112.846,33.55,0.378,41.228,0.03452793636864703
62,54,-112.802,33.55,0.384,41.146,0.026524857649061383
62,55,-112.758,33.55,0.588,41.065,0.029800190950306976
62,56,-112.714,33.55,0.659,40.871,0.021713121816835636
62,57,-112.67,33.55,0.812,40.705,0.024330297955831567
62,58,-112.626,33.55,1.547,40.398,0.033375196633455576
62,59,-112.582,33.55,6.064,38.978,0.07995998378788528
62,60,-112.538,33.55,10.025,38.301,0.051699104566801025
62,61,-112.494,33.55,3.04,40.876,0.022269736921038556
62,62,-112.45,33.55,0.452,41.29,0.06392331621607532
62,63,-112.406,33.55,0.332,41.385,0.052579778910446136
62,64,-112.362,33.55,0.217,41.493,0.07174982207028134
62,65,-112.318,33.55,0.596,41.697,0.03000623866668501
62,66,-112.274,33.55,0.278,41.744,0.04777412851723902
62,67,-112.23,33.55,0.231,41.63,0.0722281773685458
62,68,-112.186,33.55,0.23,41.437,0.047983784515459336
62,69,-112.142,33.55,0.219,41.3,0.041347074093153954
62,70,-112.098,33.55,0.265,41.247,0.058153982297244014
62,71,-112.054,33.55,0.919,40.994,0.05992821516581704
62,72,-112.01,33.55,4.531,40.4,0.03649257289674124
62,73,-111.966,33.55,4.1,40.381,0.09153760448625435
62,74,-111.922,33.55,0.583,40.85,0.09813985047615903
62,75,-111.878,33.55,0.258,40.981,0.04955616528026778
62,76,-111.834,33.55,0.448,40.885,0.022598907426261493
62,77,-111.79,33.55,0.708,40.732,0.021948358650284272
62,78,-111.746,33.55,1.683,40.637,0.03667583591055159
62,79,-111.702,33.55,3.752,40.639,0.029079200464106583
62,80,-111.658,33.55,3.556,40.883,0.0729065845153159
62,81,-111.614,33.55,2.379,40.929,0.07095833391582632
62,82,-111.57,33.55,4.629,40.785,0.05194220178219212
62,83,-111.526,33.55,7.944,40.266,0.03023902838130267
62,84,-111.482,33.55,6.763,40.334,0.02193169809108223
62,85,-111.438,33.55,6.136,40.22,-0.01140325470220634
62,86,-111.394,33.55,7.101,39.854,0.013724746198003034
62,87,-111.35,33.55,6.054,39.317,0.0038567148069196646
62,88,-111.306,33.55,8.924,38.487,0.03682600462105943
62,89,-111.262,33.55,10.916,38.256,0.05244730306166535
62,90,-111.218,33.55,8.38,37.464,0.06831205887641144
62,91,-111.174,33.55,11.845,36.565,0.08149443607115177
62,92,-111.13,33.55,10.149,35.391,0.12310912509832449
62,93,-111.086,33.55,10.12,35.881,0.11872749275093292
62,94,-111.042,33.55,7.359,36.551,0.1252144947716775
62,95,-110.998,33.55,8.717,37.17,0.11437760909246364
62,96,-110.954,33.55,7.263,37.065,0.05313529559038833
62,97,-110.91,33.55,6.46,36.198,0.06671474770066547
62,98,-110.866,33.55,6.168,36.909,0.06387463556760518
62,99,-110.822,33.55,4.205,36.066,0.054773336074129396
62,100,-110.778,33.55,6.767,34.54,0.07871972993465985
62,101,-110.734,33.55,10.553,31.578,0.17493674666195755
62,102,-110.69,33.55,4.854,33.165,0.15201201702135186
62,103,-110.646,33.55,4.046,34.597,0.11172534569187662
62,104,-110.602,33.55,4.791,35.079,0.11186854980332628
62,105,-110.558,33.55,5.226,34.646,0.1234585007440078
62,106,-110.514,33.55,3.592,35.144,0.11745927257131879
62,107,-110.47,33.55,5.026,35.464,0.11123053984664287
62,108,-110.426,33.55,5.694,34.242,0.15174265243692736
62,109,-110.382,33.55,4.781,33.206,0.14253804387083685
62,110,-110.338,33.55,5.011,33.255,0.12749818529928197
62,111,-110.294,33.55,7.455,33.175,0.09656310886384638
62,112,-110.25,33.55,7.174,32.864,0.0999176856251386
62,113,-110.206,33.55,6.236,32.88,0.11245872975945391
62,114,-110.162,33.55,4.352,32.6,0.09385149146446019
62,115,-110.118,33.55,5.886,31.778,0.1418993352780945
62,116,-110.074,33.55,3.768,31.152,0.16086871802615924
62,117,-110.03,33.55,2.468,31.533,0.14206835594785983
62,118,-109.986,33.55,2.242,31.583,0.14498088863251973
62,119,-109.942,33.55,3.988,31.624,0.15297319578338772
62,120,-109.898,33.55,2.496,31.557,0.13786439943644987
62,121,-109.854,33.55,3.885,31.469,0.14322736807401382
62,122,-109.81,33.55,4.921,31.207,0.13651291323630446
62,123,-109.766,33.55,4.093,30.23,0.18449262303040043
62,124,-109.722,33.55,4.684,29.522,0.19133765495524266
62,125,-109.678,33.55,3.007,30.231,0.15127164796437043
62,126,-109.634,33.55,3.715,29.888,0.10715374825983907
62,127,-109.59,33.55,3.772,29.437,0.11504873464870538
62,128,-109.546,33.55,3.271,29.598,0.10817112161526378
62,129,-109.502,33.55,3.257,29.853,0.1264166771403525
62,130,-109.458,33.55,5.513,29.464,0.14698690811556078
62,131,-109.414,33.55,8.002,28.16,0.21196141081330025
62,132,-109.37,33.55,7.526,27.142,0.1995707544072758
62,133,-109.326,33.55,6.049,26.645,0.21877855176736685
62,134,-109.282,33.55,9.53,27.099,0.188127146181712
62,135,-109.238,33.55,7.552,29.265,0.088253181778257
62,136,-109.194,33.55,8.866,31.319,0.10624787895447843
62,137,-109.15,33.55,10.804,29.596,0.17987458940776851
62,138,-109.106,33.55,6.707,28.161,0.1824603793963666
62,139,-109.062,33.55,7.971,27.341,0.18683713483738604
62,140,-109.018,33.55,11.035,27.137,0.12910112180482672
63,0,-115.178,33.594,1.37,42.208,-0.05924404903048699
63,1,-115.134,33.594,0.969,42.477,-0.052075768192899725
63,2,-115.09,33.594,0.651,42.6,-0.05533269948873077
63,3,-115.046,33.594,0.483,42.628,-0.04505215959320478
63,4,-115.002,33.594,0.441,42.576,-0.037125025375815204
63,5,-114.958,33.594,0.334,42.474,-0.03325108084618107
63,6,-114.914,33.594,0.26,42.406,-0.03836618372657144
63,7,-114.87,33.594,0.268,42.385,-0.037407599683760284
63,8,-114.826,33.594,0.614,42.379,-0.03882687660487842
63,9,-114.782,33.594,0.482,42.389,-0.040933251592205344
63,10,-114.738,33.594,0.266,42.375,-0.0383722728203647
63,11,-114.694,33.594,0.556,42.25,-0.018255679042746362
63,12,-114.65,33.594,0.064,42.033,0.16027891848575923
63,13,-114.606,33.594,0.05,41.846,0.15079594911403993
63,14,-114.562,33.594,0.081,41.86,0.1958863541293333
63,15,-114.518,33.594,0.948,41.987,0.07384126134927228
63,16,-114.474,33.594,0.959,42.105,0.013002643642068285
63,17,-114.43,33.594,1.326,42.274,0.01757864782721438
63,18,-114.386,33.594,6.9,40.952,0.0348858513666366
63,19,-114.342,33.594,10.64,40.447,0.03191863554006294
63,20,-114.298,33.594,2.264,42.02,0.031042818208753497
63,21,-114.254,33.594,0.522,42.327,0.009750234444148536
63,22,-114.21,33.594,0.608,42.133,0.017679794356659184
63,23,-114.166,33.594,1.406,41.735,0.008045878751941819
63,24,-114.122,33.594,3.739,40.814,-0.0016456392030095805
63,25,-114.078,33.594,6.386,39.416,0.013878096918620908
63,26,-114.034,33.594,6.019,38.615,0.029596513482067387
63,27,-113.99,33.594,8.344,39.034,0.0387527625838472
63,28,-113.946,33.594,2.883,40.029,0.053403658129609705
63,29,-113.902,33.594,4.686,40.557,0.066527426699648
63,30,-113.858,33.594,3.688,41.314,0.05800891351006539
63,31,-113.814,33.594,0.491,41.656,0.05300309529773629
63,32,-113.77,33.594,0.45,41.673,0.04045978656418013
63,33,-113.726,33.594,0.35,41.72,0.03705034571264246
63,34,-113.682,33.594,0.201,41.74,0.046496286269757006
63,35,-113.638,33.594,0.88,41.47,0.06133424990552357
63,36,-113.594,33.594,0.378,41.364,0.05895059876498504
63,37,-113.55,33.594,0.225,41.305,0.04676166901619089
63,38,-113.506,33.594,0.224,41.182,0.038082521793177886
63,39,-113.462,33.594,0.544,41.039,0.049970314392874166
63,40,-113.418,33.594,0.207,40.934,0.021989094125213864
63,41,-113.374,33.594,0.235,40.864,0.03720398481460168
63,42,-113.33,33.594,0.311,40.747,0.04468525672620077
63,43,-113.286,33.594,0.345,40.668,0.058305431354875197
63,44,-113.242,33.594,0.498,40.64,0.03678126227638669
63,45,-113.198,33.594,0.677,40.585,0.020242553547207484
63,46,-113.154,33.594,2.372,40.368,0.012042731234902728
63,47,-113.11,33.594,4.575,40.201,0.02032582475859015
63,48,-113.066,33.594,1.097,40.465,0.03314514809864008
63,49,-113.022,33.594,0.704,40.691,0.03553746293164606
63,50,-112.978,33.594,0.832,40.809,0.03257242409681343
63,51,-112.934,33.594,1.284,40.925,0.027691261442428252
63,52,-112.89,33.594,1.595,40.93,0.02055349860816822
63,53,-112.846,33.594,1.215,40.978,0.032090589026804325
63,54,-112.802,33.594,0.777,41.022,0.025879477116942648
63,55,-112.758,33.594,0.629,41.008,0.026311803679966387
63,56,-112.714,33.594,0.764,40.872,0.01907510598461691
63,57,-112.67,33.594,1.023,40.64,0.024694026247438296
63,58,-112.626,33.594,3.861,40.098,0.04210161702008576
63,59,-112.582,33.594,8.986,37.989,0.08361107920854366
63,60,-112.538,33.594,7.69,38.514,0.050490199538179056
63,61,-112.494,33.594,2.741,40.786,0.024321902892478015
63,62,-112.45,33.594,0.547,41.159,0.0523532196780263
63,63,-112.406,33.594,0.389,41.339,0.049291301020905835
63,64,-112.362,33.594,0.263,41.49,0.052527488268841224
63,65,-112.318,33.594,0.331,41.602,0.049857679559862984
63,66,-112.274,33.594,0.218,41.588,0.05211633019888415
63,67,-112.23,33.594,0.238,41.481,0.046210425919928355
63,68,-112.186,33.594,0.258,41.277,0.056789686139613646
63,69,-112.142,33.594,0.257,41.068,0.04035104639080633
63,70,-112.098,33.594,2.004,40.774,0.034538953204457525
63,71,-112.054,33.594,2.933,40.481,0.03960504881371393
63,72,-112.01,33.594,1.229,40.489,0.046391516742885
63,73,-111.966,33.594,0.692,40.642,0.08205149241409576
63,74,-111.922,33.594,0.349,40.725,0.053072530254171746
63,75,-111.878,33.594,0.387,40.696,0.04023609364177325
63,76,-111.834,33.594,1.484,40.393,0.029336064599219034
63,77,-111.79,33.594,3.388,39.848,0.02770708888828209
63,78,-111.746,33.594,2.327,39.943,0.045068289487962154
63,79,-111.702,33.594,1.524,40.485,0.05416312885140932
63,80,-111.658,33.594,1.389,40.79,0.0714132228175256
63,81,-111.614,33.594,1.786,40.71,0.05180681433819576
63,82,-111.57,33.594,4.489,40.465,0.034646896850941654
63,83,-111.526,33.594,3.115,40.319,0.02582192618289078
63,84,-111.482,33.594,2.865,40.39,0.009713466047759545
63,85,-111.438,33.594,5.267,39.95,-0.018956906966267072
63,86,-111.394,33.594,9.323,38.914,-0.008318089261543206
63,87,-111.35,33.594,13.317,38.463,-0.01679066203671426
63,88,-111.306,33.594,12.765,38.161,0.019251973000377474
63,89,-111.262,33.594,10.389,38.595,0.03043408609007393
63,90,-111.218,33.594,6.372,39.09,0.04091620244559453
63,91,-111.174,33.594,10.3,38.273,0.0929610178538035
63,92,-111.13,33.594,9.922,36.3,0.12273271713653591
63,93,-111.086,33.594,5.335,37.029,0.10565139857744406
63,94,-111.042,33.594,3.372,38.364,0.09212095097051848
63,95,-110.998,33.594,4.397,38.896,0.07835857245908441
63,96,-110.954,33.594,4.235,38.682,0.04288665555390639
63,97,-110.91,33.594,10.235,37.383,0.05928975741434504
63,98,-110.866,33.594,7.158,36.302,0.06526454756461769
63,99,-110.822,33.594,5.06,35.131,0.07602749335403991
63,100,-110.778,33.594,6.774,35.401,0.058451696605810156
63,101,-110.734,33.594,8.74,33.848,0.11752247993735293
63,102,-110.69,33.594,5.086,33.205,0.1301887064253477
63,103,-110.646,33.594,3.224,34.497,0.10803827527083243
63,104,-110.602,33.594,6.474,34.146,0.15855637588130325
63,105,-110.558,33.594,8.256,33.166,0.18414814413339642
63,106,-110.514,33.594,5.884,33.905,0.16390136587810042
63,107,-110.47,33.594,10.134,33.862,0.16676179085243478
63,108,-110.426,33.594,10.237,32.686,0.21907321647577557
63,109,-110.382,33.594,6.898,31.259,0.21906705325246356
63,110,-110.338,33.594,7.738,31.17,0.19011231027403763
63,111,-110.294,33.594,6.863,31.421,0.1807877539264363
63,112,-110.25,33.594,8.302,31.331,0.16532334929406595
63,113,-110.206,33.594,8.315,31.689,0.14588685147496222
63,114,-110.162,33.594,5.147,31.792,0.15724082970673023
63,115,-110.118,33.594,5.454,31.443,0.15845417401354533
63,116,-110.074,33.594,5.484,31.972,0.14058284089217982
63,117,-110.03,33.594,5.784,31.953,0.13364194355128858
63,118,-109.986,33.594,3.661,31.981,0.11901563110695902
63,119,-109.942,33.594,3.431,31.908,0.09694680062000038
63,120,-109.898,33.594,3.489,31.727,0.11554878125437026
63,121,-109.854,33.594,2.457,31.411,0.1161925081216072
63,122,-109.81,33.594,1.958,30.936,0.1317415123825297
63,123,-109.766,33.594,2.612,30.242,0.16097419023523854
63,124,-109.722,33.594,3.48,29.297,0.24701838275851615
63,125,-109.678,33.594,6.117,28.772,0.2461096191233603
63,126,-109.634,33.594,8.972,29.066,0.17530597266431022
63,127,-109.59,33.594,7.931,28.671,0.17071328437094466
63,128,-109.546,33.594,6.337,27.832,0.1870436635704285
63,129,-109.502,33.594,8.0,27.447,0.18129201059810285
63,130,-109.458,33.594,10.277,26.338,0.23212034765406897
63,131,-109.414,33.594,6.9,24.99,0.20683930341621334
63,132,-109.37,33.594,6.809,24.131,0.14534055664755863
63,133,-109.326,33.594,9.693,23.803,0.23480020743518398
63,134,-109.282,33.594,14.904,25.14,0.2461134736934257
63,135,-109.238,33.594,9.143,27.698,0.167329640427845
63,136,-109.194,33.594,9.127,29.44,0.10480156572121553
63,137,-109.15,33.594,6.519,31.006,0.09095374571010444
63,138,-109.106,33.594,8.262,30.911,0.13671903914126263
63,139,-109.062,33.594,6.993,29.166,0.1751344852033736
63,140,-109.018,33.594,8.302,27.766,0.14406535931488654
64,0,-115.178,33.638,1.01,42.407,-0.07123053403495634
64,1,-115.134,33.638,0.718,42.601,-0.06743712103580499
64,2,-115.09,33.638,0.419,42.709,-0.05030570086323751
64,3,-115.046,33.638,0.23,42.728,-0.038777769483217366
64,4,-115.002,33.638,0.127,42.687,-0.033165631871741964
64,5,-114.958,33.638,0.188,42.545,-0.034419591645946
64,6,-114.914,33.638,0.414,42.467,-0.05634186473575487
64,7,-114.87,33.638,2.351,42.278,-0.06348593484850377
64,8,-114.826,33.638,2.662,42.244,-0.06822163075995316
64,9,-114.782,33.638,2.67,42.536,-0.0650570357879791
64,10,-114.738,33.638,0.35,42.558,-0.05486941987963958
64,11,-114.694,33.638,0.307,42.444,-0.026373770094704905
64,12,-114.65,33.638,0.481,42.215,0.07665139430875989
64,13,-114.606,33.638,0.045,41.977,0.20147042334214416
64,14,-114.562,33.638,0.044,41.911,0.20451490997239227
64,15,-114.518,33.638,0.396,41.99,0.05501449260007247
64,16,-114.474,33.638,1.034,42.098,0.020585735178726153
64,17,-114.43,33.638,1.207,42.244,0.02013974657398805
64,18,-114.386,33.638,5.238,41.35,0.034113616126030755
64,19,-114.342,33.638,5.895,41.115,0.017909169756254655
64,20,-114.298,33.638,2.25,42.168,0.02414874678728203
64,21,-114.254,33.638,1.47,42.68,0.009897439790445934
64,22,-114.21,33.638,0.575,42.607,0.018705856405718882
64,23,-114.166,33.638,0.933,42.072,0.0019417974895831677
64,24,-114.122,33.638,3.985,41.069,-0.007288431152925097
64,25,-114.078,33.638,4.46,39.913,0.013986773628596048
64,26,-114.034,33.638,5.466,39.972,0.028474730752634424
64,27,-113.99,33.638,2.882,40.765,0.03530227090727374
64,28,-113.946,33.638,2.426,41.101,0.04384512459643508
64,29,-113.902,33.638,1.622,41.435,0.034095998187067045
64,30,-113.858,33.638,0.546,41.786,0.01418136807720344
64,31,-113.814,33.638,0.288,41.88,0.02449307670969016
64,32,-113.77,33.638,0.283,41.898,0.06496999497117185
64,33,-113.726,33.638,0.257,41.858,0.1763904537436066
64,34,-113.682,33.638,0.65,41.626,0.06822050057200525
64,35,-113.638,33.638,3.319,41.212,0.041759152047820554
64,36,-113.594,33.638,0.669,41.096,0.03266075503855572
64,37,-113.55,33.638,0.623,41.033,0.023785866381937075
64,38,-113.506,33.638,0.891,40.989,0.03757678548286232
64,39,-113.462,33.638,0.561,40.945,0.05882767228208724
64,40,-113.418,33.638,0.258,40.895,0.039317563637084996
64,41,-113.374,33.638,0.301,40.766,0.03647738089532938
64,42,-113.33,33.638,0.365,40.619,0.028522382699064694
64,43,-113.286,33.638,0.424,40.512,0.02592037390698543
64,44,-113.242,33.638,0.801,40.4,0.03043236303558861
64,45,-113.198,33.638,2.25,40.134,0.03135849672460411
64,46,-113.154,33.638,6.95,39.672,0.02813403928739961
64,47,-113.11,33.638,2.806,39.708,0.016338868593905875
64,48,-113.066,33.638,1.492,40.033,0.01360494250091237
64,49,-113.022,33.638,1.877,40.095,0.015939541067600087
64,50,-112.978,33.638,2.996,40.168,0.010865279322449857
64,51,-112.934,33.638,3.353,40.281,0.011925058712753121
64,52,-112.89,33.638,6.551,40.244,0.020785672769472976
64,53,-112.846,33.638,3.548,40.556,0.017962072021698472
64,54,-112.802,33.638,0.431,40.929,0.01880159054015336
64,55,-112.758,33.638,0.502,41.003,0.019031320745069562
64,56,-112.714,33.638,0.931,40.923,0.016178113072321986
64,57,-112.67,33.638,0.873,40.716,0.01959756739582212
64,58,-112.626,33.638,3.175,40.286,0.033074847461535675
64,59,-112.582,33.638,4.991,40.07,0.03973856652071113
64,60,-112.538,33.638,8.461,39.57,0.0346354872332629
64,61,-112.494,33.638,2.651,40.863,0.02340307226970594
64,62,-112.45,33.638,0.467,41.127,0.03582830744889699
64,63,-112.406,33.638,0.341,41.245,0.06407402749349136
64,64,-112.362,33.638,0.315,41.335,0.06508059633501602
64,65,-112.318,33.638,0.464,41.394,0.05007011992141499
64,66,-112.274,33.638,0.261,41.431,0.061124840630801834
64,67,-112.23,33.638,0.268,41.328,0.0633733297259399
64,68,-112.186,33.638,0.272,41.113,0.06021359674218105
64,69,-112.142,33.638,0.308,40.867,0.06237611084630669
64,70,-112.098,33.638,0.687,40.673,0.049892619778795735
64,71,-112.054,33.638,1.288,40.451,0.049567762125292465
64,72,-112.01,33.638,0.705,40.39,0.056150609825657956
64,73,-111.966,33.638,0.434,40.39,0.062294849915714885
64,74,-111.922,33.638,0.565,40.368,0.054210614480563794
64,75,-111.878,33.638,0.878,40.267,0.04525694286989408
64,76,-111.834,33.638,5.739,39.367,0.0227025206197279
64,77,-111.79,33.638,8.029,38.332,0.03214837323014856
64,78,-111.746,33.638,2.608,39.494,0.04230419077367378
64,79,-111.702,33.638,1.303,40.341,0.06312255612499232
64,80,-111.658,33.638,0.904,40.686,0.06886901574613292
64,81,-111.614,33.638,2.462,40.547,0.05605548729805034
64,82,-111.57,33.638,2.121,40.185,0.0331122049582457
64,83,-111.526,33.638,1.668,39.861,0.022475649549080733
64,84,-111.482,33.638,2.239,39.467,0.03468915228084022
64,85,-111.438,33.638,4.219,39.243,0.03141434890721986
64,86,-111.394,33.638,5.479,38.013,0.04222034425098777
64,87,-111.35,33.638,9.563,36.436,0.05722571666244481
64,88,-111.306,33.638,12.708,35.044,0.10098874058584077
64,89,-111.262,33.638,13.759,35.248,0.12685674688319756
64,90,-111.218,33.638,6.613,37.868,0.0663634401641931
64,91,-111.174,33.638,8.712,38.387,0.10000676875353705
64,92,-111.13,33.638,8.982,37.433,0.11560470146154374
64,93,-111.086,33.638,5.382,38.324,0.06876616864124051
64,94,-111.042,33.638,1.625,39.261,0.014240055128994566
64,95,-110.998,33.638,1.725,39.518,0.044691007639526034
64,96,-110.954,33.638,1.927,39.502,0.0532599089833547
64,97,-110.91,33.638,5.819,38.821,0.024951389084439845
64,98,-110.866,33.638,11.447,37.619,0.035104644307409685
64,99,-110.822,33.638,9.331,37.052,0.054130192455183586
64,100,-110.778,33.638,7.071,37.689,0.07623412379298745
64,101,-110.734,33.638,6.539,36.004,0.12525123989306883
64,102,-110.69,33.638,3.413,34.495,0.15567798483733977
64,103,-110.646,33.638,2.566,34.415,0.11250062464810984
64,104,-110.602,33.638,6.884,33.055,0.1681716620964227
64,105,-110.558,33.638,5.225,32.211,0.21311791552971063
64,106,-110.514,33.638,7.011,32.753,0.19288085707028052
64,107,-110.47,33.638,6.871,32.346,0.18394974182936888
64,108,-110.426,33.638,4.402,31.52,0.20162773751490984
64,109,-110.382,33.638,3.208,31.137,0.14315990948884322
64,110,-110.338,33.638,3.92,30.916,0.1641013866599289
64,111,-110.294,33.638,3.79,30.994,0.16200738782982593
64,112,-110.25,33.638,3.197,31.26,0.1892942576908439
64,113,-110.206,33.638,5.005,31.34,0.18250997818699496
64,114,-110.162,33.638,3.615,31.591,0.1496451674704887
64,115,-110.118,33.638,6.689,31.976,0.13156670050177485
64,116,-110.074,33.638,6.178,32.08,0.1086538711520465
64,117,-110.03,33.638,2.408,31.536,0.09901020763840865
64,118,-109.986,33.638,1.889,31.632,0.09696579349508377
64,119,-109.942,33.638,1.223,31.294,0.07614566956369061
64,120,-109.898,33.638,1.52,31.159,0.06713350372020127
64,121,-109.854,33.638,1.939,31.001,0.10487462837549649
64,122,-109.81,33.638,2.547,30.451,0.1596076401217533
64,123,-109.766,33.638,3.487,29.468,0.18311469488836013
64,124,-109.722,33.638,4.374,28.219,0.2160406303479145
64,125,-109.678,33.638,4.631,27.074,0.2070683806109671
64,126,-109.634,33.638,6.689,27.016,0.14439414500784353
64,127,-109.59,33.638,8.275,27.467,0.1311513678785132
64,128,-109.546,33.638,8.923,27.898,0.13311044949045947
64,129,-109.502,33.638,8.391,28.03,0.18934231848861194
64,130,-109.458,33.638,9.246,27.018,0.20981068169792408
64,131,-109.414,33.638,4.513,25.385,0.14049547476681043
64,132,-109.37,33.638,4.359,24.523,0.07174479716857156
64,133,-109.326,33.638,4.012,23.808,0.15246261585527465
64,134,-109.282,33.638,6.731,23.857,0.17953860156677745
64,135,-109.238,33.638,9.202,25.403,0.21095683415241548
64,136,-109.194,33.638,9.094,26.975,0.1396818207543692
64,137,-109.15,33.638,7.907,29.01,0.1155362422137079
64,138,-109.106,33.638,4.492,30.302,0.1511271720306265
64,139,-109.062,33.638,6.638,30.085,0.23260216562751448
64,140,-109.018,33.638,7.439,27.906,0.23206657244762377
65,0,-115.178,33.682,0.799,42.505,-0.06019148261842412
65,1,-115.134,33.682,0.504,42.567,-0.0776959393219445
65,2,-115.09,33.682,0.414,42.713,-0.07532873426033344
65,3,-115.046,33.682,0.368,42.775,-0.06931832823789968
65,4,-115.002,33.682,0.273,42.712,-0.05118288663700975
65,5,-114.958,33.682,0.384,42.598,-0.03816068973268941
65,6,-114.914,33.682,0.832,42.418,-0.06977075706527482
65,7,-114.87,33.682,5.69,41.755,-0.07280152756329729
65,8,-114.826,33.682,9.493,41.687,-0.07516409632008335
65,9,-114.782,33.682,1.231,42.48,-0.06083903987578241
65,10,-114.738,33.682,0.367,42.462,-0.05906127187818551
65,11,-114.694,33.682,0.388,42.378,-0.04635621000136341
65,12,-114.65,33.682,0.667,42.237,-0.025557243286490002
65,13,-114.606,33.682,0.405,42.036,0.03965749048480581
65,14,-114.562,33.682,0.054,41.94,0.16823035160210892
65,15,-114.518,33.682,0.132,41.951,0.16329764888944953
65,16,-114.474,33.682,0.946,42.035,0.04564107364688835
65,17,-114.43,33.682,1.963,42.205,0.017784936924876812
65,18,-114.386,33.682,3.824,42.014,0.023946854089213498
65,19,-114.342,33.682,6.102,41.563,0.012098079360841412
65,20,-114.298,33.682,3.871,42.223,0.0255395946984959
65,21,-114.254,33.682,1.425,42.873,-0.002841619913005479
65,22,-114.21,33.682,0.528,42.846,0.020367654699923254
65,23,-114.166,33.682,0.818,42.355,0.005520070846377746
65,24,-114.122,33.682,2.014,41.681,-0.0017752714712590647
65,25,-114.078,33.682,3.748,40.798,0.013208137774843358
65,26,-114.034,33.682,4.96,40.792,0.028310589038710917
65,27,-113.99,33.682,1.071,41.369,0.035143893607538
65,28,-113.946,33.682,1.358,41.426,0.04404446585756414
65,29,-113.902,33.682,4.833,41.577,0.026294203067256584
65,30,-113.858,33.682,0.658,41.922,0.009474868450461358
65,31,-113.814,33.682,0.168,42.002,0.03473278256108739
65,32,-113.77,33.682,0.266,41.91,0.15518508313864626
65,33,-113.726,33.682,0.932,41.666,0.054446624919873926
65,34,-113.682,33.682,2.199,41.329,0.04262464973707977
65,35,-113.638,33.682,2.266,40.756,0.039112228496932355
65,36,-113.594,33.682,3.276,40.527,0.03187743577431626
65,37,-113.55,33.682,3.706,40.457,0.02807267688488803
65,38,-113.506,33.682,1.274,40.735,0.04071161319509283
65,39,-113.462,33.682,0.311,40.805,0.03906822526420211
65,40,-113.418,33.682,0.495,40.682,0.030680908263031353
65,41,-113.374,33.682,0.639,40.535,0.029740303800129757
65,42,-113.33,33.682,0.472,40.43,0.018785738156302075
65,43,-113.286,33.682,0.589,40.296,0.018107887724286047
65,44,-113.242,33.682,1.976,40.083,0.028967803940684357
65,45,-113.198,33.682,1.204,39.815,0.02460294562013537
65,46,-113.154,33.682,1.905,39.495,0.023583000869172262
65,47,-113.11,33.682,2.608,39.241,0.017356834019234463
65,48,-113.066,33.682,4.694,39.119,0.01481852789370136
65,49,-113.022,33.682,4.165,39.159,0.013368203657369175
65,50,-112.978,33.682,2.562,39.599,0.016426186819411277
65,51,-112.934,33.682,2.263,40.057,0.02150663865494634
65,52,-112.89,33.682,1.522,40.469,0.02027298825700302
65,53,-112.846,33.682,0.444,40.707,0.02053497709235849
65,54,-112.802,33.682,0.379,40.876,0.020159733286156084
65,55,-112.758,33.682,0.364,40.932,0.01810833840880169
65,56,-112.714,33.682,0.943,41.019,0.019582311379350757
65,57,-112.67,33.682,0.732,40.91,0.018601800843255162
65,58,-112.626,33.682,0.647,40.746,0.03245668022192574
65,59,-112.582,33.682,0.659,40.831,0.03451565524763116
65,60,-112.538,33.682,0.657,41.034,0.030602695118390776
65,61,-112.494,33.682,0.544,41.114,0.02154286868729864
65,62,-112.45,33.682,0.351,41.133,0.02145757568654421
65,63,-112.406,33.682,0.341,41.189,0.03960791811140934
65,64,-112.362,33.682,0.332,41.305,0.06238224664475599
65,65,-112.318,33.682,0.587,41.373,0.04062483104731889
65,66,-112.274,33.682,0.383,41.305,0.04229060967636133
65,67,-112.23,33.682,0.316,41.134,0.06715019715736129
65,68,-112.186,33.682,1.356,40.899,0.061824263448960366
65,69,-112.142,33.682,0.727,40.674,0.05482186120078053
65,70,-112.098,33.682,0.425,40.53,0.03641556797825153
65,71,-112.054,33.682,1.176,40.288,0.03573271560940675
65,72,-112.01,33.682,0.558,40.142,0.06296518442587706
65,73,-111.966,33.682,0.688,40.02,0.06361151947044265
65,74,-111.922,33.682,0.982,39.859,0.07057086696759496
65,75,-111.878,33.682,2.048,39.539,0.0742455462225859
65,76,-111.834,33.682,9.336,38.339,0.03528117180766766
65,77,-111.79,33.682,7.096,38.066,0.040581392677051235
65,78,-111.746,33.682,1.895,39.173,0.04554212245657218
65,79,-111.702,33.682,1.694,40.164,0.058110569465880176
65,80,-111.658,33.682,1.001,40.782,0.10583420045040098
65,81,-111.614,33.682,2.268,40.558,0.03848857678181053
65,82,-111.57,33.682,3.286,40.086,0.032411534906851905
65,83,-111.526,33.682,3.636,39.716,0.031020051966467427
65,84,-111.482,33.682,2.532,39.009,0.04539097212884298
65,85,-111.438,33.682,6.539,38.091,0.061014856693980574
65,86,-111.394,33.682,10.474,36.539,0.07991875340839762
65,87,-111.35,33.682,12.95,33.642,0.11456829166826968
65,88,-111.306,33.682,15.05,31.667,0.1761852775635407
65,89,-111.262,33.682,11.038,34.042,0.11172608941591322
65,90,-111.218,33.682,6.296,36.981,0.05413198347784975
65,91,-111.174,33.682,9.637,38.669,0.03444215194767073
65,92,-111.13,33.682,4.226,39.285,-0.04603737600872311
65,93,-111.086,33.682,2.047,39.535,-0.005942295358908401
65,94,-111.042,33.682,1.336,39.588,0.04046732427435449
65,95,-110.998,33.682,1.74,39.381,0.05747317095933959
65,96,-110.954,33.682,2.967,38.776,0.042494219378035394
65,97,-110.91,33.682,6.914,37.17,0.046220347562127
65,98,-110.866,33.682,5.259,36.966,0.04773905298108622
65,99,-110.822,33.682,5.955,38.062,0.06970166846087711
65,100,-110.778,33.682,8.619,37.791,0.0781564877976109
65,101,-110.734,33.682,7.678,36.812,0.10191768521162413
65,102,-110.69,33.682,6.817,35.688,0.12726501618045793
65,103,-110.646,33.682,4.141,34.796,0.11912133167741264
65,104,-110.602,33.682,9.864,32.72,0.17264963397804395
65,105,-110.558,33.682,5.848,31.095,0.19817476737915135
65,106,-110.514,33.682,5.976,31.49,0.15510687441396903
65,107,-110.47,33.682,3.878,31.783,0.16972519751659695
65,108,-110.426,33.682,4.356,31.348,0.20413217883659118
65,109,-110.382,33.682,5.448,31.34,0.13927030139045266
65,110,-110.338,33.682,4.714,31.408,0.10061739587057002
65,111,-110.294,33.682,5.836,31.818,0.12323675453352091
65,112,-110.25,33.682,6.618,32.124,0.14930061796112085
65,113,-110.206,33.682,7.962,32.377,0.15959576954815471
65,114,-110.162,33.682,8.646,32.809,0.12040971830476196
65,115,-110.118,33.682,8.019,32.463,0.08408215659562007
65,116,-110.074,33.682,4.491,31.879,0.10011370209596501
65,117,-110.03,33.682,2.533,31.442,0.11176102635197639
65,118,-109.986,33.682,1.966,31.055,0.09273534954409221
65,119,-109.942,33.682,1.068,30.781,0.05532641715833883
65,120,-109.898,33.682,1.187,30.618,0.08532017885627054
65,121,-109.854,33.682,2.44,30.386,0.12774383226475505
65,122,-109.81,33.682,4.753,29.983,0.19117931727419257
65,123,-109.766,33.682,3.885,29.086,0.18528907476788736
65,124,-109.722,33.682,3.789,28.454,0.17997822088998064
65,125,-109.678,33.682,4.313,27.301,0.15234578505381577
65,126,-109.634,33.682,2.388,26.487,0.12009579713053911
65,127,-109.59,33.682,1.601,26.332,0.10251655658891572
65,128,-109.546,33.682,2.398,26.551,0.11981488966702175
65,129,-109.502,33.682,5.271,27.224,0.16650406360813594
65,130,-109.458,33.682,5.654,27.364,0.15981088303736726
65,131,-109.414,33.682,4.918,26.679,0.12839863173975444
65,132,-109.37,33.682,7.152,25.585,0.09573213050299384
65,133,-109.326,33.682,5.049,24.416,0.10839266344107766
65,134,-109.282,33.682,6.586,24.231,0.1504332626506941
65,135,-109.238,33.682,6.822,24.698,0.17670751548080768
65,136,-109.194,33.682,8.967,25.635,0.14337770274824516
65,137,-109.15,33.682,6.991,27.146,0.1448357780018606
65,138,-109.106,33.682,7.949,28.572,0.1691173930547497
65,139,-109.062,33.682,10.066,29.268,0.2554380027394942
65,140,-109.018,33.682,6.132,27.964,0.2819499627849075
66,0,-115.178,33.726,0.6,42.426,-0.057658287321114166
66,1,-115.134,33.726,3.289,41.731,-0.09201904490243487
66,2,-115.09,33.726,3.068,41.817,-0.08716679200429438
66,3,-115.046,33.726,2.635,42.136,-0.08794796921351462
66,4,-115.002,33.726,1.0,42.629,-0.07659145015582046
66,5,-114.958,33.726,0.46,42.463,-0.050912244525456965
66,6,-114.914,33.726,4.116,41.888,-0.07874749118505858
66,7,-114.87,33.726,9.923,41.657,-0.07697812174682463
66,8,-114.826,33.726,3.783,42.299,-0.0725362149023185
66,9,-114.782,33.726,0.504,42.453,-0.04850252052491987
66,10,-114.738,33.726,0.311,42.422,-0.03379232426097416
66,11,-114.694,33.726,0.368,42.373,-0.03541347893002894
66,12,-114.65,33.726,0.658,42.266,-0.04054392577227286
66,13,-114.606,33.726,1.696,41.974,-0.061400141819357004
66,14,-114.562,33.726,2.161,42.0,-0.07044695224787785
66,15,-114.518,33.726,0.57,41.989,0.07336638963304826
66,16,-114.474,33.726,0.418,42.02,0.10294070297233883
66,17,-114.43,33.726,2.217,42.148,0.018497844893170027
66,18,-114.386,33.726,1.827,42.331,0.01980547318577181
66,19,-114.342,33.726,2.303,42.497,0.020339519342809597
66,20,-114.298,33.726,4.232,42.456,0.008784683948216208
66,21,-114.254,33.726,0.783,42.801,0.012984058532038371
66,22,-114.21,33.726,0.581,42.818,0.0165231268154312
66,23,-114.166,33.726,0.792,42.475,0.01949044011817181
66,24,-114.122,33.726,1.898,41.783,0.008423613569271644
66,25,-114.078,33.726,7.572,40.772,0.030204932068968925
66,26,-114.034,33.726,2.471,40.855,0.03550247390771302
66,27,-113.99,33.726,1.04,41.565,0.04015734861270594
66,28,-113.946,33.726,1.19,41.81,0.038500112239410376
66,29,-113.902,33.726,0.424,41.967,0.02031867630149485
66,30,-113.858,33.726,0.231,42.038,0.012625421271326154
66,31,-113.814,33.726,0.303,41.962,0.008945614510172758
66,32,-113.77,33.726,0.723,41.728,0.008533667494589977
66,33,-113.726,33.726,1.904,41.29,0.018687308650114306
66,34,-113.682,33.726,2.281,40.789,0.038912816204928355
66,35,-113.638,33.726,3.679,40.094,0.03959859694945531
66,36,-113.594,33.726,2.8,40.154,0.031671117061797996
66,37,-113.55,33.726,2.527,40.222,0.02734221001282665
66,38,-113.506,33.726,1.831,40.357,0.03828249055647771
66,39,-113.462,33.726,1.141,40.019,0.03780107121984117
66,40,-113.418,33.726,1.025,40.123,0.02691890401874263
66,41,-113.374,33.726,2.385,39.853,0.02622743498221705
66,42,-113.33,33.726,1.691,39.816,0.01610825090890207
66,43,-113.286,33.726,1.507,39.949,0.021257089770368384
66,44,-113.242,33.726,1.939,39.727,0.026739925140999286
66,45,-113.198,33.726,2.179,39.316,0.026150178196815976
66,46,-113.154,33.726,1.97,38.95,0.021019408231712316
66,47,-113.11,33.726,2.825,38.578,0.019912252037513033
66,48,-113.066,33.726,1.488,38.697,0.017851938464847596
66,49,-113.022,33.726,2.637,39.033,0.01755870860463435
66,50,-112.978,33.726,1.9,39.66,0.023331859009179938
66,51,-112.934,33.726,0.788,40.163,0.02657160421538949
66,52,-112.89,33.726,0.718,40.425,0.02304769548034386
66,53,-112.846,33.726,0.434,40.598,0.020646793464878826
66,54,-112.802,33.726,0.441,40.751,0.0218323610245369
66,55,-112.758,33.726,0.398,40.794,0.019334453310100322
66,56,-112.714,33.726,0.805,40.866,0.019272885881906548
66,57,-112.67,33.726,0.831,40.936,0.02023286043923124
66,58,-112.626,33.726,0.353,40.867,0.02215496724930141
66,59,-112.582,33.726,0.354,40.948,0.030452111876479712
66,60,-112.538,33.726,0.351,41.028,0.025693533451974452
66,61,-112.494,33.726,0.382,41.044,0.021500781934914285
66,62,-112.45,33.726,0.414,41.061,0.025592339297823646
66,63,-112.406,33.726,0.507,41.062,0.0337507502241817
66,64,-112.362,33.726,0.732,41.163,0.039484495568179324
66,65,-112.318,33.726,0.607,41.257,0.04279098672467927
66,66,-112.274,33.726,0.966,41.165,0.0423592216196527
66,67,-112.23,33.726,1.395,40.874,0.05515111464351069
66,68,-112.186,33.726,2.218,40.622,0.04434130029032204
66,69,-112.142,33.726,1.573,40.461,0.048091302561503874
66,70,-112.098,33.726,0.955,40.309,0.04264906750358492
66,71,-112.054,33.726,2.007,40.136,0.043021015019413855
66,72,-112.01,33.726,0.835,40.027,0.04351626927444403
66,73,-111.966,33.726,0.986,39.801,0.05543600517166671
66,74,-111.922,33.726,1.251,39.503,0.06249788521478801
66,75,-111.878,33.726,2.461,39.003,0.0666636449532886
66,76,-111.834,33.726,3.223,38.171,0.05817570178721994
66,77,-111.79,33.726,1.839,38.211,0.05351905284496914
66,78,-111.746,33.726,1.556,38.993,0.05385969094391403
66,79,-111.702,33.726,1.7,40.029,0.04685651051941852
66,80,-111.658,33.726,1.425,40.807,0.053947806293665336
66,81,-111.614,33.726,3.321,40.136,0.03508901952308058
66,82,-111.57,33.726,4.427,38.91,0.04268270807625234
66,83,-111.526,33.726,5.22,39.301,0.05047824090680209
66,84,-111.482,33.726,5.41,39.085,0.049252194741635336
66,85,-111.438,33.726,7.242,36.748,0.08130221553094746
66,86,-111.394,33.726,6.93,34.184,0.13248165235594603
66,87,-111.35,33.726,8.879,33.108,0.15666017373786148
66,88,-111.306,33.726,11.166,33.761,0.1192498573101069
66,89,-111.262,33.726,6.069,36.936,0.05461668883284399
66,90,-111.218,33.726,5.322,38.628,0.020019142141386656
66,91,-111.174,33.726,1.283,39.448,0.0054802013725354015
66,92,-111.13,33.726,3.1,39.215,0.03974749070359722
66,93,-111.086,33.726,4.108,38.764,0.04503705827012228
66,94,-111.042,33.726,2.671,38.498,0.053647278020691226
66,95,-110.998,33.726,3.544,38.04,0.08002392633308891
66,96,-110.954,33.726,6.309,36.426,0.08962006881027555
66,97,-110.91,33.726,6.902,34.261,0.09866127508121697
66,98,-110.866,33.726,6.702,35.269,0.08524097011126333
66,99,-110.822,33.726,5.997,36.852,0.07625960974393538
66,100,-110.778,33.726,3.045,37.506,0.10918542191576362
66,101,-110.734,33.726,5.66,36.908,0.11011624059032427
66,102,-110.69,33.726,8.468,36.918,0.12027762489202289
66,103,-110.646,33.726,6.418,35.297,0.13263886136671774
66,104,-110.602,33.726,7.021,33.249,0.1913389357823773
66,105,-110.558,33.726,6.362,31.984,0.18243180136493486
66,106,-110.514,33.726,2.81,31.751,0.149744973147159
66,107,-110.47,33.726,3.663,32.026,0.14198308273233415
66,108,-110.426,33.726,6.09,32.143,0.16495370327225006
66,109,-110.382,33.726,6.497,31.924,0.14512481906530308
66,110,-110.338,33.726,7.388,31.856,0.12901080080752572
66,111,-110.294,33.726,6.225,32.623,0.12067788393862795
66,112,-110.25,33.726,5.421,33.228,0.12019245362294408
66,113,-110.206,33.726,6.981,33.676,0.11439187314876387
66,114,-110.162,33.726,7.838,33.456,0.09743257676887572
66,115,-110.118,33.726,5.8,32.473,0.10371268864236002
66,116,-110.074,33.726,3.165,31.927,0.11317454488682767
66,117,-110.03,33.726,1.792,31.484,0.125903484864216
66,118,-109.986,33.726,1.382,30.799,0.09160435784980082
66,119,-109.942,33.726,1.254,30.46,0.10337791407764595
66,120,-109.898,33.726,2.636,30.312,0.17479337221981125
66,121,-109.854,33.726,2.134,29.644,0.191811299804474
66,122,-109.81,33.726,4.322,29.042,0.19244934510088157
66,123,-109.766,33.726,6.943,28.362,0.18796552768328698
66,124,-109.722,33.726,6.668,28.011,0.1614732441229569
66,125,-109.678,33.726,3.874,27.019,0.18288667644752263
66,126,-109.634,33.726,3.561,26.039,0.19947964267026685
66,127,-109.59,33.726,2.409,25.696,0.13803977706868337
66,128,-109.546,33.726,2.208,25.955,0.1250877687389572
66,129,-109.502,33.726,2.784,26.374,0.18293192433639102
66,130,-109.458,33.726,4.748,26.926,0.1548331061998926
66,131,-109.414,33.726,4.985,27.189,0.14039151710112946
66,132,-109.37,33.726,6.76,26.814,0.14592228863967574
66,133,-109.326,33.726,4.375,26.276,0.1516573672846133
66,134,-109.282,33.726,3.891,26.029,0.1578533731382377
66,135,-109.238,33.726,2.927,25.756,0.12075997362884051
66,136,-109.194,33.726,3.738,25.738,0.1765650288943783
66,137,-109.15,33.726,6.509,26.359,0.20899526965572665
66,138,-109.106,33.726,6.794,27.258,0.16883700135453808
66,139,-109.062,33.726,9.541,28.214,0.19692502500769524
66,140,-109.018,33.726,8.8,29.003,0.21160511084248526
67,0,-115.178,33.77,0.994,42.229,-0.05747748186084579
67,1,-115.134,33.77,9.017,40.36,-0.08518543506978724
67,2,-115.09,33.77,11.007,39.976,-0.09037904520087038
67,3,-115.046,33.77,10.092,40.837,-0.08687800171309563
67,4,-115.002,33.77,2.937,42.464,-0.07931258258486143
67,5,-114.958,33.77,0.889,42.223,-0.056154120606609535
67,6,-114.914,33.77,8.119,41.384,-0.07424847543480573
67,7,-114.87,33.77,6.801,41.887,-0.07257993061334767
67,8,-114.826,33.77,0.824,42.563,-0.05111539941398641
67,9,-114.782,33.77,0.401,42.525,-0.0373157209932204
67,10,-114.738,33.77,0.529,42.514,-0.032825968877468074
67,11,-114.694,33.77,0.681,42.432,-0.043902902021520675
67,12,-114.65,33.77,1.276,42.009,-0.05114590820602
67,13,-114.606,33.77,5.374,41.629,-0.0660564510159221
67,14,-114.562,33.77,4.434,41.986,-0.06984287705881373
67,15,-114.518,33.77,1.901,42.106,0.03682959364783937
67,16,-114.474,33.77,0.073,42.038,0.16047331622159838
67,17,-114.43,33.77,1.1,42.072,0.021865607010471674
67,18,-114.386,33.77,1.523,42.193,0.017273339540873484
67,19,-114.342,33.77,2.838,42.403,0.03333632416081378
67,20,-114.298,33.77,0.879,42.597,0.03042855463178569
67,21,-114.254,33.77,0.459,42.725,0.021132007573193688
67,22,-114.21,33.77,0.531,42.79,0.024858351490107667
67,23,-114.166,33.77,0.634,42.582,0.026351008762648762
67,24,-114.122,33.77,1.038,42.019,0.03876593763405431
67,25,-114.078,33.77,3.801,41.299,0.04885403333626683
67,26,-114.034,33.77,6.584,41.053,0.0432214221576854
67,27,-113.99,33.77,2.514,41.741,0.04751203459684317
67,28,-113.946,33.77,0.488,42.04,0.041541795010636075
67,29,-113.902,33.77,0.279,42.12,0.02457635371386564
67,30,-113.858,33.77,0.29,42.092,0.006806445973169917
67,31,-113.814,33.77,0.941,41.859,0.01146277196405528
67,32,-113.77,33.77,1.116,41.376,0.007447709750812458
67,33,-113.726,33.77,2.564,40.686,0.01911240846477125
67,34,-113.682,33.77,3.531,40.229,0.03771253749165979
67,35,-113.638,33.77,0.806,40.24,0.05140165359253948
67,36,-113.594,33.77,0.607,40.389,0.06516709668651367
67,37,-113.55,33.77,1.731,40.25,0.035701500398608164
67,38,-113.506,33.77,4.211,39.849,0.03641122855806502
67,39,-113.462,33.77,8.044,39.003,0.04507811414594626
67,40,-113.418,33.77,7.427,38.779,0.0359874243669573
67,41,-113.374,33.77,5.101,37.845,0.037167465975601055
67,42,-113.33,33.77,6.513,37.655,0.03172025387646901
67,43,-113.286,33.77,3.74,38.946,0.027509005766361075
67,44,-113.242,33.77,1.53,39.384,0.02754957441642704
67,45,-113.198,33.77,2.353,39.129,0.025345854852251805
67,46,-113.154,33.77,1.433,38.865,0.019895760160649076
67,47,-113.11,33.77,1.868,38.882,0.01306655513182958
67,48,-113.066,33.77,0.895,39.188,0.014379531913446687
67,49,-113.022,33.77,1.061,39.484,0.017710047414476376
67,50,-112.978,33.77,0.839,39.832,0.022575648747975754
67,51,-112.934,33.77,0.604,40.068,0.026677898819787056
67,52,-112.89,33.77,0.633,40.195,0.024770576137042352
67,53,-112.846,33.77,0.653,40.337,0.023109576344746797
67,54,-112.802,33.77,0.622,40.476,0.02256840709332339
67,55,-112.758,33.77,0.567,40.543,0.020455289418626458
67,56,-112.714,33.77,0.783,40.65,0.024340496841832895
67,57,-112.67,33.77,0.929,40.811,0.02361012152339491
67,58,-112.626,33.77,0.417,40.694,0.022246158897423537
67,59,-112.582,33.77,0.419,40.771,0.030378329172051216
67,60,-112.538,33.77,0.481,40.829,0.028074591105362
67,61,-112.494,33.77,0.552,40.82,0.016944262537670614
67,62,-112.45,33.77,0.588,40.795,0.026876974205300316
67,63,-112.406,33.77,0.828,40.735,0.033571112499585276
67,64,-112.362,33.77,1.441,40.734,0.03857551788625067
67,65,-112.318,33.77,1.706,40.862,0.041974923229079864
67,66,-112.274,33.77,1.57,40.87,0.039392488823638085
67,67,-112.23,33.77,1.412,40.669,0.04177609318948387
67,68,-112.186,33.77,1.362,40.438,0.02813998967666699
67,69,-112.142,33.77,0.778,40.308,0.03470040593592121
67,70,-112.098,33.77,1.737,40.138,0.03507410475250719
67,71,-112.054,33.77,1.338,40.096,0.03052471804567757
67,72,-112.01,33.77,0.728,40.132,0.042214946755757515
67,73,-111.966,33.77,1.041,39.896,0.05744456083283768
67,74,-111.922,33.77,1.293,39.462,0.07812139821542263
67,75,-111.878,33.77,1.475,38.948,0.05458388938188402
67,76,-111.834,33.77,1.71,38.263,0.04514188985323362
67,77,-111.79,33.77,1.967,38.276,0.04747875146004123
67,78,-111.746,33.77,1.519,39.008,0.05326767699347955
67,79,-111.702,33.77,1.715,39.963,0.041928953851994064
67,80,-111.658,33.77,2.118,40.778,0.03585770911596554
67,81,-111.614,33.77,5.34,39.524,0.04329904896110312
67,82,-111.57,33.77,5.871,37.842,0.06854050934979938
67,83,-111.526,33.77,5.847,38.053,0.06435278721142162
67,84,-111.482,33.77,5.746,38.877,0.05593478544472358
67,85,-111.438,33.77,7.598,36.149,0.09152721995325105
67,86,-111.394,33.77,9.561,32.839,0.15801598884182208
67,87,-111.35,33.77,8.8,32.98,0.15635906959874685
67,88,-111.306,33.77,9.445,35.887,0.07223006344227699
67,89,-111.262,33.77,5.213,38.374,0.027948558443257717
67,90,-111.218,33.77,2.176,39.412,0.005811177245523547
67,91,-111.174,33.77,4.779,38.699,0.0421717061995908
67,92,-111.13,33.77,7.933,37.287,0.051336202859075176
67,93,-111.086,33.77,9.994,36.606,0.06304531016342745
67,94,-111.042,33.77,5.377,36.397,0.061506942630667145
67,95,-110.998,33.77,7.635,35.318,0.10287319793070042
67,96,-110.954,33.77,12.032,32.362,0.18850462276222435
67,97,-110.91,33.77,10.272,31.004,0.16836215866226076
67,98,-110.866,33.77,9.168,32.206,0.16148243534401727
67,99,-110.822,33.77,7.537,35.908,0.0899367465947374
67,100,-110.778,33.77,4.302,36.948,0.11343481124166577
67,101,-110.734,33.77,5.803,35.396,0.1396832771810883
67,102,-110.69,33.77,5.512,36.964,0.11656400681498963
67,103,-110.646,33.77,6.835,36.296,0.1246764003860987
67,104,-110.602,33.77,10.334,34.261,0.18077541740980702
67,105,-110.558,33.77,8.465,32.988,0.18036106417789746
67,106,-110.514,33.77,5.632,33.074,0.14822497442156646
67,107,-110.47,33.77,5.951,33.566,0.1529313510681684
67,108,-110.426,33.77,9.432,33.361,0.15747822006020978
67,109,-110.382,33.77,6.285,33.011,0.13840738560569177
67,110,-110.338,33.77,8.978,33.132,0.12894573653294394
67,111,-110.294,33.77,7.221,33.672,0.11035056854306173
67,112,-110.25,33.77,5.893,33.771,0.10951730528724912
67,113,-110.206,33.77,5.113,33.251,0.13524422233408517
67,114,-110.162,33.77,4.412,33.147,0.10114202970167999
67,115,-110.118,33.77,5.034,33.141,0.11366764004356816
67,116,-110.074,33.77,6.702,32.733,0.08943621040978286
67,117,-110.03,33.77,5.268,32.604,0.07527528272605984
67,118,-109.986,33.77,4.922,31.798,0.1361587645127386
67,119,-109.942,33.77,5.526,31.36,0.1432015365758735
67,120,-109.898,33.77,5.173,30.883,0.21249738110702496
67,121,-109.854,33.77,3.122,29.004,0.2298918250260106
67,122,-109.81,33.77,4.144,28.142,0.23483585838463517
67,123,-109.766,33.77,3.834,27.346,0.2102404258307011
67,124,-109.722,33.77,7.24,26.693,0.17619374497850493
67,125,-109.678,33.77,7.063,26.641,0.14422768728685753
67,126,-109.634,33.77,5.186,26.205,0.16545862219744376
67,127,-109.59,33.77,2.26,25.443,0.15721605645125927
67,128,-109.546,33.77,2.1,25.289,0.15269544460839557
67,129,-109.502,33.77,2.539,25.448,0.21773292101685826
67,130,-109.458,33.77,1.808,25.833,0.18872712072873157
67,131,-109.414,33.77,1.695,26.303,0.17857272822069217
67,132,-109.37,33.77,2.316,26.565,0.17004698898161963
67,133,-109.326,33.77,2.121,26.573,0.19457513225372747
67,134,-109.282,33.77,4.471,25.858,0.14790565845418288
67,135,-109.238,33.77,5.976,25.152,0.08575150852539938
67,136,-109.194,33.77,3.414,25.481,0.16570305971025678
67,137,-109.15,33.77,5.827,25.905,0.21618379388593656
67,138,-109.106,33.77,9.492,25.966,0.24610024473467945
67,139,-109.062,33.77,5.488,27.638,0.20621941377350952
67,140,-109.018,33.77,6.137,28.164,0.19403367091261153
68,0,-115.178,33.814,0.975,42.232,-0.06352093120546659
68,1,-115.134,33.814,8.506,40.954,-0.09034010491874406
68,2,-115.09,33.814,7.871,40.171,-0.09254354986306353
68,3,-115.046,33.814,9.696,40.194,-0.08488330791265086
68,4,-115.002,33.814,3.448,42.347,-0.06254507975023564
68,5,-114.958,33.814,1.809,42.383,-0.03860536861015808
68,6,-114.914,33.814,7.965,41.999,-0.0552147011745403
68,7,-114.87,33.814,1.25,42.426,-0.05065598771706223
68,8,-114.826,33.814,2.236,42.452,-0.056824624982192304
68,9,-114.782,33.814,1.065,42.606,-0.045924083448404804
68,10,-114.738,33.814,0.66,42.587,-0.04337123544769335
68,11,-114.694,33.814,2.478,42.033,-0.054610873748382464
68,12,-114.65,33.814,9.807,41.22,-0.06356508596757843
68,13,-114.606,33.814,7.124,41.639,-0.07685186373598571
68,14,-114.562,33.814,3.702,42.173,-0.06903776783306309
68,15,-114.518,33.814,0.557,42.178,0.07652899780700356
68,16,-114.474,33.814,0.049,42.034,0.10702001299329143
68,17,-114.43,33.814,1.299,42.022,0.030657184210186456
68,18,-114.386,33.814,2.467,42.152,0.020350502509980925
68,19,-114.342,33.814,2.089,42.287,0.038199925490012734
68,20,-114.298,33.814,0.649,42.48,0.043103376223986835
68,21,-114.254,33.814,0.45,42.693,0.03541818084361227
68,22,-114.21,33.814,0.474,42.729,0.028765983620164467
68,23,-114.166,33.814,0.603,42.501,0.03003604193055684
68,24,-114.122,33.814,2.106,42.024,0.03499328451918601
68,25,-114.078,33.814,2.916,41.625,0.04085874434340598
68,26,-114.034,33.814,1.627,41.779,0.03479478090279045
68,27,-113.99,33.814,1.326,42.034,0.04371483856559881
68,28,-113.946,33.814,0.362,42.187,0.04195430331958153
68,29,-113.902,33.814,0.243,42.169,0.021829081362791065
68,30,-113.858,33.814,0.5,42.017,0.02030866797763946
68,31,-113.814,33.814,0.832,41.665,0.022573322240763968
68,32,-113.77,33.814,2.42,40.799,0.012210791795045918
68,33,-113.726,33.814,5.321,39.553,0.0300663188488669
68,34,-113.682,33.814,2.438,39.614,0.05115151693648066
68,35,-113.638,33.814,0.767,40.076,0.05688483797759985
68,36,-113.594,33.814,0.536,40.241,0.06596882020339544
68,37,-113.55,33.814,0.476,40.216,0.17271703852958797
68,38,-113.506,33.814,0.816,39.979,0.04515727167012015
68,39,-113.462,33.814,1.68,39.488,0.03715893712810268
68,40,-113.418,33.814,5.928,38.327,0.040449901729198955
68,41,-113.374,33.814,11.757,36.553,0.05200795994087369
68,42,-113.33,33.814,13.115,35.543,0.07870587779514167
68,43,-113.286,33.814,10.012,36.952,0.046751046020589715
68,44,-113.242,33.814,2.389,38.734,0.04005096233632759
68,45,-113.198,33.814,0.797,39.037,0.023824906069935974
68,46,-113.154,33.814,0.656,39.054,0.019446786777406067
68,47,-113.11,33.814,0.557,39.126,0.008450943184565313
68,48,-113.066,33.814,1.531,39.25,0.013290732300816852
68,49,-113.022,33.814,1.75,39.363,0.014643032698052292
68,50,-112.978,33.814,0.835,39.573,0.01922870393468437
68,51,-112.934,33.814,0.843,39.661,0.021011203394274605
68,52,-112.89,33.814,0.967,39.714,0.020498855366709954
68,53,-112.846,33.814,1.037,39.862,0.018772107801784055
68,54,-112.802,33.814,0.899,40.014,0.019378385733412433
68,55,-112.758,33.814,1.209,40.144,0.02192031446359053
68,56,-112.714,33.814,1.407,40.258,0.027926494270278986
68,57,-112.67,33.814,1.271,40.586,0.026090349525334337
68,58,-112.626,33.814,0.537,40.467,0.02533179562217085
68,59,-112.582,33.814,0.634,40.436,0.0306542044916814
68,60,-112.538,33.814,0.695,40.437,0.02706213505055869
68,61,-112.494,33.814,0.778,40.384,0.022713531400408507
68,62,-112.45,33.814,0.877,40.304,0.032908970624646004
68,63,-112.406,33.814,2.049,40.235,0.03259993054600915
68,64,-112.362,33.814,2.293,40.153,0.0398881267445459
68,65,-112.318,33.814,3.043,40.46,0.035689166574691164
68,66,-112.274,33.814,1.704,40.633,0.04507649795754114
68,67,-112.23,33.814,0.62,40.491,0.04359755363037044
68,68,-112.186,33.814,0.503,40.366,0.038252471474331216
68,69,-112.142,33.814,1.647,40.211,0.03835976758969936
68,70,-112.098,33.814,2.359,40.11,0.04384325014560698
68,71,-112.054,33.814,0.905,40.126,0.03408482401027089
68,72,-112.01,33.814,1.319,40.06,0.03389351530704853
68,73,-111.966,33.814,2.343,39.941,0.050950838702611294
68,74,-111.922,33.814,3.21,39.623,0.071372604429793
68,75,-111.878,33.814,1.257,39.013,0.06196006132017079
68,76,-111.834,33.814,1.707,38.203,0.056215216832564655
68,77,-111.79,33.814,2.222,38.275,0.05423704546015212
68,78,-111.746,33.814,2.764,38.679,0.053327994213704
68,79,-111.702,33.814,2.674,39.296,0.04847862755192499
68,80,-111.658,33.814,4.744,40.096,0.031800506695557854
68,81,-111.614,33.814,6.538,39.617,0.007096351797986084
68,82,-111.57,33.814,9.675,37.787,0.07491051755236827
68,83,-111.526,33.814,6.838,37.004,0.08003099876530434
68,84,-111.482,33.814,6.606,37.6,0.06761929794806801
68,85,-111.438,33.814,10.891,35.965,0.1093903825664802
68,86,-111.394,33.814,8.732,33.664,0.14019387621666285
68,87,-111.35,33.814,13.128,34.266,0.1333988474428167
68,88,-111.306,33.814,5.389,37.74,0.049776183698907336
68,89,-111.262,33.814,1.973,39.27,0.035780035270209565
68,90,-111.218,33.814,1.897,38.954,0.032327926993950276
68,91,-111.174,33.814,7.927,37.166,0.07411497602751824
68,92,-111.13,33.814,12.355,34.749,0.12744222620520895
68,93,-111.086,33.814,11.565,34.633,0.12866003861749944
68,94,-111.042,33.814,7.287,34.094,0.15828995271135335
68,95,-110.998,33.814,11.639,31.421,0.24160018977739575
68,96,-110.954,33.814,12.692,29.581,0.23983675799609028
68,97,-110.91,33.814,11.793,27.735,0.2806321334749366
68,98,-110.866,33.814,13.77,30.844,0.1929887938448919
68,99,-110.822,33.814,6.719,34.969,0.12632960020941572
68,100,-110.778,33.814,4.676,35.053,0.13742466807562617
68,101,-110.734,33.814,3.983,34.181,0.15284509092713056
68,102,-110.69,33.814,5.786,35.669,0.10688907884823562
68,103,-110.646,33.814,9.058,36.463,0.1117426757597773
68,104,-110.602,33.814,9.573,35.197,0.14915238764827288
68,105,-110.558,33.814,8.495,34.298,0.1631419787992574
68,106,-110.514,33.814,12.85,34.304,0.12046020167380178
68,107,-110.47,33.814,10.834,33.934,0.11955222199834335
68,108,-110.426,33.814,9.659,33.576,0.13009545062973543
68,109,-110.382,33.814,8.972,33.626,0.10984051672758134
68,110,-110.338,33.814,7.881,33.653,0.0588156848101817
68,111,-110.294,33.814,5.972,33.785,0.1016585876563324
68,112,-110.25,33.814,4.507,33.505,0.11876877689082552
68,113,-110.206,33.814,3.663,32.773,0.12228351881687365
68,114,-110.162,33.814,3.968,32.633,0.11005713715693397
68,115,-110.118,33.814,5.269,32.58,0.10696879625243037
68,116,-110.074,33.814,5.204,31.866,0.13095989713530237
68,117,-110.03,33.814,2.174,32.384,0.06900384853277065
68,118,-109.986,33.814,4.494,32.527,0.08038151534097634
68,119,-109.942,33.814,3.788,32.645,0.12449640867714867
68,120,-109.898,33.814,6.756,31.246,0.19553362121699308
68,121,-109.854,33.814,6.177,29.95,0.23060671715574121
68,122,-109.81,33.814,6.556,28.915,0.23596522867330275
68,123,-109.766,33.814,6.313,27.903,0.24065450853160894
68,124,-109.722,33.814,3.753,26.252,0.22546668830396155
68,125,-109.678,33.814,4.797,25.373,0.19209644787076843
68,126,-109.634,33.814,4.128,24.983,0.19909170774886
68,127,-109.59,33.814,3.853,24.451,0.19035080197395873
68,128,-109.546,33.814,3.188,24.204,0.2044577568138389
68,129,-109.502,33.814,2.926,24.114,0.181187713540087
68,130,-109.458,33.814,3.728,24.402,0.1580207651929249
68,131,-109.414,33.814,4.14,25.028,0.1073156920021179
68,132,-109.37,33.814,3.046,25.334,0.15799561401389434
68,133,-109.326,33.814,6.184,25.403,0.1256825008535479
68,134,-109.282,33.814,5.282,25.101,0.1225286147093124
68,135,-109.238,33.814,4.623,24.928,0.1516138205621806
68,136,-109.194,33.814,4.678,24.55,0.19957461169530208
68,137,-109.15,33.814,6.307,24.622,0.25672055620428547
68,138,-109.106,33.814,5.712,25.06,0.17124828161977257
68,139,-109.062,33.814,3.129,26.292,0.17677737546610917
68,140,-109.018,33.814,4.726,26.802,0.18959692872635972
69,0,-115.178,33.858,0.658,42.323,-0.05694668690575038
69,1,-115.134,33.858,1.415,42.055,-0.0702481275978796
69,2,-115.09,33.858,2.086,41.346,-0.07489841515708065
69,3,-115.046,33.858,11.902,40.111,-0.08128948699656119
69,4,-115.002,33.858,4.699,42.301,-0.057427315598700866
69,5,-114.958,33.858,0.622,42.463,-0.03427438224495987
69,6,-114.914,33.858,1.312,42.017,-0.054815356078239334
69,7,-114.87,33.858,5.51,41.779,-0.05827072529118785
69,8,-114.826,33.858,4.25,42.129,-0.05369714375984775
69,9,-114.782,33.858,1.297,42.173,-0.05499331346573935
69,10,-114.738,33.858,3.089,41.903,-0.06791735728914423
69,11,-114.694,33.858,6.339,40.959,-0.07168982087403196
69,12,-114.65,33.858,8.546,40.792,-0.0718822821507019
69,13,-114.606,33.858,6.414,41.893,-0.07546777418061681
69,14,-114.562,33.858,1.558,42.235,-0.060702255338303236
69,15,-114.518,33.858,0.387,42.167,0.019506394832388294
69,16,-114.474,33.858,0.043,42.072,0.16924463394798447
69,17,-114.43,33.858,1.46,42.006,0.11742721136139585
69,18,-114.386,33.858,1.379,42.093,0.02139198389205163
69,19,-114.342,33.858,1.571,42.22,0.040094485482313605
69,20,-114.298,33.858,0.701,42.414,0.046935137130191235
69,21,-114.254,33.858,0.367,42.665,0.03651974077853639
69,22,-114.21,33.858,0.422,42.68,0.03374338815707336
69,23,-114.166,33.858,0.545,42.466,0.03278062674618125
69,24,-114.122,33.858,2.01,42.058,0.03439030395034815
69,25,-114.078,33.858,2.074,41.889,0.041722452811735485
69,26,-114.034,33.858,0.68,42.176,0.036825417374723196
69,27,-113.99,33.858,0.545,42.284,0.04549279108778603
69,28,-113.946,33.858,0.321,42.255,0.03444194209365314
69,29,-113.902,33.858,0.339,42.118,0.020213831680859454
69,30,-113.858,33.858,0.55,41.907,0.015231924192195797
69,31,-113.814,33.858,0.915,41.517,0.027643024176608667
69,32,-113.77,33.858,2.962,40.422,0.02459195244140106
69,33,-113.726,33.858,11.094,38.942,0.04263473235958199
69,34,-113.682,33.858,4.157,38.942,0.05477993654782076
69,35,-113.638,33.858,1.308,39.537,0.04384383857927194
69,36,-113.594,33.858,0.762,39.907,0.03560804538127002
69,37,-113.55,33.858,0.547,40.085,0.08734462753675253
69,38,-113.506,33.858,0.439,40.081,0.06886214194487207
69,39,-113.462,33.858,0.59,39.885,0.11809350747783696
69,40,-113.418,33.858,1.17,39.465,0.03883125123985456
69,41,-113.374,33.858,5.357,38.41,0.0339343436046076
69,42,-113.33,33.858,11.939,37.156,0.03467908693946288
69,43,-113.286,33.858,10.441,36.897,0.043027069044753105
69,44,-113.242,33.858,7.183,37.941,0.050233791974894935
69,45,-113.198,33.858,5.268,38.323,0.03053023133549466
69,46,-113.154,33.858,0.501,38.899,0.021083109361917013
69,47,-113.11,33.858,0.309,39.03,0.01143838370842717
69,48,-113.066,33.858,1.261,38.961,0.011307868377415452
69,49,-113.022,33.858,5.405,38.812,0.013535101966818688
69,50,-112.978,33.858,1.915,38.862,0.019701084630215887
69,51,-112.934,33.858,1.192,38.915,0.02058576974784671
69,52,-112.89,33.858,1.59,38.956,0.024597132982320045
69,53,-112.846,33.858,2.048,39.127,0.021900423499811077
69,54,-112.802,33.858,2.398,39.165,0.02474124688160141
69,55,-112.758,33.858,1.591,39.498,0.025212545600943815
69,56,-112.714,33.858,1.969,39.791,0.028310623009091165
69,57,-112.67,33.858,1.553,40.287,0.03172833367152936
69,58,-112.626,33.858,0.722,40.169,0.025421506011474432
69,59,-112.582,33.858,0.858,39.95,0.032656193328533714
69,60,-112.538,33.858,1.043,39.832,0.02549654174415943
69,61,-112.494,33.858,1.216,39.714,0.02380637952864975
69,62,-112.45,33.858,1.352,39.557,0.03161865066521735
69,63,-112.406,33.858,2.81,39.487,0.040851984612888116
69,64,-112.362,33.858,2.079,39.762,0.03571779548471738
69,65,-112.318,33.858,2.209,40.156,0.03230636253078559
69,66,-112.274,33.858,1.808,40.42,0.007412290342635738
69,67,-112.23,33.858,1.79,40.111,0.04383307587860985
69,68,-112.186,33.858,0.68,40.082,0.04695530476343315
69,69,-112.142,33.858,1.228,39.95,0.05081923687203136
69,70,-112.098,33.858,1.078,39.855,0.05874112821427355
69,71,-112.054,33.858,2.711,39.82,0.03470081399991116
69,72,-112.01,33.858,4.004,39.559,0.04083982812343687
69,73,-111.966,33.858,2.582,39.662,0.04713936521038229
69,74,-111.922,33.858,2.724,39.334,0.05595210558378368
69,75,-111.878,33.858,3.268,38.252,0.07567364798630292
69,76,-111.834,33.858,2.267,37.43,0.08458747373330246
69,77,-111.79,33.858,3.506,37.784,0.0560139326091938
69,78,-111.746,33.858,2.805,37.614,0.06551778806619532
69,79,-111.702,33.858,4.824,38.001,0.07698899948146247
69,80,-111.658,33.858,6.074,38.85,0.05794666651850204
69,81,-111.614,33.858,3.676,40.196,0.0018826422914027055
69,82,-111.57,33.858,7.661,38.659,0.041877816624138954
69,83,-111.526,33.858,10.096,36.705,0.0938880702943879
69,84,-111.482,33.858,7.688,36.063,0.12770352351589287
69,85,-111.438,33.858,6.213,35.869,0.08128984592855003
69,86,-111.394,33.858,8.436,34.524,0.11149044861046237
69,87,-111.35,33.858,11.539,35.413,0.09401091568745111
69,88,-111.306,33.858,3.068,38.479,0.04274870090295149
69,89,-111.262,33.858,2.167,39.05,0.033020770931130164
69,90,-111.218,33.858,6.064,37.797,0.050373655181830373
69,91,-111.174,33.858,7.377,35.78,0.11781730383082549
69,92,-111.13,33.858,7.563,34.103,0.11502835138754651
69,93,-111.086,33.858,10.149,33.68,0.14670391130698499
69,94,-111.042,33.858,11.783,32.868,0.19417026099930573
69,95,-110.998,33.858,10.982,30.688,0.2626749413202877
69,96,-110.954,33.858,10.909,29.468,0.2575212703715143
69,97,-110.91,33.858,13.822,28.256,0.19561605247032043
69,98,-110.866,33.858,13.896,32.336,0.18533215877954906
69,99,-110.822,33.858,9.685,32.695,0.19019071499233767
69,100,-110.778,33.858,8.923,31.881,0.2575747969070992
69,101,-110.734,33.858,9.012,32.308,0.257102997631425
69,102,-110.69,33.858,9.614,33.98,0.2011546256607267
69,103,-110.646,33.858,9.255,35.2,0.15196313952808607
69,104,-110.602,33.858,11.339,33.877,0.16517187543757209
69,105,-110.558,33.858,13.352,34.221,0.16177527285911136
69,106,-110.514,33.858,7.879,33.839,0.1692626634789481
69,107,-110.47,33.858,5.739,32.704,0.15832578848499895
69,108,-110.426,33.858,5.596,32.269,0.1472131659419007
69,109,-110.382,33.858,5.797,32.503,0.1645867819465501
69,110,-110.338,33.858,5.549,32.376,0.14213772659793011
69,111,-110.294,33.858,6.682,32.951,0.11468085120242753
69,112,-110.25,33.858,3.662,33.341,0.10015355864897961
69,113,-110.206,33.858,2.819,33.167,0.08277111509254692
69,114,-110.162,33.858,3.481,32.943,0.10340802467608698
69,115,-110.118,33.858,4.143,32.156,0.12764937008699656
69,116,-110.074,33.858,3.804,31.22,0.14432923150956875
69,117,-110.03,33.858,4.256,31.019,0.10250648731130528
69,118,-109.986,33.858,6.795,31.294,0.11876911811018863
69,119,-109.942,33.858,6.489,32.013,0.14398483698089284
69,120,-109.898,33.858,3.733,30.905,0.1987527812979344
69,121,-109.854,33.858,4.146,30.474,0.20559123860573122
69,122,-109.81,33.858,5.605,28.96,0.20876882554670853
69,123,-109.766,33.858,6.536,27.537,0.22215522600595644
69,124,-109.722,33.858,6.958,25.688,0.25438015256079904
69,125,-109.678,33.858,6.07,24.204,0.20688130166216145
69,126,-109.634,33.858,6.762,23.299,0.22052041513192602
69,127,-109.59,33.858,6.868,22.539,0.2086822102164566
69,128,-109.546,33.858,5.869,22.337,0.1995906088812187
69,129,-109.502,33.858,2.634,22.625,0.24406038206345898
69,130,-109.458,33.858,2.668,23.306,0.11830317194034273
69,131,-109.414,33.858,3.427,23.734,0.1331867793861413
69,132,-109.37,33.858,3.533,23.893,0.1343198556431763
69,133,-109.326,33.858,3.705,24.284,0.11049786413954057
69,134,-109.282,33.858,2.924,24.691,0.13880700892667786
69,135,-109.238,33.858,3.729,24.554,0.20723160788848435
69,136,-109.194,33.858,5.94,23.945,0.23825366805950893
69,137,-109.15,33.858,6.004,24.485,0.22106526135045423
69,138,-109.106,33.858,5.529,24.827,0.1939006285775251
69,139,-109.062,33.858,4.93,25.621,0.2057895403691424
69,140,-109.018,33.858,4.285,26.228,0.16842214174400083
70,0,-115.178,33.902,0.848,42.293,-0.053198356956552464
70,1,-115.134,33.902,1.259,42.034,-0.06485399289435703
70,2,-115.09,33.902,1.992,41.458,-0.07529229016573037
70,3,-115.046,33.902,7.535,40.941,-0.07361241259137269
70,4,-115.002,33.902,1.885,41.831,-0.05691617461585251
70,5,-114.958,33.902,5.519,41.31,-0.057946996681154606
70,6,-114.914,33.902,9.721,41.275,-0.06690729814293098
70,7,-114.87,33.902,5.779,41.895,-0.053538692059739164
70,8,-114.826,33.902,3.134,42.399,-0.037236368444186305
70,9,-114.782,33.902,5.311,42.212,-0.048078429424253305
70,10,-114.738,33.902,6.824,41.932,-0.05829348911200429
70,11,-114.694,33.902,6.495,41.364,-0.05923991811413458
70,12,-114.65,33.902,8.986,41.212,-0.07053811333075811
70,13,-114.606,33.902,5.129,41.958,-0.07332272468316237
70,14,-114.562,33.902,2.201,42.242,-0.0710543040418033
70,15,-114.518,33.902,0.672,42.229,0.05307525997082327
70,16,-114.474,33.902,0.039,42.17,0.14323106475486067
70,17,-114.43,33.902,0.226,42.07,0.17760886887675323
70,18,-114.386,33.902,1.461,42.071,0.10566348599273297
70,19,-114.342,33.902,0.836,42.185,0.04266411015019412
70,20,-114.298,33.902,0.621,42.377,0.04577381527682836
70,21,-114.254,33.902,0.149,42.601,0.03587674504045029
70,22,-114.21,33.902,0.244,42.673,0.02989934422734903
70,23,-114.166,33.902,0.513,42.558,0.03025128568821816
70,24,-114.122,33.902,1.587,42.212,0.03389459915641477
70,25,-114.078,33.902,2.141,42.033,0.03595645238414766
70,26,-114.034,33.902,0.624,42.418,0.03371143963579616
70,27,-113.99,33.902,0.445,42.43,0.045027571072251325
70,28,-113.946,33.902,0.529,42.222,0.030606295636497957
70,29,-113.902,33.902,0.377,42.022,0.01653504575262127
70,30,-113.858,33.902,0.449,41.833,0.016730388314150673
70,31,-113.814,33.902,0.867,41.515,0.03020769506005578
70,32,-113.77,33.902,3.545,40.782,0.034179138512368736
70,33,-113.726,33.902,4.522,39.993,0.04394190604762922
70,34,-113.682,33.902,5.778,39.175,0.042612064584277125
70,35,-113.638,33.902,7.902,38.124,0.04630801692656966
70,36,-113.594,33.902,5.346,38.791,0.0375388251470172
70,37,-113.55,33.902,0.919,39.615,0.03128014249101516
70,38,-113.506,33.902,0.709,39.917,0.0375486119866521
70,39,-113.462,33.902,0.416,39.973,0.03290660542361434
70,40,-113.418,33.902,0.412,39.798,0.0335219328064763
70,41,-113.374,33.902,0.516,39.534,0.04526648429440017
70,42,-113.33,33.902,0.787,39.156,0.03579518799036488
70,43,-113.286,33.902,2.753,38.656,0.03309414089140142
70,44,-113.242,33.902,6.087,38.369,0.04116914147808883
70,45,-113.198,33.902,3.236,38.443,0.03712900778202998
70,46,-113.154,33.902,0.899,38.854,0.03927902214078224
70,47,-113.11,33.902,0.409,38.884,0.05016629033039299
70,48,-113.066,33.902,0.603,38.777,0.019583358780862592
70,49,-113.022,33.902,1.436,38.613,0.013889957640867645
70,50,-112.978,33.902,1.776,38.493,0.021280659507240837
70,51,-112.934,33.902,1.933,38.401,0.026423488677760107
70,52,-112.89,33.902,1.524,38.402,0.030727792893302786
70,53,-112.846,33.902,2.177,38.504,0.03136467084999083
70,54,-112.802,33.902,3.434,38.696,0.036092943363154065
70,55,-112.758,33.902,1.962,39.099,0.03481540099132456
70,56,-112.714,33.902,2.643,39.611,0.03365246624484003
70,57,-112.67,33.902,1.895,40.122,0.04585493513109293
70,58,-112.626,33.902,1.652,39.73,0.03069602168641835
70,59,-112.582,33.902,1.323,39.34,0.03342176105276649
70,60,-112.538,33.902,1.784,38.897,0.02928133805321353
70,61,-112.494,33.902,3.509,38.387,0.03292895193351635
70,62,-112.45,33.902,3.21,38.391,0.03920624361698142
70,63,-112.406,33.902,3.514,38.553,0.048439138723571154
70,64,-112.362,33.902,2.408,39.433,0.050858840279834124
70,65,-112.318,33.902,3.184,40.062,0.04691989568450206
70,66,-112.274,33.902,1.749,40.289,0.04008143937660608
70,67,-112.23,33.902,5.883,39.851,0.04210710621682983
70,68,-112.186,33.902,1.941,39.674,0.04556561646444967
70,69,-112.142,33.902,1.843,39.634,0.046056121880743366
70,70,-112.098,33.902,4.566,39.5,0.050032789940677926
70,71,-112.054,33.902,2.082,39.33,0.051174038613615164
70,72,-112.01,33.902,4.82,38.692,0.05485749700171089
70,73,-111.966,33.902,6.242,38.623,0.06722250239227576
70,74,-111.922,33.902,5.626,38.093,0.07818818945207337
70,75,-111.878,33.902,8.567,36.702,0.09242071127592193
70,76,-111.834,33.902,6.785,36.214,0.08596873939483123
70,77,-111.79,33.902,5.635,36.13,0.04382237181209368
70,78,-111.746,33.902,3.802,36.502,0.07971435213437693
70,79,-111.702,33.902,5.829,37.549,0.07849792916140072
70,80,-111.658,33.902,5.719,39.175,0.04803270485616192
70,81,-111.614,33.902,5.278,39.665,0.05114804338890688
70,82,-111.57,33.902,9.191,37.703,0.06473582986574794
70,83,-111.526,33.902,9.508,35.894,0.09684152779510205
70,84,-111.482,33.902,5.823,35.012,0.14170675732297197
70,85,-111.438,33.902,8.306,34.595,0.14748562694492712
70,86,-111.394,33.902,12.528,33.329,0.17213363441251645
70,87,-111.35,33.902,6.72,36.182,0.0647679554744525
70,88,-111.306,33.902,2.137,38.813,0.04046953993913359
70,89,-111.262,33.902,3.004,38.497,0.03143523168761779
70,90,-111.218,33.902,4.197,36.694,0.05564229273131916
70,91,-111.174,33.902,6.668,34.234,0.1269703362940463
70,92,-111.13,33.902,6.388,33.048,0.134761943907127
70,93,-111.086,33.902,8.79,32.015,0.19675039480670964
70,94,-111.042,33.902,10.474,32.085,0.19706561764748526
70,95,-110.998,33.902,8.059,31.359,0.24076846840251168
70,96,-110.954,33.902,10.428,29.913,0.23291094234991902
70,97,-110.91,33.902,14.542,31.034,0.19918293658186673
70,98,-110.866,33.902,9.128,32.265,0.1555466782758433
70,99,-110.822,33.902,6.131,31.077,0.21246367916307585
70,100,-110.778,33.902,4.748,31.155,0.2569357325497374
70,101,-110.734,33.902,4.872,32.138,0.22278112380229192
70,102,-110.69,33.902,8.592,33.419,0.18353358806486442
70,103,-110.646,33.902,10.623,33.8,0.18727472239048698
70,104,-110.602,33.902,6.2,31.626,0.1978477563053483
70,105,-110.558,33.902,4.815,32.306,0.18815080658641892
70,106,-110.514,33.902,7.446,32.554,0.1829545653241944
70,107,-110.47,33.902,7.834,32.617,0.17907385194826944
70,108,-110.426,33.902,6.157,32.105,0.18742636757169187
70,109,-110.382,33.902,5.711,31.569,0.18136942841606202
70,110,-110.338,33.902,5.353,31.589,0.17982434428856095
70,111,-110.294,33.902,4.677,32.614,0.11479463665201017
70,112,-110.25,33.902,3.024,33.125,0.10802198536027677
70,113,-110.206,33.902,3.326,32.937,0.10311299042240525
70,114,-110.162,33.902,3.12,32.788,0.10589184111084357
70,115,-110.118,33.902,4.78,32.087,0.14607583185102838
70,116,-110.074,33.902,2.957,31.231,0.14729329958286053
70,117,-110.03,33.902,3.712,30.213,0.15468179111729258
70,118,-109.986,33.902,3.854,30.256,0.15157425857016604
70,119,-109.942,33.902,5.097,31.289,0.1549528054725071
70,120,-109.898,33.902,4.938,31.073,0.21030815171193115
70,121,-109.854,33.902,6.147,29.857,0.25157835477186585
70,122,-109.81,33.902,4.763,27.827,0.24171913059412614
70,123,-109.766,33.902,4.993,26.176,0.2475133245200018
70,124,-109.722,33.902,4.814,24.964,0.2351023445116407
70,125,-109.678,33.902,7.1,23.639,0.21495820123829887
70,126,-109.634,33.902,8.735,22.073,0.19084942391937226
70,127,-109.59,33.902,8.348,20.902,0.12517562561726753
70,128,-109.546,33.902,7.945,20.66,0.15028762628033893
70,129,-109.502,33.902,5.16,21.485,0.2704489237935686
70,130,-109.458,33.902,3.643,22.574,0.11041223654751528
70,131,-109.414,33.902,1.52,23.075,0.07894264263747075
70,132,-109.37,33.902,2.071,23.456,0.10276252044436913
70,133,-109.326,33.902,2.127,23.885,0.08883631373507522
70,134,-109.282,33.902,2.979,24.113,0.15536459135945604
70,135,-109.238,33.902,6.276,24.269,0.22760805506423526
70,136,-109.194,33.902,8.751,24.534,0.2132745850777541
70,137,-109.15,33.902,9.068,24.829,0.18812826962214554
70,138,-109.106,33.902,8.619,23.23,0.23172435991932816
70,139,-109.062,33.902,5.902,24.6,0.20732035895706682
70,140,-109.018,33.902,3.538,25.427,0.2133747250537605
71,0,-115.178,33.946,1.793,41.961,-0.05810841265370786
71,1,-115.134,33.946,2.665,41.077,-0.06856705007257112
71,2,-115.09,33.946,4.413,39.975,-0.07394788557407188
71,3,-115.046,33.946,5.957,41.031,-0.05771746102742055
71,4,-115.002,33.946,1.464,41.659,-0.040479854695993175
71,5,-114.958,33.946,4.483,41.326,-0.05112549139470536
71,6,-114.914,33.946,5.003,41.893,-0.046449233423835244
71,7,-114.87,33.946,0.961,42.653,-0.029931731170545532
71,8,-114.826,33.946,0.477,42.786,-0.026704624582497102
71,9,-114.782,33.946,0.425,42.779,-0.02607122670245992
71,10,-114.738,33.946,0.672,42.737,-0.028870351220891946
71,11,-114.694,33.946,0.832,42.542,-0.0329928506050992
71,12,-114.65,33.946,1.874,42.199,-0.03209897046437995
71,13,-114.606,33.946,5.488,42.226,-0.04250177610824253
71,14,-114.562,33.946,1.883,42.335,-0.05475681458308337
71,15,-114.518,33.946,0.631,42.33,0.07494529209932976
71,16,-114.474,33.946,0.04,42.277,0.2326291442083745
71,17,-114.43,33.946,0.047,42.186,0.2436875414640875
71,18,-114.386,33.946,0.627,42.127,0.14916607455454325
71,19,-114.342,33.946,1.829,42.221,0.042380339765907674
71,20,-114.298,33.946,0.61,42.402,0.04081630931841706
71,21,-114.254,33.946,0.169,42.598,0.03666344478491782
71,22,-114.21,33.946,0.305,42.656,0.029993766324818916
71,23,-114.166,33.946,0.494,42.647,0.02786985704658576
71,24,-114.122,33.946,1.089,42.503,0.03477481540486602
71,25,-114.078,33.946,2.326,42.38,0.03619857760179473
71,26,-114.034,33.946,0.74,42.592,0.03953495045633264
71,27,-113.99,33.946,0.972,42.439,0.040669527644797504
71,28,-113.946,33.946,1.363,42.098,0.02265754920868117
71,29,-113.902,33.946,1.077,41.753,0.0064967691239664945
71,30,-113.858,33.946,1.595,41.611,0.01332395437998814
71,31,-113.814,33.946,1.203,41.552,0.09066933085907525
71,32,-113.77,33.946,0.756,41.301,0.15243715046644948
71,33,-113.726,33.946,0.871,41.004,0.042932674372531
71,34,-113.682,33.946,2.841,40.285,0.04601995911739423
71,35,-113.638,33.946,9.16,38.9,0.0432680344028796
71,36,-113.594,33.946,9.657,38.703,0.04169531303149731
71,37,-113.55,33.946,4.358,38.802,0.03499452249423845
71,38,-113.506,33.946,3.974,38.988,0.04958972999759712
71,39,-113.462,33.946,0.972,39.627,0.03413247144452977
71,40,-113.418,33.946,0.59,39.82,0.03031930223452627
71,41,-113.374,33.946,0.393,39.594,0.03445759307230618
71,42,-113.33,33.946,0.406,39.354,0.035104967225049306
71,43,-113.286,33.946,0.441,39.185,0.041851651057162285
71,44,-113.242,33.946,0.487,39.109,0.04982043114629283
71,45,-113.198,33.946,0.386,39.033,0.06259072697015679
71,46,-113.154,33.946,0.219,38.977,0.08308974049478401
71,47,-113.11,33.946,0.231,38.869,0.061774102951249764
71,48,-113.066,33.946,0.791,38.782,0.026027442589685115
71,49,-113.022,33.946,0.598,38.716,0.025960768385404037
71,50,-112.978,33.946,0.627,38.628,0.036175538571108265
71,51,-112.934,33.946,0.698,38.529,0.02746664107783073
71,52,-112.89,33.946,0.966,38.536,0.0286492310536352
71,53,-112.846,33.946,1.598,38.686,0.029874278482155247
71,54,-112.802,33.946,1.487,39.12,0.03081219613330577
71,55,-112.758,33.946,1.745,39.508,0.04407663144168338
71,56,-112.714,33.946,2.556,39.865,0.06370165293631674
71,57,-112.67,33.946,1.796,39.779,0.028634236953346052
71,58,-112.626,33.946,1.923,39.144,0.02837641757298341
71,59,-112.582,33.946,2.148,38.457,0.031107006991429587
71,60,-112.538,33.946,3.485,37.583,0.0460026384577783
71,61,-112.494,33.946,3.775,36.96,0.05327391850015997
71,62,-112.45,33.946,3.7,37.452,0.06505148244989643
71,63,-112.406,33.946,5.301,38.19,0.0767078271372138
71,64,-112.362,33.946,5.471,39.222,0.06502300280840957
71,65,-112.318,33.946,1.97,40.119,0.05813194122494767
71,66,-112.274,33.946,1.587,40.224,0.04412191881929832
71,67,-112.23,33.946,5.606,39.815,0.04977448354606055
71,68,-112.186,33.946,3.891,39.319,0.06302983047748602
71,69,-112.142,33.946,2.139,39.292,0.05295210812201181
71,70,-112.098,33.946,2.778,39.068,0.049778363582466165
71,71,-112.054,33.946,4.697,38.383,0.040465507407617445
71,72,-112.01,33.946,8.681,37.112,0.05597849130878275
71,73,-111.966,33.946,10.598,36.777,0.07185337331929587
71,74,-111.922,33.946,9.966,36.935,0.10216111831181125
71,75,-111.878,33.946,7.404,36.247,0.10799869825307501
71,76,-111.834,33.946,5.318,35.84,0.06756704845668227
71,77,-111.79,33.946,7.732,35.108,0.06125099414528139
71,78,-111.746,33.946,9.598,36.927,0.054884050702372206
71,79,-111.702,33.946,5.781,38.956,0.0862281145710965
71,80,-111.658,33.946,3.681,39.828,0.05190741319950674
71,81,-111.614,33.946,5.99,38.817,0.06274507585144037
71,82,-111.57,33.946,10.007,36.524,0.09719025026713789
71,83,-111.526,33.946,7.879,34.206,0.18840798948362802
71,84,-111.482,33.946,8.233,33.753,0.21436969654441881
71,85,-111.438,33.946,7.396,33.912,0.16375169517192706
71,86,-111.394,33.946,13.001,34.147,0.11420451911059486
71,87,-111.35,33.946,7.666,36.704,0.06910107663153733
71,88,-111.306,33.946,2.401,38.526,0.05212713737032872
71,89,-111.262,33.946,3.719,37.653,0.07353187628186046
71,90,-111.218,33.946,9.127,34.973,0.14294774453812584
71,91,-111.174,33.946,8.309,32.448,0.14570025528206818
71,92,-111.13,33.946,8.038,31.541,0.20192402597297401
71,93,-111.086,33.946,6.329,31.262,0.23523368784553586
71,94,-111.042,33.946,4.21,31.556,0.19247673755359304
71,95,-110.998,33.946,6.325,30.859,0.233370641005367
71,96,-110.954,33.946,7.389,30.14,0.17374047367639198
71,97,-110.91,33.946,10.048,32.251,0.14180402180517424
71,98,-110.866,33.946,7.641,31.931,0.14070809089860956
71,99,-110.822,33.946,4.339,31.115,0.15168674788431
71,100,-110.778,33.946,2.781,32.041,0.194871034883394
71,101,-110.734,33.946,3.346,32.906,0.2105494460164387
71,102,-110.69,33.946,5.321,33.688,0.16918711189725216
71,103,-110.646,33.946,6.768,32.955,0.1785210402112
71,104,-110.602,33.946,2.859,31.379,0.17426689668827638
71,105,-110.558,33.946,4.911,31.557,0.2119010822735217
71,106,-110.514,33.946,6.831,31.684,0.2036926969658204
71,107,-110.47,33.946,6.576,32.443,0.14671512117553284
71,108,-110.426,33.946,7.2,32.176,0.17930680063592178
71,109,-110.382,33.946,6.587,31.261,0.214095892223606
71,110,-110.338,33.946,4.422,31.451,0.16281327663400486
71,111,-110.294,33.946,2.863,32.444,0.11003992960922498
71,112,-110.25,33.946,3.198,32.961,0.11070766136122653
71,113,-110.206,33.946,3.691,32.399,0.13526256687375152
71,114,-110.162,33.946,3.549,32.042,0.11509198039253409
71,115,-110.118,33.946,3.349,31.812,0.1479069605067991
71,116,-110.074,33.946,5.612,31.268,0.16609162668028218
71,117,-110.03,33.946,5.031,30.495,0.1921579419023324
71,118,-109.986,33.946,4.174,29.781,0.25122196176361555
71,119,-109.942,33.946,3.872,30.358,0.20672758615009912
71,120,-109.898,33.946,4.195,30.957,0.20859716784284413
71,121,-109.854,33.946,5.625,29.182,0.23466520028159446
71,122,-109.81,33.946,5.872,26.876,0.23320502855390454
71,123,-109.766,33.946,5.468,25.461,0.24468927891212164
71,124,-109.722,33.946,4.152,24.759,0.24652075557680803
71,125,-109.678,33.946,5.932,23.418,0.24465266250661247
71,126,-109.634,33.946,8.553,21.842,0.20949383205360944
71,127,-109.59,33.946,7.958,20.572,0.17193971181108844
71,128,-109.546,33.946,8.359,20.635,0.19816053497200412
71,129,-109.502,33.946,3.705,21.591,0.19467600646283348
71,130,-109.458,33.946,2.524,22.554,0.11058599951175205
71,131,-109.414,33.946,1.793,22.938,0.08136639402350426
71,132,-109.37,33.946,2.014,23.19,0.07564143113624644
71,133,-109.326,33.946,2.686,23.243,0.11215029820182063
71,134,-109.282,33.946,3.654,23.486,0.15545758923520844
71,135,-109.238,33.946,6.443,24.654,0.205887744341206
71,136,-109.194,33.946,7.54,25.844,0.17227914855970142
71,137,-109.15,33.946,6.585,25.206,0.1359782034392506
71,138,-109.106,33.946,11.266,22.69,0.251084080145422
71,139,-109.062,33.946,3.533,24.028,0.247894344587147
71,140,-109.018,33.946,2.494,24.918,0.24280583745404247
72,0,-115.178,33.99,2.845,40.974,-0.04762104964598107
72,1,-115.134,33.99,6.647,39.943,-0.05411674026339873
72,2,-115.09,33.99,12.498,39.895,-0.049125289365795105
72,3,-115.046,33.99,7.181,41.545,-0.034125301858512314
72,4,-115.002,33.99,0.767,41.965,-0.021431402011427146
72,5,-114.958,33.99,1.174,41.986,-0.02079120392427777
72,6,-114.914,33.99,0.952,42.437,-0.02180183952198216
72,7,-114.87,33.99,0.741,42.807,-0.01948793011232098
72,8,-114.826,33.99,0.462,42.826,-0.017647760722527595
72,9,-114.782,33.99,0.275,42.845,-0.020672403512010152
72,10,-114.738,33.99,0.442,42.825,-0.024256545796994485
72,11,-114.694,33.99,0.728,42.653,-0.028735922698539588
72,12,-114.65,33.99,1.01,42.43,-0.037783929180541194
72,13,-114.606,33.99,1.708,42.376,-0.05999710599010368
72,14,-114.562,33.99,1.489,42.378,-0.06555238621838975
72,15,-114.518,33.99,2.393,42.353,-0.06685933033807871
72,16,-114.474,33.99,0.356,42.357,0.04319398302794381
72,17,-114.43,33.99,0.052,42.333,0.19525103976301125
72,18,-114.386,33.99,0.142,42.278,0.11678824656135824
72,19,-114.342,33.99,2.525,42.327,0.056421923468643075
72,20,-114.298,33.99,4.775,42.41,0.032338381955336074
72,21,-114.254,33.99,1.377,42.621,0.03496813239485456
72,22,-114.21,33.99,0.959,42.625,0.03215226080839132
72,23,-114.166,33.99,0.82,42.66,0.02932924937586324
72,24,-114.122,33.99,0.767,42.685,0.03949789133978704
72,25,-114.078,33.99,0.849,42.657,0.045972230859418366
72,26,-114.034,33.99,0.65,42.573,0.03600153317857224
72,27,-113.99,33.99,0.575,42.319,0.03202397755195466
72,28,-113.946,33.99,0.696,42.04,0.025461756707921956
72,29,-113.902,33.99,1.185,41.711,0.012090271569733088
72,30,-113.858,33.99,1.184,41.51,0.016440042572462673
72,31,-113.814,33.99,0.513,41.477,0.037538788052643
72,32,-113.77,33.99,0.448,41.438,0.04263161599915891
72,33,-113.726,33.99,0.503,41.309,0.03933803372834955
72,34,-113.682,33.99,0.723,41.026,0.0374702814767074
72,35,-113.638,33.99,1.028,40.561,0.03876202075613567
72,36,-113.594,33.99,2.364,39.91,0.033658253942255724
72,37,-113.55,33.99,9.023,38.441,0.037893979639965575
72,38,-113.506,33.99,12.214,36.956,0.07625564755853464
72,39,-113.462,33.99,5.236,37.909,0.06146044892497751
72,40,-113.418,33.99,1.879,39.219,0.04499020801719305
72,41,-113.374,33.99,0.834,39.475,0.04292150616569213
72,42,-113.33,33.99,0.621,39.386,0.03547596560688582
72,43,-113.286,33.99,0.53,39.234,0.03329993752347533
72,44,-113.242,33.99,0.32,39.16,0.0414266792338003
72,45,-113.198,33.99,0.251,39.071,0.03737167431884499
72,46,-113.154,33.99,0.319,38.933,0.030495403670579523
72,47,-113.11,33.99,0.325,38.761,0.025883058970491934
72,48,-113.066,33.99,1.567,38.701,0.018516362739576176
72,49,-113.022,33.99,0.312,38.747,0.030764907079962982
72,50,-112.978,33.99,0.381,38.742,0.03169023349283313
72,51,-112.934,33.99,0.473,38.759,0.031934664927125246
72,52,-112.89,33.99,1.166,38.876,0.029090974568214557
72,53,-112.846,33.99,1.899,39.096,0.02744763823276172
72,54,-112.802,33.99,1.267,39.414,0.029829895343351565
72,55,-112.758,33.99,1.19,39.777,0.05056382472854298
72,56,-112.714,33.99,1.848,39.666,0.04137728075867138
72,57,-112.67,33.99,1.911,39.038,0.034915454790262083
72,58,-112.626,33.99,2.441,38.048,0.04376812143426574
72,59,-112.582,33.99,3.886,36.841,0.05985792273737715
72,60,-112.538,33.99,4.358,36.11,0.06673768734593433
72,61,-112.494,33.99,7.031,36.325,0.07954590838560432
72,62,-112.45,33.99,5.845,37.1,0.08951269756281693
72,63,-112.406,33.99,4.006,38.444,0.0747937531400064
72,64,-112.362,33.99,6.962,39.113,0.06914634493718294
72,65,-112.318,33.99,3.157,39.618,0.053969386222443336
72,66,-112.274,33.99,1.936,39.6,0.05314727411275683
72,67,-112.23,33.99,7.239,39.259,0.07569036147008591
72,68,-112.186,33.99,3.909,39.462,0.05915307595070957
72,69,-112.142,33.99,2.89,39.474,0.031564118862534456
72,70,-112.098,33.99,4.975,38.767,0.031249891246359157
72,71,-112.054,33.99,7.561,37.45,0.0335911213700684
72,72,-112.01,33.99,9.783,36.304,0.04339484419650543
72,73,-111.966,33.99,6.891,36.202,0.05384501824351624
72,74,-111.922,33.99,7.141,36.11,0.08447968322348187
72,75,-111.878,33.99,4.836,35.747,0.0841790214093615
72,76,-111.834,33.99,4.203,35.162,0.08075591688952333
72,77,-111.79,33.99,11.24,36.115,0.074811005296868
72,78,-111.746,33.99,7.935,38.19,0.01335695338455502
72,79,-111.702,33.99,2.762,39.826,0.045587285711295104
72,80,-111.658,33.99,3.404,39.494,0.054110950985577964
72,81,-111.614,33.99,6.824,38.185,0.07092339931390203
72,82,-111.57,33.99,9.448,36.072,0.08437745697971116
72,83,-111.526,33.99,10.67,33.625,0.16577304344252156
72,84,-111.482,33.99,8.901,31.886,0.23894314577367431
72,85,-111.438,33.99,8.5,32.672,0.26439614293298697
72,86,-111.394,33.99,8.615,34.355,0.1536105391256636
72,87,-111.35,33.99,5.07,36.639,0.07641087182280626
72,88,-111.306,33.99,3.762,37.844,0.055580129327989974
72,89,-111.262,33.99,8.737,36.773,0.12576481795932196
72,90,-111.218,33.99,7.741,33.786,0.17286051700027372
72,91,-111.174,33.99,3.115,31.79,0.15458882230491156
72,92,-111.13,33.99,3.293,31.519,0.13002635352143582
72,93,-111.086,33.99,3.517,31.856,0.13762515229984448
72,94,-111.042,33.99,4.417,31.969,0.15123018298797306
72,95,-110.998,33.99,4.716,31.369,0.1485006927228596
72,96,-110.954,33.99,6.446,30.556,0.12342294591030596
72,97,-110.91,33.99,7.398,31.931,0.10764063665026784
72,98,-110.866,33.99,5.969,32.687,0.11662166662305593
72,99,-110.822,33.99,4.153,31.829,0.15490163524360534
72,100,-110.778,33.99,4.107,32.153,0.1783388082880909
72,101,-110.734,33.99,5.425,32.741,0.1746331900543606
72,102,-110.69,33.99,3.558,33.571,0.14759950449315382
72,103,-110.646,33.99,5.092,32.419,0.16515392507998258
72,104,-110.602,33.99,2.356,31.334,0.16280525953466177
72,105,-110.558,33.99,4.834,31.472,0.18669959093752994
72,106,-110.514,33.99,3.769,31.989,0.1290501696972004
72,107,-110.47,33.99,2.916,32.551,0.09338579609775671
72,108,-110.426,33.99,4.552,32.287,0.12654570534274576
72,109,-110.382,33.99,5.28,31.469,0.19306824827272678
72,110,-110.338,33.99,4.566,31.344,0.1689368505982037
72,111,-110.294,33.99,2.997,32.259,0.10969719349857804
72,112,-110.25,33.99,3.176,32.655,0.13148856633874634
72,113,-110.206,33.99,4.175,31.83,0.16760162780626142
72,114,-110.162,33.99,3.283,31.263,0.14541057883598182
72,115,-110.118,33.99,4.613,30.697,0.16430124213883268
72,116,-110.074,33.99,6.259,30.547,0.21972660637113461
72,117,-110.03,33.99,7.136,30.124,0.2294484867396005
72,118,-109.986,33.99,5.41,29.441,0.2591019093842761
72,119,-109.942,33.99,4.185,29.291,0.25058971731983265
72,120,-109.898,33.99,3.564,30.298,0.20746139145559733
72,121,-109.854,33.99,6.047,29.216,0.22278991191954264
72,122,-109.81,33.99,6.29,26.364,0.26784682889785494
72,123,-109.766,33.99,4.058,25.125,0.21114773452827296
72,124,-109.722,33.99,2.849,24.741,0.2194307015104203
72,125,-109.678,33.99,6.061,23.87,0.23922868143558548
72,126,-109.634,33.99,7.631,22.932,0.24273515316032415
72,127,-109.59,33.99,7.195,22.004,0.19976308702118328
72,128,-109.546,33.99,4.363,22.017,0.12256989357079862
72,129,-109.502,33.99,2.817,22.517,0.1439693008747791
72,130,-109.458,33.99,4.857,23.288,0.17197485196866702
72,131,-109.414,33.99,1.331,23.362,0.11693630303495053
72,132,-109.37,33.99,2.006,23.016,0.117511853834222
72,133,-109.326,33.99,1.821,22.957,0.11963724326173784
72,134,-109.282,33.99,6.246,23.678,0.1325782793484728
72,135,-109.238,33.99,4.787,25.231,0.1169742805742518
72,136,-109.194,33.99,4.536,26.743,0.07876564807392063
72,137,-109.15,33.99,6.736,26.376,0.11401517560691991
72,138,-109.106,33.99,8.369,24.413,0.1915923787805264
72,139,-109.062,33.99,4.123,24.758,0.2242336964017576
72,140,-109.018,33.99,3.495,25.226,0.2544891949754257
73,0,-115.178,34.034,6.206,40.886,-0.0267910315515224
73,1,-115.134,34.034,4.978,41.101,-0.020875748480127247
73,2,-115.09,34.034,3.268,41.658,-0.019083517679634277
73,3,-115.046,34.034,1.102,42.279,-0.014045558311070329
73,4,-115.002,34.034,1.295,42.119,-0.010201130612508096
73,5,-114.958,34.034,2.281,41.893,-0.01007859576982951
73,6,-114.914,34.034,3.227,42.425,-0.018142949747847113
73,7,-114.87,34.034,0.979,42.837,-0.011047387244211315
73,8,-114.826,34.034,0.29,42.855,-0.009324189705105769
73,9,-114.782,34.034,0.195,42.889,-0.015449296399931818
73,10,-114.738,34.034,0.613,42.845,-0.02176005554002295
73,11,-114.694,34.034,1.243,42.406,-0.019005636107286738
73,12,-114.65,34.034,2.935,41.923,-0.030162942217473766
73,13,-114.606,34.034,1.906,42.152,-0.026918489855342537
73,14,-114.562,34.034,2.309,42.249,-0.03559344538480632
73,15,-114.518,34.034,7.58,42.203,-0.04332079536660325
73,16,-114.474,34.034,1.785,42.399,-0.023080038157411248
73,17,-114.43,34.034,0.075,42.482,0.13068328896579445
73,18,-114.386,34.034,0.044,42.548,0.18926546973247557
73,19,-114.342,34.034,0.203,42.504,0.13905904213431286
73,20,-114.298,34.034,2.293,42.517,0.04810430883367939
73,21,-114.254,34.034,1.613,42.654,0.03814152456348496
73,22,-114.21,34.034,1.166,42.659,0.03819693413628763
73,23,-114.166,34.034,0.934,42.602,0.03243536568817393
73,24,-114.122,34.034,0.931,42.539,0.042413599676034294
73,25,-114.078,34.034,0.807,42.47,0.04189993599257858
73,26,-114.034,34.034,0.666,42.3,0.036603213509071274
73,27,-113.99,34.034,0.54,42.099,0.035789591140725246
73,28,-113.946,34.034,0.559,41.899,0.02973970674106858
73,29,-113.902,34.034,0.621,41.664,0.022632883251091446
73,30,-113.858,34.034,0.87,41.329,0.02477221696316494
73,31,-113.814,34.034,2.091,41.069,0.02680484749891665
73,32,-113.77,34.034,0.783,41.194,0.0290208190544177
73,33,-113.726,34.034,0.391,41.345,0.03668569430636009
73,34,-113.682,34.034,0.483,41.255,0.03368314498918047
73,35,-113.638,34.034,0.659,40.99,0.04006670411056378
73,36,-113.594,34.034,0.848,40.613,0.04053647995017849
73,37,-113.55,34.034,2.922,39.623,0.04209449228324307
73,38,-113.506,34.034,8.082,38.158,0.05610501724525299
73,39,-113.462,34.034,10.45,37.207,0.07531636461404964
73,40,-113.418,34.034,10.008,36.987,0.06043134728270253
73,41,-113.374,34.034,5.207,37.869,0.058795469596077884
73,42,-113.33,34.034,2.018,38.843,0.04224123835403454
73,43,-113.286,34.034,1.214,39.036,0.03613513489307996
73,44,-113.242,34.034,0.762,39.019,0.03105809454081408
73,45,-113.198,34.034,0.475,38.898,0.030847685214811547
73,46,-113.154,34.034,3.432,38.501,0.03427975760341566
73,47,-113.11,34.034,3.523,38.335,0.025510674939189397
73,48,-113.066,34.034,0.888,38.576,0.027486743067650515
73,49,-113.022,34.034,0.842,38.589,0.024785248041631788
73,50,-112.978,34.034,1.524,38.482,0.026764683577388534
73,51,-112.934,34.034,0.553,38.569,0.032452936461298404
73,52,-112.89,34.034,0.424,38.752,0.036233841833514455
73,53,-112.846,34.034,0.963,38.91,0.029241629153001217
73,54,-112.802,34.034,1.219,39.167,0.03374448405784451
73,55,-112.758,34.034,2.279,39.343,0.038961383149976964
73,56,-112.714,34.034,3.164,39.241,0.046882493021824005
73,57,-112.67,34.034,2.646,38.684,0.04516490508856334
73,58,-112.626,34.034,3.038,37.352,0.06525439905381779
73,59,-112.582,34.034,3.943,35.912,0.0841801138147434
73,60,-112.538,34.034,5.085,35.354,0.09594562532033328
73,61,-112.494,34.034,4.497,36.348,0.09320539264599648
73,62,-112.45,34.034,5.029,37.627,0.07822000624607003
73,63,-112.406,34.034,6.839,37.765,0.078416518618877
73,64,-112.362,34.034,5.387,37.95,0.06355627420942733
73,65,-112.318,34.034,4.842,38.444,0.05863876405923667
73,66,-112.274,34.034,6.945,37.799,0.09377012272651364
73,67,-112.23,34.034,8.886,38.156,0.102247325843416
73,68,-112.186,34.034,5.302,39.082,0.06396204593578103
73,69,-112.142,34.034,2.212,39.498,0.03330012589205737
73,70,-112.098,34.034,4.358,38.611,0.021219108133288023
73,71,-112.054,34.034,7.433,37.039,0.015296680173948111
73,72,-112.01,34.034,10.398,35.023,0.033551250721533164
73,73,-111.966,34.034,6.684,35.174,0.04644653150125883
73,74,-111.922,34.034,5.707,35.104,0.08833261158588718
73,75,-111.878,34.034,5.747,34.409,0.08465442204212822
73,76,-111.834,34.034,9.138,35.089,0.08810713167022623
73,77,-111.79,34.034,9.179,36.439,0.06045420751395783
73,78,-111.746,34.034,9.123,38.359,0.04699956532775054
73,79,-111.702,34.034,2.485,39.592,0.04645453909926653
73,80,-111.658,34.034,2.314,39.13,0.051521476662046185
73,81,-111.614,34.034,5.995,37.75,0.05562594620280134
73,82,-111.57,34.034,7.818,35.628,0.07447490287324773
73,83,-111.526,34.034,11.126,33.93,0.12237199516765417
73,84,-111.482,34.034,13.175,30.828,0.22000641127681583
73,85,-111.438,34.034,12.71,31.665,0.22048028469948416
73,86,-111.394,34.034,10.466,34.777,0.156431049986194
73,87,-111.35,34.034,5.39,36.752,0.07646152000948621
73,88,-111.306,34.034,3.608,37.605,0.07445525046782625
73,89,-111.262,34.034,7.135,36.699,0.1243822622496065
73,90,-111.218,34.034,11.731,33.999,0.1943149223722772
73,91,-111.174,34.034,6.104,32.531,0.16638068051240162
73,92,-111.13,34.034,4.519,31.928,0.1218422081880794
73,93,-111.086,34.034,4.262,32.232,0.13046675379876752
73,94,-111.042,34.034,4.579,32.579,0.11629007990268696
73,95,-110.998,34.034,4.763,31.634,0.12794708638779412
73,96,-110.954,34.034,5.659,30.628,0.13415592868464743
73,97,-110.91,34.034,6.276,31.775,0.08731331267207196
73,98,-110.866,34.034,6.716,32.17,0.10968413940118583
73,99,-110.822,34.034,3.802,31.708,0.10899497392136454
73,100,-110.778,34.034,4.446,31.59,0.16551026872615698
73,101,-110.734,34.034,6.296,32.269,0.14010368577100504
73,102,-110.69,34.034,4.5,32.807,0.12167350925431891
73,103,-110.646,34.034,3.988,31.591,0.17156833919152908
73,104,-110.602,34.034,4.157,31.021,0.14734418812628503
73,105,-110.558,34.034,3.301,31.495,0.11252931204304929
73,106,-110.514,34.034,2.727,31.986,0.0795980285273561
73,107,-110.47,34.034,2.235,32.377,0.07939804658064921
73,108,-110.426,34.034,3.022,32.074,0.12410227622862953
73,109,-110.382,34.034,5.057,31.172,0.2065352997519954
73,110,-110.338,34.034,6.002,31.103,0.15934283907291943
73,111,-110.294,34.034,4.489,32.052,0.10906166476596992
73,112,-110.25,34.034,4.795,32.132,0.13278245817496595
73,113,-110.206,34.034,5.427,31.466,0.14400793630664188
73,114,-110.162,34.034,3.326,30.916,0.14399448135042145
73,115,-110.118,34.034,5.144,29.95,0.17262643669989747
73,116,-110.074,34.034,5.866,29.521,0.2244068313096297
73,117,-110.03,34.034,5.564,29.281,0.23776171754948933
73,118,-109.986,34.034,4.091,29.321,0.24673740715688222
73,119,-109.942,34.034,4.509,28.728,0.24014613044781366
73,120,-109.898,34.034,3.346,28.876,0.2309832741682486
73,121,-109.854,34.034,4.852,28.948,0.19312791006939442
73,122,-109.81,34.034,7.58,27.968,0.22059036075469474
73,123,-109.766,34.034,4.998,26.468,0.23824478220538142
73,124,-109.722,34.034,4.051,25.496,0.183870299545778
73,125,-109.678,34.034,2.597,24.817,0.14434250279987582
73,126,-109.634,34.034,3.705,24.06,0.18571498838264575
73,127,-109.59,34.034,2.583,23.092,0.12412229882777963
73,128,-109.546,34.034,1.578,22.776,0.07429819640467308
73,129,-109.502,34.034,2.904,22.963,0.1458703797907752
73,130,-109.458,34.034,4.787,23.901,0.15085784511872802
73,131,-109.414,34.034,5.124,24.476,0.12543877112226265
73,132,-109.37,34.034,3.786,23.974,0.11183458069653325
73,133,-109.326,34.034,3.451,23.839,0.12685339610967106
73,134,-109.282,34.034,5.716,24.738,0.10851300608460857
73,135,-109.238,34.034,3.404,25.786,0.0865626410663648
73,136,-109.194,34.034,2.893,27.034,0.07652037591521242
73,137,-109.15,34.034,2.384,27.092,0.0854401957511676
73,138,-109.106,34.034,4.651,26.517,0.0964399719047993
73,139,-109.062,34.034,3.336,26.498,0.10203358337217533
73,140,-109.018,34.034,5.439,26.863,0.08733383315835229
74,0,-115.178,34.078,2.324,41.814,-0.02170720682099852
74,1,-115.134,34.078,1.597,42.516,-0.02028942572113267
74,2,-115.09,34.078,1.353,42.742,-0.018768025070686343
74,3,-115.046,34.078,0.993,42.814,-0.013879280812069713
74,4,-115.002,34.078,1.193,42.666,-0.012757984929866033
74,5,-114.958,34.078,1.976,42.501,-0.012524846084217485
74,6,-114.914,34.078,1.51,42.696,-0.017404275445039717
74,7,-114.87,34.078,0.909,42.769,-0.017340159327118396
74,8,-114.826,34.078,1.028,42.741,-0.016938432732214778
74,9,-114.782,34.078,0.955,42.803,-0.019353783985917736
74,10,-114.738,34.078,0.781,42.831,-0.023684899645941816
74,11,-114.694,34.078,1.654,42.375,-0.018918750934796957
74,12,-114.65,34.078,6.74,42.045,-0.029998972160494936
74,13,-114.606,34.078,1.744,42.37,-0.025797699794560244
74,14,-114.562,34.078,1.155,42.516,-0.024951053639500516
74,15,-114.518,34.078,3.35,42.438,-0.0348832404441368
74,16,-114.474,34.078,1.64,42.541,-0.03783600153326228
74,17,-114.43,34.078,0.365,42.641,0.09161134342223823
74,18,-114.386,34.078,0.046,42.65,0.2572665660796082
74,19,-114.342,34.078,0.091,42.644,0.20794818756018274
74,20,-114.298,34.078,0.919,42.674,0.10811632471136547
74,21,-114.254,34.078,0.679,42.718,0.03628752992641055
74,22,-114.21,34.078,1.265,42.679,0.03298461046318652
74,23,-114.166,34.078,0.688,42.502,0.04023093073586066
74,24,-114.122,34.078,0.467,42.357,0.04826895288709207
74,25,-114.078,34.078,0.462,42.219,0.04172837035073271
74,26,-114.034,34.078,0.515,42.074,0.03436491565467999
74,27,-113.99,34.078,0.494,41.886,0.034675721570295595
74,28,-113.946,34.078,0.626,41.64,0.02586214826813845
74,29,-113.902,34.078,1.002,41.41,0.013347351710040653
74,30,-113.858,34.078,1.552,40.943,0.020759287147304902
74,31,-113.814,34.078,3.309,40.163,0.022951001543465993
74,32,-113.77,34.078,4.34,39.952,0.025757965252083362
74,33,-113.726,34.078,3.796,40.427,0.027288127159552124
74,34,-113.682,34.078,0.858,41.096,0.02675940350939061
74,35,-113.638,34.078,0.466,41.198,0.04220812495029402
74,36,-113.594,34.078,0.629,40.925,0.04193722819034036
74,37,-113.55,34.078,0.939,40.45,0.0461616850662095
74,38,-113.506,34.078,1.398,39.864,0.04755042127760951
74,39,-113.462,34.078,3.625,38.956,0.04197684952867853
74,40,-113.418,34.078,7.857,37.73,0.0560225589111569
74,41,-113.374,34.078,12.421,36.613,0.0585702901770667
74,42,-113.33,34.078,10.512,36.946,0.0563782498042979
74,43,-113.286,34.078,6.158,37.829,0.05006695734273761
74,44,-113.242,34.078,1.933,38.845,0.035236228589745726
74,45,-113.198,34.078,1.724,38.858,0.032711726590783786
74,46,-113.154,34.078,1.867,38.642,0.03788235172289292
74,47,-113.11,34.078,1.229,38.476,0.029308356079883385
74,48,-113.066,34.078,0.469,38.509,0.03109595927165248
74,49,-113.022,34.078,0.97,38.401,0.033354949853849604
74,50,-112.978,34.078,2.899,38.068,0.03721429621139729
74,51,-112.934,34.078,2.366,38.117,0.04457863642686519
74,52,-112.89,34.078,0.595,38.33,0.03991827857271317
74,53,-112.846,34.078,0.693,38.374,0.03277776594779401
74,54,-112.802,34.078,1.142,38.582,0.036717218253472635
74,55,-112.758,34.078,2.739,38.544,0.04425545629483789
74,56,-112.714,34.078,2.612,38.443,0.049058839409897866
74,57,-112.67,34.078,3.219,38.345,0.04166358016428005
74,58,-112.626,34.078,5.311,37.711,0.07134780380869653
74,59,-112.582,34.078,5.851,36.28,0.07992110437293194
74,60,-112.538,34.078,5.331,35.819,0.09511663400656144
74,61,-112.494,34.078,6.066,36.116,0.1032711689691951
74,62,-112.45,34.078,5.783,36.678,0.10347741958185287
74,63,-112.406,34.078,6.547,36.29,0.09126409600714476
74,64,-112.362,34.078,7.346,35.912,0.10148720336810951
74,65,-112.318,34.078,7.241,36.509,0.09028498082888457
74,66,-112.274,34.078,8.502,35.369,0.13378205006480404
74,67,-112.23,34.078,9.051,36.052,0.14226249649712666
74,68,-112.186,34.078,6.881,37.654,0.10150130153695842
74,69,-112.142,34.078,2.545,39.256,0.052920920105545444
74,70,-112.098,34.078,6.119,38.61,0.032692319867945054
74,71,-112.054,34.078,5.569,37.161,0.01633058999420839
74,72,-112.01,34.078,10.186,34.474,0.04648576172511081
74,73,-111.966,34.078,8.013,33.939,0.05604141583885476
74,74,-111.922,34.078,5.124,34.075,0.08675531624001052
74,75,-111.878,34.078,6.291,34.358,0.09639844527023518
74,76,-111.834,34.078,8.704,35.425,0.07175391198921656
74,77,-111.79,34.078,8.783,35.241,0.06293638466152612
74,78,-111.746,34.078,8.608,37.633,0.04638967807268529
74,79,-111.702,34.078,2.643,39.442,0.06381487642351222
74,80,-111.658,34.078,2.657,38.981,0.0642155033449991
74,81,-111.614,34.078,7.07,37.182,0.05941098317644926
74,82,-111.57,34.078,12.797,34.852,0.08438913837242057
74,83,-111.526,34.078,13.013,33.913,0.1229335765642528
74,84,-111.482,34.078,12.461,31.151,0.1954282681077208
74,85,-111.438,34.078,16.094,31.482,0.19489954493603942
74,86,-111.394,34.078,4.558,35.565,0.10647099480590388
74,87,-111.35,34.078,2.286,37.192,0.0725511721355897
74,88,-111.306,34.078,4.688,37.43,0.07818175308963608
74,89,-111.262,34.078,7.827,36.665,0.11465525204214932
74,90,-111.218,34.078,7.247,34.429,0.16788664724999428
74,91,-111.174,34.078,6.516,33.294,0.15800600093649403
74,92,-111.13,34.078,7.347,32.422,0.154361223166175
74,93,-111.086,34.078,6.31,32.737,0.14522281315598526
74,94,-111.042,34.078,5.177,32.817,0.07652556276822935
74,95,-110.998,34.078,7.0,31.731,0.06933235259061948
74,96,-110.954,34.078,4.652,31.451,0.08010117140429339
74,97,-110.91,34.078,4.02,32.035,0.081362222910203
74,98,-110.866,34.078,6.444,31.605,0.1360690298541709
74,99,-110.822,34.078,2.735,30.844,0.15189678653255068
74,100,-110.778,34.078,3.443,30.991,0.17430484267068835
74,101,-110.734,34.078,5.062,31.722,0.1597715200389885
74,102,-110.69,34.078,5.311,31.851,0.1615886689000554
74,103,-110.646,34.078,2.623,30.94,0.1481794126674569
74,104,-110.602,34.078,2.891,30.675,0.1416382923996229
74,105,-110.558,34.078,4.744,30.966,0.148333150163653
74,106,-110.514,34.078,3.856,31.551,0.09259353803844249
74,107,-110.47,34.078,3.173,31.933,0.1001609606664271
74,108,-110.426,34.078,5.114,31.243,0.13568876185427453
74,109,-110.382,34.078,6.618,30.707,0.16135605394340163
74,110,-110.338,34.078,7.963,31.24,0.14741071483677035
74,111,-110.294,34.078,7.373,31.609,0.15269455329163362
74,112,-110.25,34.078,6.306,31.177,0.16503227032541187
74,113,-110.206,34.078,5.197,31.105,0.14593467601572305
74,114,-110.162,34.078,4.585,30.801,0.13653855724120048
74,115,-110.118,34.078,4.186,30.009,0.12812096347663227
74,116,-110.074,34.078,4.239,29.77,0.18832533203227084
74,117,-110.03,34.078,3.878,29.648,0.18912701685958028
74,118,-109.986,34.078,3.193,29.583,0.21287167221625963
74,119,-109.942,34.078,3.892,28.919,0.22468277088828031
74,120,-109.898,34.078,2.527,28.049,0.20592449299877333
74,121,-109.854,34.078,3.048,27.571,0.19403536787437037
74,122,-109.81,34.078,4.328,27.277,0.1755668093159453
74,123,-109.766,34.078,2.399,26.613,0.17549105602924456
74,124,-109.722,34.078,1.917,25.753,0.15375183082128183
74,125,-109.678,34.078,2.106,24.987,0.17568457981332253
74,126,-109.634,34.078,2.886,24.014,0.18570089301714723
74,127,-109.59,34.078,2.624,22.974,0.11662298137808032
74,128,-109.546,34.078,2.126,22.519,0.15481534562102633
74,129,-109.502,34.078,3.449,23.166,0.1574538810787823
74,130,-109.458,34.078,3.514,24.426,0.08529774125634736
74,131,-109.414,34.078,4.78,25.874,0.0958576149425046
74,132,-109.37,34.078,5.945,26.403,0.09472300510992718
74,133,-109.326,34.078,5.911,26.577,0.09253640152063865
74,134,-109.282,34.078,5.196,27.217,0.10396794623733499
74,135,-109.238,34.078,4.675,27.391,0.06798225661615273
74,136,-109.194,34.078,3.479,27.622,0.07960553725045277
74,137,-109.15,34.078,1.275,27.628,0.04821829143566687
74,138,-109.106,34.078,3.502,27.72,0.04644848060493221
74,139,-109.062,34.078,2.693,27.448,0.05773916529958237
74,140,-109.018,34.078,3.525,27.844,0.04158527757154594
75,0,-115.178,34.122,5.271,41.781,-0.03776427367381354
75,1,-115.134,34.122,1.566,42.842,-0.02355939570670627
75,2,-115.09,34.122,0.78,42.927,-0.017821658732432934
75,3,-115.046,34.122,0.657,42.914,-0.015138208957883764
75,4,-115.002,34.122,0.625,42.875,-0.017623664609169688
75,5,-114.958,34.122,0.953,42.781,-0.023899921379554556
75,6,-114.914,34.122,0.772,42.578,-0.028233043796717105
75,7,-114.87,34.122,1.205,42.101,-0.029369443920999397
75,8,-114.826,34.122,4.217,41.75,-0.02793580809648241
75,9,-114.782,34.122,2.209,42.066,-0.025591031760562523
75,10,-114.738,34.122,1.016,42.449,-0.025834664579612417
75,11,-114.694,34.122,0.863,42.619,-0.02127877108125709
75,12,-114.65,34.122,1.294,42.686,-0.022242169436079547
75,13,-114.606,34.122,1.107,42.739,-0.022211054648310507
75,14,-114.562,34.122,0.81,42.728,-0.024907883491431047
75,15,-114.518,34.122,0.699,42.662,-0.027407740045882548
75,16,-114.474,34.122,0.658,42.673,-0.03451181386509963
75,17,-114.43,34.122,0.767,42.727,-0.03369844626797281
75,18,-114.386,34.122,0.435,42.691,0.023620825299256992
75,19,-114.342,34.122,0.13,42.731,0.08913347930343261
75,20,-114.298,34.122,0.436,42.745,0.06522813481887459
75,21,-114.254,34.122,0.552,42.723,0.02602670446553262
75,22,-114.21,34.122,3.511,42.577,0.027902855058060463
75,23,-114.166,34.122,1.994,42.561,0.036179228102877395
75,24,-114.122,34.122,2.094,42.256,0.049855059471772024
75,25,-114.078,34.122,1.142,42.129,0.04122735864711892
75,26,-114.034,34.122,0.861,41.88,0.02754830900395107
75,27,-113.99,34.122,1.071,41.549,0.029004147907584755
75,28,-113.946,34.122,1.234,41.374,0.015540073863980477
75,29,-113.902,34.122,1.519,41.111,0.005761179949070933
75,30,-113.858,34.122,1.344,40.91,0.01652917103009627
75,31,-113.814,34.122,2.54,40.85,0.01897326665172696
75,32,-113.77,34.122,3.773,40.723,0.022830282456240546
75,33,-113.726,34.122,3.785,40.642,0.02810323425216025
75,34,-113.682,34.122,5.303,40.52,0.022806031616086117
75,35,-113.638,34.122,2.212,40.706,0.034700221143823665
75,36,-113.594,34.122,1.426,40.567,0.036113866844425434
75,37,-113.55,34.122,1.634,40.501,0.039555528755600665
75,38,-113.506,34.122,3.231,40.311,0.04087951153250894
75,39,-113.462,34.122,1.823,40.182,0.037061651421863566
75,40,-113.418,34.122,2.256,39.759,0.03785225456305094
75,41,-113.374,34.122,4.485,39.065,0.040252438321173305
75,42,-113.33,34.122,5.896,38.798,0.04414114852557599
75,43,-113.286,34.122,5.356,38.911,0.04380291825946269
75,44,-113.242,34.122,1.592,39.319,0.0381474068899117
75,45,-113.198,34.122,0.658,39.102,0.036629967421671676
75,46,-113.154,34.122,0.57,38.811,0.03442875960785573
75,47,-113.11,34.122,0.6,38.537,0.023064205146071236
75,48,-113.066,34.122,0.566,38.336,0.02628155306749532
75,49,-113.022,34.122,1.779,38.145,0.037927332149246984
75,50,-112.978,34.122,1.752,37.932,0.04533795409477947
75,51,-112.934,34.122,0.813,37.898,0.04854247593311704
75,52,-112.89,34.122,0.667,37.858,0.049112633727673646
75,53,-112.846,34.122,0.826,37.839,0.03864552543273611
75,54,-112.802,34.122,1.176,37.934,0.03616206040119751
75,55,-112.758,34.122,1.556,37.651,0.043586199092943756
75,56,-112.714,34.122,1.727,37.366,0.052510096976164405
75,57,-112.67,34.122,3.46,36.79,0.07131160452941752
75,58,-112.626,34.122,6.385,36.642,0.08492458312420409
75,59,-112.582,34.122,7.19,36.665,0.08568687760490784
75,60,-112.538,34.122,7.165,36.37,0.09372379799211035
75,61,-112.494,34.122,6.22,34.965,0.11967652643520568
75,62,-112.45,34.122,6.288,34.418,0.1509131620548131
75,63,-112.406,34.122,10.883,33.704,0.1723299544626301
75,64,-112.362,34.122,7.773,33.73,0.1946676223113598
75,65,-112.318,34.122,11.213,33.596,0.15447489964640354
75,66,-112.274,34.122,8.923,32.556,0.20255971587329707
75,67,-112.23,34.122,11.111,33.738,0.16229474778717431
75,68,-112.186,34.122,8.437,36.956,0.11147911920252458
75,69,-112.142,34.122,5.333,38.321,0.060392016614883026
75,70,-112.098,34.122,8.14,37.764,0.05488447796897691
75,71,-112.054,34.122,7.852,37.002,0.017644162323202598
75,72,-112.01,34.122,10.38,35.86,0.02066662431490508
75,73,-111.966,34.122,8.539,35.259,0.04921887688876638
75,74,-111.922,34.122,6.754,34.418,0.08649318906018824
75,75,-111.878,34.122,7.379,34.558,0.08655477006468243
75,76,-111.834,34.122,8.877,35.063,0.08022430928300872
75,77,-111.79,34.122,11.084,36.303,0.06085537437979378
75,78,-111.746,34.122,7.443,37.907,0.04971929235224483
75,79,-111.702,34.122,3.596,39.369,0.05892205458820055
75,80,-111.658,34.122,5.166,37.908,0.06903639594025303
75,81,-111.614,34.122,8.673,35.683,0.06840206505819676
75,82,-111.57,34.122,9.819,33.226,0.11398530217158445
75,83,-111.526,34.122,13.955,32.371,0.13015829369849605
75,84,-111.482,34.122,12.877,30.72,0.20666131350544195
75,85,-111.438,34.122,10.255,32.907,0.17940914097090388
75,86,-111.394,34.122,3.309,36.209,0.0995154194019746
75,87,-111.35,34.122,3.045,36.858,0.06326503355980213
75,88,-111.306,34.122,4.796,36.707,0.0594212558704136
75,89,-111.262,34.122,8.056,36.602,0.07635403005026459
75,90,-111.218,34.122,8.282,35.301,0.11201545562495926
75,91,-111.174,34.122,4.185,33.893,0.12791789037302823
75,92,-111.13,34.122,7.817,32.813,0.14849022532300243
75,93,-111.086,34.122,7.064,33.04,0.11678570731084088
75,94,-111.042,34.122,5.103,32.496,0.09860009887448559
75,95,-110.998,34.122,4.276,31.687,0.0984226609120577
75,96,-110.954,34.122,2.209,31.551,0.08072044651610177
75,97,-110.91,34.122,5.106,31.654,0.1063493487673928
75,98,-110.866,34.122,5.709,30.645,0.13310050094134696
75,99,-110.822,34.122,5.575,30.125,0.17636652990483012
75,100,-110.778,34.122,3.23,30.239,0.18500375040050465
75,101,-110.734,34.122,6.273,30.693,0.19514520059637472
75,102,-110.69,34.122,4.368,31.17,0.17463418212321094
75,103,-110.646,34.122,2.844,30.425,0.16431573650786102
75,104,-110.602,34.122,3.077,29.924,0.14882196026913802
75,105,-110.558,34.122,4.923,30.578,0.11856570235267785
75,106,-110.514,34.122,4.515,31.189,0.1103465658305602
75,107,-110.47,34.122,5.831,31.127,0.14096882011000886
75,108,-110.426,34.122,7.742,30.665,0.14753781588388573
75,109,-110.382,34.122,9.446,30.876,0.14783460438960916
75,110,-110.338,34.122,8.143,30.914,0.16565391100529397
75,111,-110.294,34.122,7.066,30.837,0.16771685079307858
75,112,-110.25,34.122,4.767,30.549,0.1732622706618273
75,113,-110.206,34.122,5.453,30.675,0.1518488774233614
75,114,-110.162,34.122,4.267,30.772,0.16625031208150015
75,115,-110.118,34.122,3.36,30.65,0.13600682639275574
75,116,-110.074,34.122,3.035,30.368,0.14511141679275297
75,117,-110.03,34.122,2.266,29.994,0.1638738437017729
75,118,-109.986,34.122,2.79,29.612,0.17638775160664066
75,119,-109.942,34.122,2.02,28.944,0.18522117721788064
75,120,-109.898,34.122,0.957,28.103,0.17413675784786561
75,121,-109.854,34.122,1.174,27.271,0.154412879387673
75,122,-109.81,34.122,1.965,26.614,0.16445779099326238
75,123,-109.766,34.122,2.144,26.041,0.17149051315710284
75,124,-109.722,34.122,3.88,25.233,0.19444493258863954
75,125,-109.678,34.122,3.222,24.455,0.1910705141245433
75,126,-109.634,34.122,2.304,23.691,0.1857593474927036
75,127,-109.59,34.122,3.886,23.096,0.17516355587367688
75,128,-109.546,34.122,3.275,22.847,0.15402938658353288
75,129,-109.502,34.122,4.585,23.935,0.11479564393663139
75,130,-109.458,34.122,4.084,25.518,0.03869464866227098
75,131,-109.414,34.122,2.719,26.837,0.04740287952064356
75,132,-109.37,34.122,1.896,27.898,0.033484359672958784
75,133,-109.326,34.122,1.804,28.549,0.033656678415368235
75,134,-109.282,34.122,2.422,29.078,0.10187005321750935
75,135,-109.238,34.122,3.345,29.05,0.061327365802962726
75,136,-109.194,34.122,2.706,28.537,0.06794201660396286
75,137,-109.15,34.122,1.673,28.273,0.04699911442274514
75,138,-109.106,34.122,1.97,28.562,0.03511484276243712
75,139,-109.062,34.122,2.272,28.449,0.04972254863485487
75,140,-109.018,34.122,3.34,28.446,0.006038094310784652
76,0,-115.178,34.166,10.614,41.71,-0.03881869002425992
76,1,-115.134,34.166,4.849,42.676,-0.03201792629700456
76,2,-115.09,34.166,1.567,42.914,-0.02263381414700707
76,3,-115.046,34.166,0.125,42.882,-0.02254997371556268
76,4,-115.002,34.166,0.474,42.853,-0.02676269044072918
76,5,-114.958,34.166,1.11,42.652,-0.0302762799686072
76,6,-114.914,34.166,1.231,42.15,-0.03615453820878822
76,7,-114.87,34.166,1.937,41.387,-0.04164683227176576
76,8,-114.826,34.166,6.507,40.761,-0.03946874076604201
76,9,-114.782,34.166,3.29,41.302,-0.03221022017116821
76,10,-114.738,34.166,1.335,41.919,-0.02762447885697904
76,11,-114.694,34.166,0.929,42.309,-0.0228433388740274
76,12,-114.65,34.166,0.788,42.678,-0.02726214857642306
76,13,-114.606,34.166,0.593,42.866,-0.02594704487676731
76,14,-114.562,34.166,0.567,42.851,-0.031139081698079208
76,15,-114.518,34.166,0.804,42.805,-0.032698004699917
76,16,-114.474,34.166,0.86,42.821,-0.0370927320489334
76,17,-114.43,34.166,1.004,42.772,-0.03906090336496386
76,18,-114.386,34.166,1.074,42.748,-0.04381526165950074
76,19,-114.342,34.166,1.205,42.766,-0.04211263429665798
76,20,-114.298,34.166,0.922,42.798,-0.01653831110483636
76,21,-114.254,34.166,0.812,42.726,0.010593891305991955
76,22,-114.21,34.166,2.037,42.612,0.022170369419536387
76,23,-114.166,34.166,2.584,42.361,0.030868138981982134
76,24,-114.122,34.166,4.215,41.925,0.040940936258697755
76,25,-114.078,34.166,3.055,41.635,0.035660377064582
76,26,-114.034,34.166,2.55,41.234,0.02732193056843452
76,27,-113.99,34.166,6.364,40.336,0.03284019008966575
76,28,-113.946,34.166,2.585,40.569,0.013328616044186037
76,29,-113.902,34.166,1.449,40.888,0.003163644751675518
76,30,-113.858,34.166,3.128,41.349,0.01632695981486444
76,31,-113.814,34.166,2.655,41.65,0.009501842557396575
76,32,-113.77,34.166,1.462,41.854,0.0138384068498686
76,33,-113.726,34.166,1.811,41.992,0.02279457958673029
76,34,-113.682,34.166,3.284,41.85,0.015329011957493912
76,35,-113.638,34.166,5.636,40.533,0.021190655032828604
76,36,-113.594,34.166,7.899,38.914,0.03826203358186888
76,37,-113.55,34.166,5.174,39.416,0.045365562720739445
76,38,-113.506,34.166,2.438,40.687,0.036117467505834874
76,39,-113.462,34.166,1.292,41.11,0.027333005177512363
76,40,-113.418,34.166,1.304,41.026,0.031089926877102828
76,41,-113.374,34.166,1.185,40.686,0.03673132848970092
76,42,-113.33,34.166,0.969,40.286,0.03707070731873529
76,43,-113.286,34.166,1.428,40.105,0.035066370964333154
76,44,-113.242,34.166,1.672,39.794,0.040380267586522155
76,45,-113.198,34.166,0.784,39.191,0.03823258125842391
76,46,-113.154,34.166,0.65,38.728,0.03835870894864148
76,47,-113.11,34.166,0.821,38.303,0.026150369651367668
76,48,-113.066,34.166,0.679,37.996,0.023880447751017036
76,49,-113.022,34.166,0.788,37.791,0.033576803020314815
76,50,-112.978,34.166,0.945,37.556,0.04656370426753373
76,51,-112.934,34.166,1.131,37.353,0.041762005687631026
76,52,-112.89,34.166,1.075,37.265,0.046145657948786244
76,53,-112.846,34.166,1.171,37.301,0.040968504115651304
76,54,-112.802,34.166,1.134,37.217,0.03631500315460717
76,55,-112.758,34.166,3.242,36.543,0.05929834077595395
76,56,-112.714,34.166,7.012,35.379,0.08784532181646862
76,57,-112.67,34.166,9.558,33.958,0.15880638065704777
76,58,-112.626,34.166,7.175,34.169,0.12207744680778047
76,59,-112.582,34.166,9.033,34.699,0.1259333670174043
76,60,-112.538,34.166,9.111,35.508,0.11882680485398073
76,61,-112.494,34.166,3.92,35.099,0.12815683824065668
76,62,-112.45,34.166,4.691,33.43,0.17125109940288272
76,63,-112.406,34.166,7.038,32.206,0.22492644752811522
76,64,-112.362,34.166,8.689,31.807,0.2587608499404148
76,65,-112.318,34.166,10.551,30.406,0.21104950432375863
76,66,-112.274,34.166,7.319,30.95,0.20270981628687185
76,67,-112.23,34.166,12.368,33.29,0.1265179069382335
76,68,-112.186,34.166,6.77,36.878,0.10643444926318585
76,69,-112.142,34.166,4.336,37.554,0.06246564914605101
76,70,-112.098,34.166,9.289,36.637,0.04349553848798582
76,71,-112.054,34.166,3.932,36.008,0.019666484462061474
76,72,-112.01,34.166,2.399,35.562,0.008837498333412536
76,73,-111.966,34.166,7.29,34.669,0.04568733234395386
76,74,-111.922,34.166,8.908,33.631,0.09646988027025168
76,75,-111.878,34.166,7.946,34.556,0.09471097715777273
76,76,-111.834,34.166,6.561,36.628,0.0587162908378798
76,77,-111.79,34.166,3.584,37.815,0.03717823457576822
76,78,-111.746,34.166,6.465,38.557,0.0519764517353776
76,79,-111.702,34.166,5.156,39.307,0.06567371971332411
76,80,-111.658,34.166,9.061,37.141,0.08934926042334218
76,81,-111.614,34.166,7.63,34.011,0.10366452778813415
76,82,-111.57,34.166,8.259,32.851,0.10763506286550274
76,83,-111.526,34.166,6.756,31.414,0.16178863731157977
76,84,-111.482,34.166,13.885,31.493,0.21543488118129414
76,85,-111.438,34.166,6.23,34.152,0.12847462177826618
76,86,-111.394,34.166,3.186,35.83,0.09982786514035918
76,87,-111.35,34.166,5.042,34.983,0.09479494719947294
76,88,-111.306,34.166,5.893,34.36,0.09056361902539661
76,89,-111.262,34.166,6.843,34.83,0.12603016320872112
76,90,-111.218,34.166,6.808,35.517,0.10687057286601602
76,91,-111.174,34.166,10.612,35.122,0.10809611764974024
76,92,-111.13,34.166,10.831,33.81,0.12277004843809342
76,93,-111.086,34.166,8.127,32.724,0.12675657171489182
76,94,-111.042,34.166,4.626,32.196,0.12036650662589024
76,95,-110.998,34.166,3.672,31.89,0.09652548036585706
76,96,-110.954,34.166,2.936,31.533,0.09783784637161337
76,97,-110.91,34.166,4.082,31.188,0.11002714157851498
76,98,-110.866,34.166,3.863,30.479,0.14700132926921772
76,99,-110.822,34.166,2.916,29.792,0.1221179621396623
76,100,-110.778,34.166,3.618,29.731,0.1934558450454938
76,101,-110.734,34.166,7.124,30.302,0.18476928583098862
76,102,-110.69,34.166,4.163,30.675,0.1370700762149687
76,103,-110.646,34.166,6.824,29.475,0.18356895943131263
76,104,-110.602,34.166,5.825,29.297,0.1619596261163918
76,105,-110.558,34.166,7.052,30.029,0.15716706341576722
76,106,-110.514,34.166,7.74,30.24,0.15594804198037887
76,107,-110.47,34.166,7.69,30.683,0.1342311327181557
76,108,-110.426,34.166,6.787,30.51,0.1430430961863266
76,109,-110.382,34.166,6.769,30.396,0.13766053900367017
76,110,-110.338,34.166,4.573,30.337,0.15366639731654008
76,111,-110.294,34.166,5.274,30.153,0.1544549616912576
76,112,-110.25,34.166,4.63,29.804,0.19074816957888163
76,113,-110.206,34.166,4.111,30.145,0.15882693223283667
76,114,-110.162,34.166,3.666,30.19,0.15400805106995757
76,115,-110.118,34.166,2.808,30.019,0.16933637718223246
76,116,-110.074,34.166,2.565,29.951,0.15838726616195317
76,117,-110.03,34.166,2.632,29.811,0.15197029661797326
76,118,-109.986,34.166,1.095,29.366,0.0956844729335371
76,119,-109.942,34.166,2.889,28.992,0.16448754026137422
76,120,-109.898,34.166,2.529,28.044,0.1699334952526758
76,121,-109.854,34.166,1.214,27.631,0.11983316091950805
76,122,-109.81,34.166,1.383,26.974,0.11400715241547532
76,123,-109.766,34.166,2.942,26.358,0.17473055979343596
76,124,-109.722,34.166,4.103,25.728,0.15041160268667417
76,125,-109.678,34.166,4.291,25.11,0.14867354910386907
76,126,-109.634,34.166,3.486,24.834,0.14940613469964997
76,127,-109.59,34.166,3.973,24.445,0.1099544208526795
76,128,-109.546,34.166,4.694,24.309,0.074311175552964
76,129,-109.502,34.166,3.335,25.19,0.03165929533271299
76,130,-109.458,34.166,1.824,26.449,0.02397437590660924
76,131,-109.414,34.166,2.068,27.562,0.023998305957179826
76,132,-109.37,34.166,1.844,28.642,0.02980870826925816
76,133,-109.326,34.166,1.368,29.288,0.02823062327866377
76,134,-109.282,34.166,1.396,29.486,0.029819072570053114
76,135,-109.238,34.166,2.637,28.871,0.03856801884200503
76,136,-109.194,34.166,1.415,28.679,0.052195549488492005
76,137,-109.15,34.166,1.698,29.025,0.046998853205861044
76,138,-109.106,34.166,1.586,29.115,0.06033975752149925
76,139,-109.062,34.166,2.202,28.825,0.06629440738949573
76,140,-109.018,34.166,1.862,28.279,0.0014500134771804924
77,0,-115.178,34.21,3.243,42.757,-0.020728191882350776
77,1,-115.134,34.21,1.257,42.882,-0.022725465257884787
77,2,-115.09,34.21,0.503,42.933,-0.024130151828312765
77,3,-115.046,34.21,0.15,42.926,-0.02344786092378175
77,4,-115.002,34.21,1.177,42.742,-0.03127981656509048
77,5,-114.958,34.21,1.662,42.149,-0.037407394756364114
77,6,-114.914,34.21,1.895,41.306,-0.0425917532708493
77,7,-114.87,34.21,4.593,40.005,-0.04687342297118763
77,8,-114.826,34.21,7.009,39.248,-0.043085420400044996
77,9,-114.782,34.21,5.452,40.376,-0.0375312262895533
77,10,-114.738,34.21,1.357,41.37,-0.028521438725095147
77,11,-114.694,34.21,1.221,41.806,-0.02887976529943983
77,12,-114.65,34.21,1.015,42.29,-0.030368383514068214
77,13,-114.606,34.21,0.629,42.574,-0.026774654267577122
77,14,-114.562,34.21,0.754,42.583,-0.03553659999160935
77,15,-114.518,34.21,0.868,42.543,-0.034351582175557
77,16,-114.474,34.21,1.03,42.519,-0.04082252636577961
77,17,-114.43,34.21,1.34,42.465,-0.04290550619472439
77,18,-114.386,34.21,1.466,42.507,-0.04812119417371645
77,19,-114.342,34.21,1.571,42.582,-0.04766562698851277
77,20,-114.298,34.21,1.751,42.711,-0.045806534317602815
77,21,-114.254,34.21,1.623,42.661,-0.04174166555869378
77,22,-114.21,34.21,2.488,42.619,-0.004332634751813554
77,23,-114.166,34.21,3.974,42.19,0.03054742818336856
77,24,-114.122,34.21,4.95,41.103,0.037771499427109924
77,25,-114.078,34.21,2.539,40.96,0.03825563351688855
77,26,-114.034,34.21,3.142,41.431,0.027972050209892952
77,27,-113.99,34.21,4.559,41.51,0.030689037407721487
77,28,-113.946,34.21,4.837,41.23,0.007609027770928352
77,29,-113.902,34.21,4.775,41.276,-0.0036681864760256637
77,30,-113.858,34.21,2.808,41.897,0.00322232647731103
77,31,-113.814,34.21,2.302,42.475,0.01704209650976153
77,32,-113.77,34.21,1.862,42.576,0.025801364492544877
77,33,-113.726,34.21,2.13,42.744,0.019858241961361895
77,34,-113.682,34.21,3.322,42.629,0.02515546529968125
77,35,-113.638,34.21,5.8,41.769,0.014563462672553538
77,36,-113.594,34.21,4.978,40.949,0.018427810072210272
77,37,-113.55,34.21,4.765,41.087,0.03396509355838667
77,38,-113.506,34.21,2.266,41.684,0.030359112591680178
77,39,-113.462,34.21,1.013,41.839,0.032550334776665774
77,40,-113.418,34.21,1.236,41.621,0.03210196140863756
77,41,-113.374,34.21,1.807,41.252,0.032788549154845345
77,42,-113.33,34.21,1.969,40.631,0.03415112354645587
77,43,-113.286,34.21,1.492,40.091,0.03236766725630538
77,44,-113.242,34.21,0.965,39.634,0.0361102420579021
77,45,-113.198,34.21,2.049,39.193,0.04560157265050745
77,46,-113.154,34.21,2.041,38.738,0.05008066645208517
77,47,-113.11,34.21,2.509,38.373,0.03143787632401128
77,48,-113.066,34.21,1.346,37.933,0.031041649002291578
77,49,-113.022,34.21,2.632,37.181,0.038580138340174056
77,50,-112.978,34.21,4.499,36.476,0.05922860018696511
77,51,-112.934,34.21,5.3,35.81,0.060501856453486616
77,52,-112.89,34.21,7.22,35.632,0.05832884954395413
77,53,-112.846,34.21,5.042,36.234,0.052168354839189475
77,54,-112.802,34.21,5.509,35.435,0.07235450351306354
77,55,-112.758,34.21,9.316,33.965,0.111207517332321
77,56,-112.714,34.21,9.515,33.551,0.10675484602357796
77,57,-112.67,34.21,7.794,32.396,0.1991481514593929
77,58,-112.626,34.21,5.103,33.633,0.14784172945141724
77,59,-112.582,34.21,5.253,34.978,0.11980009081434619
77,60,-112.538,34.21,3.535,36.143,0.10460104338853553
77,61,-112.494,34.21,6.163,34.798,0.13716035171197838
77,62,-112.45,34.21,5.033,33.633,0.14741328629706632
77,63,-112.406,34.21,7.108,31.53,0.16191554990350623
77,64,-112.362,34.21,8.283,30.341,0.2288848716724975
77,65,-112.318,34.21,10.865,30.812,0.1750792282074387
77,66,-112.274,34.21,10.996,32.27,0.1823196688961061
77,67,-112.23,34.21,11.275,34.247,0.1499567664438094
77,68,-112.186,34.21,5.977,37.298,0.10780105622448347
77,69,-112.142,34.21,4.759,37.3,0.062421468547903
77,70,-112.098,34.21,6.476,36.507,0.030873937549293472
77,71,-112.054,34.21,1.784,35.863,0.008145941445364206
77,72,-112.01,34.21,1.164,35.452,0.004232774207067887
77,73,-111.966,34.21,4.033,34.884,0.04011817517149525
77,74,-111.922,34.21,6.767,33.794,0.1108745677731566
77,75,-111.878,34.21,8.257,34.577,0.0931483089723747
77,76,-111.834,34.21,5.063,36.207,0.06742103902369216
77,77,-111.79,34.21,4.217,37.436,0.037233566565100004
77,78,-111.746,34.21,9.319,36.981,0.05749438290364175
77,79,-111.702,34.21,4.799,38.843,0.06643814452329211
77,80,-111.658,34.21,9.045,37.362,0.08847952855750257
77,81,-111.614,34.21,8.825,33.934,0.11420862333488246
77,82,-111.57,34.21,7.072,33.175,0.15036503586851013
77,83,-111.526,34.21,10.365,33.438,0.1659992094912158
77,84,-111.482,34.21,8.558,34.853,0.12651568722236417
77,85,-111.438,34.21,3.064,35.636,0.1013638342586029
77,86,-111.394,34.21,4.147,34.785,0.11953916317291947
77,87,-111.35,34.21,3.888,33.57,0.11304486949121736
77,88,-111.306,34.21,3.145,33.171,0.0796306774481831
77,89,-111.262,34.21,8.248,33.459,0.11783203005701305
77,90,-111.218,34.21,6.779,34.274,0.13022678497178522
77,91,-111.174,34.21,10.735,34.147,0.11695901585971795
77,92,-111.13,34.21,9.135,33.714,0.10563121949459363
77,93,-111.086,34.21,7.686,33.442,0.11895047405097033
77,94,-111.042,34.21,6.496,33.05,0.12734222640334117
77,95,-110.998,34.21,4.57,32.127,0.13192202543568188
77,96,-110.954,34.21,3.87,31.355,0.16527478022821387
77,97,-110.91,34.21,6.089,29.928,0.15741788008154328
77,98,-110.866,34.21,5.572,29.568,0.17413322467664216
77,99,-110.822,34.21,3.022,28.989,0.1568618775934582
77,100,-110.778,34.21,4.821,29.177,0.2130727741816008
77,101,-110.734,34.21,6.244,30.075,0.21060753665956938
77,102,-110.69,34.21,7.053,29.527,0.19581432954556516
77,103,-110.646,34.21,4.032,28.328,0.16729123571368823
77,104,-110.602,34.21,5.986,28.892,0.1673401970917494
77,105,-110.558,34.21,7.022,29.474,0.14427685736118478
77,106,-110.514,34.21,7.266,30.013,0.13180237407311912
77,107,-110.47,34.21,5.372,30.396,0.12744849530678215
77,108,-110.426,34.21,5.686,30.174,0.13657397473969218
77,109,-110.382,34.21,3.914,29.99,0.15893968939885994
77,110,-110.338,34.21,4.831,29.757,0.16065121683065686
77,111,-110.294,34.21,3.967,29.369,0.18626896173482305
77,112,-110.25,34.21,3.49,29.363,0.18681973921584105
77,113,-110.206,34.21,3.088,29.793,0.1680828342801388
77,114,-110.162,34.21,2.947,29.785,0.1557816754166243
77,115,-110.118,34.21,3.122,29.355,0.15155462620163385
77,116,-110.074,34.21,2.542,29.313,0.14267453509898081
77,117,-110.03,34.21,1.883,29.325,0.10812455995677364
77,118,-109.986,34.21,1.714,29.326,0.08281471036685709
77,119,-109.942,34.21,2.417,28.698,0.13182396529255172
77,120,-109.898,34.21,1.743,28.307,0.10540834814553934
77,121,-109.854,34.21,2.336,28.072,0.07714937094679253
77,122,-109.81,34.21,1.823,27.505,0.10413664065736498
77,123,-109.766,34.21,2.367,27.108,0.1269530033672235
77,124,-109.722,34.21,3.332,26.829,0.09967423101215062
77,125,-109.678,34.21,3.321,27.017,0.06886923153387942
77,126,-109.634,34.21,2.535,26.739,0.09936429723132344
77,127,-109.59,34.21,2.884,26.308,0.08442698890521096
77,128,-109.546,34.21,3.614,26.327,0.03291571196631438
77,129,-109.502,34.21,2.315,26.805,0.008505765760439684
77,130,-109.458,34.21,2.956,27.471,0.01769565440564215
77,131,-109.414,34.21,2.769,28.635,0.020746357620507482
77,132,-109.37,34.21,1.352,29.687,0.021334444526697083
77,133,-109.326,34.21,1.098,30.102,0.02008161423692255
77,134,-109.282,34.21,2.088,29.86,0.02691586616692134
77,135,-109.238,34.21,2.414,29.335,0.028968802823564514
77,136,-109.194,34.21,2.595,29.459,0.048425566872342306
77,137,-109.15,34.21,1.813,29.257,0.051884773120405965
77,138,-109.106,34.21,1.597,28.809,0.06071832650996682
77,139,-109.062,34.21,1.957,28.476,0.05397187126348119
77,140,-109.018,34.21,1.863,28.172,0.021342944514586657
78,0,-115.178,34.254,0.572,42.928,-0.02247495928040869
78,1,-115.134,34.254,0.126,42.915,-0.02508991239734409
78,2,-115.09,34.254,0.252,42.947,-0.02294449521110336
78,3,-115.046,34.254,0.479,42.889,-0.02566908528700478
78,4,-115.002,34.254,1.44,42.525,-0.03253791387653768
78,5,-114.958,34.254,1.886,41.55,-0.04283390803481853
78,6,-114.914,34.254,2.914,40.349,-0.04677039814273564
78,7,-114.87,34.254,4.897,38.817,-0.046219116856411904
78,8,-114.826,34.254,8.778,38.354,-0.03761599565577626
78,9,-114.782,34.254,4.808,39.576,-0.026297257055550312
78,10,-114.738,34.254,3.907,40.496,-0.027089693869192587
78,11,-114.694,34.254,3.394,41.472,-0.022647188403317996
78,12,-114.65,34.254,0.847,42.136,-0.02615588012245373
78,13,-114.606,34.254,0.859,42.187,-0.0316768681280693
78,14,-114.562,34.254,1.255,42.031,-0.03929790802972629
78,15,-114.518,34.254,1.576,41.951,-0.04245577909185441
78,16,-114.474,34.254,1.286,41.804,-0.04926087224103406
78,17,-114.43,34.254,2.145,41.376,-0.05112581099927413
78,18,-114.386,34.254,3.014,40.986,-0.05584094279985194
78,19,-114.342,34.254,4.435,40.956,-0.055094667162992945
78,20,-114.298,34.254,3.345,41.864,-0.053198337401396
78,21,-114.254,34.254,3.101,42.308,-0.03842439108971508
78,22,-114.21,34.254,2.592,42.565,-0.04345254775098639
78,23,-114.166,34.254,2.836,42.519,-0.021464809900110716
78,24,-114.122,34.254,6.181,41.816,0.03256439192600972
78,25,-114.078,34.254,5.253,40.982,0.040796522289057155
78,26,-114.034,34.254,5.999,41.849,0.05165097740381091
78,27,-113.99,34.254,4.279,42.471,0.056625593854880994
78,28,-113.946,34.254,2.668,42.533,0.03385317044607723
78,29,-113.902,34.254,2.542,42.521,0.0018154307553739778
78,30,-113.858,34.254,5.929,42.496,0.017618121554812
78,31,-113.814,34.254,2.981,42.504,0.0022922671017283174
78,32,-113.77,34.254,3.305,42.553,0.013569841623608424
78,33,-113.726,34.254,4.148,42.387,0.013711792205946009
78,34,-113.682,34.254,4.973,41.631,0.010990413328823122
78,35,-113.638,34.254,4.46,41.792,0.016826882965224946
78,36,-113.594,34.254,3.524,42.713,-0.01652513186366805
78,37,-113.55,34.254,1.667,42.719,-0.014631207985459603
78,38,-113.506,34.254,0.996,42.555,0.02928565624191325
78,39,-113.462,34.254,1.214,42.316,0.02954736238794754
78,40,-113.418,34.254,2.165,41.777,0.02784738806781032
78,41,-113.374,34.254,1.934,40.848,0.024595364748804374
78,42,-113.33,34.254,1.275,40.294,0.02953521769744919
78,43,-113.286,34.254,0.723,39.839,0.030641257353357387
78,44,-113.242,34.254,0.766,39.471,0.03336691567709831
78,45,-113.198,34.254,4.422,38.562,0.04503734048640372
78,46,-113.154,34.254,3.579,37.745,0.048553143823287355
78,47,-113.11,34.254,0.991,38.026,0.027456945565485273
78,48,-113.066,34.254,1.155,37.59,0.024478982550521396
78,49,-113.022,34.254,2.336,37.12,0.03519463835852381
78,50,-112.978,34.254,3.445,36.726,0.06302962333418266
78,51,-112.934,34.254,4.231,36.289,0.05507375946239282
78,52,-112.89,34.254,3.225,36.103,0.05964558658227365
78,53,-112.846,34.254,6.156,35.14,0.07750012210773369
78,54,-112.802,34.254,10.823,32.927,0.14268609108935962
78,55,-112.758,34.254,3.106,32.973,0.12015571320851888
78,56,-112.714,34.254,5.159,32.895,0.09775399082891982
78,57,-112.67,34.254,8.472,31.994,0.1506271346793393
78,58,-112.626,34.254,6.878,33.136,0.1646516008837556
78,59,-112.582,34.254,4.139,35.022,0.12737258857333578
78,60,-112.538,34.254,1.718,36.11,0.1018963043708873
78,61,-112.494,34.254,4.312,35.446,0.08951139640999718
78,62,-112.45,34.254,5.261,34.224,0.09727256341913787
78,63,-112.406,34.254,10.771,31.183,0.14843581422016705
78,64,-112.362,34.254,9.513,30.321,0.19379859618659806
78,65,-112.318,34.254,11.447,31.269,0.18115907137829082
78,66,-112.274,34.254,10.971,34.114,0.14054375893786017
78,67,-112.23,34.254,8.146,36.231,0.13059406165862297
78,68,-112.186,34.254,5.281,37.37,0.09535043603941261
78,69,-112.142,34.254,4.061,37.363,0.06318243856675192
78,70,-112.098,34.254,3.3,36.765,0.029880091790409777
78,71,-112.054,34.254,3.711,36.306,0.023232635511061556
78,72,-112.01,34.254,2.098,35.829,0.006095802778002857
78,73,-111.966,34.254,2.941,35.19,0.03221790827705865
78,74,-111.922,34.254,4.831,34.313,0.09983747792446065
78,75,-111.878,34.254,8.001,33.484,0.14082323682860295
78,76,-111.834,34.254,8.18,34.342,0.14702553793912018
78,77,-111.79,34.254,6.075,35.348,0.11480809471101724
78,78,-111.746,34.254,5.474,35.286,0.10114142943318957
78,79,-111.702,34.254,9.752,36.927,0.1100922316475007
78,80,-111.658,34.254,8.747,37.144,0.10426115841357976
78,81,-111.614,34.254,9.147,35.509,0.1183524007238035
78,82,-111.57,34.254,11.361,35.729,0.08941392781375788
78,83,-111.526,34.254,5.857,35.268,0.08133477315701254
78,84,-111.482,34.254,4.173,35.447,0.10839845343065298
78,85,-111.438,34.254,3.401,35.323,0.12374125248433807
78,86,-111.394,34.254,5.772,34.267,0.14477292324928903
78,87,-111.35,34.254,2.348,32.932,0.10827496517130798
78,88,-111.306,34.254,1.943,33.112,0.08876620154960442
78,89,-111.262,34.254,2.149,33.579,0.1342807824828982
78,90,-111.218,34.254,3.191,33.623,0.17005285653083968
78,91,-111.174,34.254,7.469,32.761,0.1517050923728218
78,92,-111.13,34.254,7.507,32.202,0.13855915168947572
78,93,-111.086,34.254,8.242,32.701,0.1261747823277415
78,94,-111.042,34.254,7.609,31.925,0.1736796363447384
78,95,-110.998,34.254,7.023,31.17,0.20057772692657508
78,96,-110.954,34.254,6.992,30.535,0.18508257888914545
78,97,-110.91,34.254,4.956,29.902,0.15784272032745686
78,98,-110.866,34.254,5.738,29.075,0.17391444881763388
78,99,-110.822,34.254,4.701,28.442,0.1965140604055132
78,100,-110.778,34.254,5.501,29.319,0.21726166376511463
78,101,-110.734,34.254,5.111,29.294,0.21355480036560975
78,102,-110.69,34.254,4.525,28.941,0.17528780257169577
78,103,-110.646,34.254,3.046,28.229,0.1578618059931312
78,104,-110.602,34.254,4.858,28.69,0.1674592751277344
78,105,-110.558,34.254,4.716,29.199,0.14610382498479252
78,106,-110.514,34.254,4.62,29.406,0.15387944280159715
78,107,-110.47,34.254,4.293,29.505,0.1537887130166662
78,108,-110.426,34.254,4.856,29.647,0.14275121883300027
78,109,-110.382,34.254,2.936,29.594,0.17744861522939182
78,110,-110.338,34.254,2.2,29.257,0.14470891234498745
78,111,-110.294,34.254,1.565,29.048,0.15024086262598357
78,112,-110.25,34.254,1.86,29.248,0.16131015401968282
78,113,-110.206,34.254,2.867,29.354,0.16020014973489186
78,114,-110.162,34.254,2.254,29.537,0.10332787734806846
78,115,-110.118,34.254,1.826,29.677,0.08968135194194116
78,116,-110.074,34.254,1.567,29.776,0.08836577918758917
78,117,-110.03,34.254,1.38,29.738,0.019309845536756375
78,118,-109.986,34.254,1.318,29.527,0.007707966843955179
78,119,-109.942,34.254,1.51,29.209,0.036581177477004866
78,120,-109.898,34.254,1.378,29.047,0.02392597335739844
78,121,-109.854,34.254,1.514,28.638,0.022369196062598656
78,122,-109.81,34.254,2.432,28.421,0.03883448614941494
78,123,-109.766,34.254,3.256,28.418,0.06611206193838626
78,124,-109.722,34.254,1.965,28.146,0.051938889321942724
78,125,-109.678,34.254,1.703,28.412,0.02655600744620726
78,126,-109.634,34.254,2.64,28.273,0.04305917231494533
78,127,-109.59,34.254,4.568,27.486,0.06886830570286802
78,128,-109.546,34.254,2.134,27.294,0.01941135625853381
78,129,-109.502,34.254,2.836,28.266,0.005857776594088159
78,130,-109.458,34.254,2.894,29.013,0.006901642700823812
78,131,-109.414,34.254,2.427,30.032,0.013623654204622682
78,132,-109.37,34.254,2.116,30.764,0.01890537790503108
78,133,-109.326,34.254,1.624,30.666,0.018299389565156296
78,134,-109.282,34.254,2.419,30.283,0.014013421896149975
78,135,-109.238,34.254,1.878,30.108,0.02562353560212015
78,136,-109.194,34.254,2.688,30.124,0.03315851609190535
78,137,-109.15,34.254,2.192,29.385,0.04493890428567272
78,138,-109.106,34.254,0.955,28.896,0.03615944359219558
78,139,-109.062,34.254,1.07,28.651,0.0466833792655661
78,140,-109.018,34.254,2.838,28.638,0.009278244863821065
79,0,-115.178,34.298,3.36,42.538,-0.038703143787226384
79,1,-115.134,34.298,1.116,42.876,-0.032458251202258225
79,2,-115.09,34.298,0.528,42.88,-0.022827898126827582
79,3,-115.046,34.298,0.55,42.809,-0.026158414862225227
79,4,-115.002,34.298,1.349,42.224,-0.03632593603665236
79,5,-114.958,34.298,4.586,40.632,-0.04290205723066343
79,6,-114.914,34.298,5.201,38.768,-0.04374221286152074
79,7,-114.87,34.298,6.469,37.811,-0.03896020565770389
79,8,-114.826,34.298,6.329,38.178,-0.03369473163314485
79,9,-114.782,34.298,3.949,39.145,-0.02522290750705638
79,10,-114.738,34.298,7.725,40.093,-0.026258180421810082
79,11,-114.694,34.298,2.889,41.339,-0.02520844869208208
79,12,-114.65,34.298,0.93,41.858,-0.026208948599486304
79,13,-114.606,34.298,1.192,41.703,-0.03407695234344017
79,14,-114.562,34.298,3.109,40.825,-0.04536175850030375
79,15,-114.518,34.298,4.758,40.459,-0.04829915539011762
79,16,-114.474,34.298,3.794,39.981,-0.060098839595925435
79,17,-114.43,34.298,8.468,38.605,-0.06364782241286694
79,18,-114.386,34.298,6.733,38.629,-0.057155024070262836
79,19,-114.342,34.298,6.932,39.549,-0.04643980530909445
79,20,-114.298,34.298,6.838,40.151,-0.04042297293832389
79,21,-114.254,34.298,7.421,41.227,-0.03539223932503289
79,22,-114.21,34.298,5.646,41.513,
79,23,-114.166,34.298,4.326,42.502,-0.0267062121171745
79,24,-114.122,34.298,4.687,42.481,-0.01831832685958794
79,25,-114.078,34.298,6.915,42.266,0.046838784246670595
79,26,-114.034,34.298,4.007,42.246,0.024580978263955434
79,27,-113.99,34.298,3.095,42.266,0.03374815915852814
79,28,-113.946,34.298,1.333,42.546,0.0017605194863096107
79,29,-113.902,34.298,1.482,42.501,-0.0029978990261158496
79,30,-113.858,34.298,3.625,42.217,0.005869625761970243
79,31,-113.814,34.298,2.463,41.875,0.0007430791251584219
79,32,-113.77,34.298,3.855,41.068,0.010639301945194442
79,33,-113.726,34.298,5.821,40.149,0.013925714214134039
79,34,-113.682,34.298,3.13,40.551,0.01057023113120652
79,35,-113.638,34.298,2.235,41.8,0.016500342552700324
79,36,-113.594,34.298,2.096,42.614,0.01955813420834481
79,37,-113.55,34.298,1.282,42.944,0.015461880233988048
79,38,-113.506,34.298,1.414,42.819,0.06287346299287164
79,39,-113.462,34.298,1.351,42.582,0.06213614717732721
79,40,-113.418,34.298,1.931,42.298,0.05868957745872343
79,41,-113.374,34.298,2.665,41.99,0.054910640740896924
79,42,-113.33,34.298,2.964,41.238,0.02915301054150301
79,43,-113.286,34.298,2.521,40.176,0.027142068687212334
79,44,-113.242,34.298,2.493,39.292,0.039163906842763524
79,45,-113.198,34.298,3.953,38.309,0.03608755440204494
79,46,-113.154,34.298,4.773,38.131,0.04245958837362922
79,47,-113.11,34.298,1.561,38.56,0.026677031275824055
79,48,-113.066,34.298,1.952,37.621,0.02954314410969384
79,49,-113.022,34.298,2.648,36.445,0.03788711535843375
79,50,-112.978,34.298,3.949,36.1,0.04948949786133419
79,51,-112.934,34.298,1.187,36.434,0.045299264191021454
79,52,-112.89,34.298,3.73,35.85,0.06509321395871495
79,53,-112.846,34.298,7.343,34.244,0.10053455298248502
79,54,-112.802,34.298,5.296,32.889,0.16057574416050474
79,55,-112.758,34.298,2.233,33.266,0.13355483721208755
79,56,-112.714,34.298,1.775,33.602,0.09449542568333463
79,57,-112.67,34.298,3.746,33.175,0.11390461005091748
79,58,-112.626,34.298,3.217,33.57,0.15041662640774406
79,59,-112.582,34.298,3.767,34.772,0.12073145895775907
79,60,-112.538,34.298,4.877,35.252,0.0998664817139661
79,61,-112.494,34.298,3.827,34.974,0.0992450382039383
79,62,-112.45,34.298,4.915,33.931,0.12226803654454363
79,63,-112.406,34.298,6.552,31.98,0.14556984635274353
79,64,-112.362,34.298,6.067,31.851,0.1720843271862158
79,65,-112.318,34.298,6.548,32.767,0.154890697985639
79,66,-112.274,34.298,8.737,33.983,0.15411244207153937
79,67,-112.23,34.298,4.533,36.12,0.13135426118633145
79,68,-112.186,34.298,4.579,36.592,0.09903191467822482
79,69,-112.142,34.298,3.22,36.207,0.07185575517602653
79,70,-112.098,34.298,2.682,36.141,0.04299647099293277
79,71,-112.054,34.298,2.877,36.289,0.024087712300108664
79,72,-112.01,34.298,2.8,35.854,0.0056375021227228084
79,73,-111.966,34.298,3.02,35.016,0.02103162740930665
79,74,-111.922,34.298,4.526,34.014,0.07074007870431166
79,75,-111.878,34.298,7.177,32.939,0.12197453092979244
79,76,-111.834,34.298,6.226,31.862,0.15270458222349964
79,77,-111.79,34.298,10.699,31.252,0.19969985298720985
79,78,-111.746,34.298,9.686,33.713,0.15827927047741364
79,79,-111.702,34.298,8.705,37.509,0.10391688301424601
79,80,-111.658,34.298,8.894,38.33,0.09265875355973957
79,81,-111.614,34.298,9.195,34.941,0.09689409712898525
79,82,-111.57,34.298,8.609,34.284,0.0895488248406087
79,83,-111.526,34.298,4.604,33.536,0.09855411047277872
79,84,-111.482,34.298,5.878,33.611,0.14532875739304243
79,85,-111.438,34.298,4.99,33.372,0.17068480856303683
79,86,-111.394,34.298,6.811,33.058,0.17015032387449464
79,87,-111.35,34.298,3.934,33.3,0.13905587406340872
79,88,-111.306,34.298,2.292,32.983,0.0906994374821123
79,89,-111.262,34.298,2.734,32.825,0.10578188880195645
79,90,-111.218,34.298,4.529,32.292,0.21148827986884314
79,91,-111.174,34.298,4.969,31.631,0.1970185654017871
79,92,-111.13,34.298,4.25,31.465,0.17459461556864966
79,93,-111.086,34.298,4.706,31.728,0.18967521061189885
79,94,-111.042,34.298,9.537,30.687,0.17762741616845204
79,95,-110.998,34.298,5.436,30.123,0.17307337914677423
79,96,-110.954,34.298,5.104,29.84,0.17159287385355187
79,97,-110.91,34.298,6.551,29.184,0.13100802363673358
79,98,-110.866,34.298,4.019,27.669,0.09947509931782397
79,99,-110.822,34.298,5.632,27.615,0.16412791798628135
79,100,-110.778,34.298,6.285,28.693,0.17788958896821466
79,101,-110.734,34.298,4.069,27.927,0.18579272392800297
79,102,-110.69,34.298,3.906,27.784,0.14603001943066973
79,103,-110.646,34.298,3.018,27.668,0.13949314883156821
79,104,-110.602,34.298,3.577,27.936,0.13103311004218693
79,105,-110.558,34.298,2.982,28.385,0.1402558711415624
79,106,-110.514,34.298,2.535,28.537,0.14784777366793594
79,107,-110.47,34.298,2.58,28.75,0.1472915562863966
79,108,-110.426,34.298,2.85,28.788,0.1483905681237168
79,109,-110.382,34.298,2.677,28.911,0.1534821255560329
79,110,-110.338,34.298,2.407,29.275,0.1002089491147039
79,111,-110.294,34.298,2.467,29.312,0.16153249006993964
79,112,-110.25,34.298,2.49,29.476,0.12309978828294753
79,113,-110.206,34.298,2.091,29.761,0.12080626777167819
79,114,-110.162,34.298,2.089,30.021,0.09012747266115614
79,115,-110.118,34.298,1.46,30.409,0.04210179265965535
79,116,-110.074,34.298,1.458,30.37,0.03655383830531819
79,117,-110.03,34.298,0.473,29.949,-0.012862475278758332
79,118,-109.986,34.298,0.681,29.796,-0.006437852779907957
79,119,-109.942,34.298,0.839,29.77,0.03833623943555007
79,120,-109.898,34.298,1.471,29.697,0.04256331740575076
79,121,-109.854,34.298,2.181,29.577,0.0023616438732583346
79,122,-109.81,34.298,2.175,29.277,0.03822813103508134
79,123,-109.766,34.298,1.696,28.821,0.060576803219455286
79,124,-109.722,34.298,1.574,28.853,0.034580766779917296
79,125,-109.678,34.298,1.062,29.231,0.0071194290164823424
79,126,-109.634,34.298,1.567,29.344,0.024779566878633724
79,127,-109.59,34.298,3.503,28.914,0.029767077710226783
79,128,-109.546,34.298,2.569,28.738,0.006232820124999491
79,129,-109.502,34.298,1.768,29.568,-0.0002577404977002739
79,130,-109.458,34.298,1.581,30.194,0.013967950498594133
79,131,-109.414,34.298,1.3,30.807,0.0052994683742236285
79,132,-109.37,34.298,1.717,31.321,0.016777974007711735
79,133,-109.326,34.298,2.534,31.412,0.016897075254937284
79,134,-109.282,34.298,2.186,30.977,0.015191306369108308
79,135,-109.238,34.298,1.464,30.335,0.019979969225970815
79,136,-109.194,34.298,1.695,29.945,0.029409977463142112
79,137,-109.15,34.298,0.918,29.531,0.03966276687692202
79,138,-109.106,34.298,0.639,29.188,0.04235394091239669
79,139,-109.062,34.298,1.68,28.961,0.04505128931190371
79,140,-109.018,34.298,1.836,29.266,
