cell_id,row,col,lon,lat,Post,D_i,deaths,dist_fence_km,dist_gap_km,Post_x_Di,Post_x_fence,Post_x_gap,sector,apprehensions,log_apprehensions
12_93,12,93,-111.086,31.35,0.0,-1.473208270078954,0,1.5475815324661426,1.5354789507509,-0.0,0.0,0.0,tucson,431012,12.973891210925675
12_93,12,93,-111.086,31.35,1.0,-1.473208270078954,1,1.5475815324661426,1.5354789507509,-1.473208270078954,1.5475815324661426,1.5354789507509,tucson,125527,11.740276153857035
12_94,12,94,-111.042,31.35,0.0,-2.6200738423733165,1,2.348753908728394,2.0096970106572014,-0.0,0.0,0.0,tucson,431012,12.973891210925675
12_94,12,94,-111.042,31.35,1.0,-2.6200738423733165,1,2.348753908728394,2.0096970106572014,-2.6200738423733165,2.348753908728394,2.0096970106572014,tucson,125527,11.740276153857035
12_95,12,95,-110.998,31.35,0.0,-2.9125585953053292,3,1.8943761188918549,5.057870940579187,-0.0,0.0,0.0,tucson,431012,12.973891210925675
12_95,12,95,-110.998,31.35,1.0,-2.9125585953053292,4,1.8943761188918549,5.057870940579187,-2.9125585953053292,1.8943761188918549,5.057870940579187,tucson,125527,11.740276153857035
12_96,12,96,-110.95400000000001,31.35,0.0,-3.571334599978719,6,1.9145544042978977,9.064307019454331,-0.0,0.0,0.0,tucson,431012,12.973891210925675
12_96,12,96,-110.95400000000001,31.35,1.0,-3.571334599978719,7,1.9145544042978977,9.064307019454331,-3.571334599978719,1.9145544042978977,9.064307019454331,tucson,125527,11.740276153857035
12_97,12,97,-110.91,31.35,0.0,-3.5643141692662152,5,1.8735860833937719,13.182478225066111,-0.0,0.0,0.0,tucson,431012,12.973891210925675
12_97,12,97,-110.91,31.35,1.0,-3.5643141692662152,6,1.8735860833937719,13.182478225066111,-3.5643141692662152,1.8735860833937719,13.182478225066111,tucson,125527,11.740276153857035
12_98,12,98,-110.866,31.35,0.0,-3.09671702031132,1,1.8016554898737993,10.77982993937617,-0.0,0.0,0.0,tucson,431012,12.973891210925675
12_98,12,98,-110.866,31.35,1.0,-3.09671702031132,0,1.8016554898737993,10.77982993937617,-3.09671702031132,1.8016554898737993,10.77982993937617,tucson,125527,11.740276153857035
12_100,12,100,-110.778,31.35,0.0,-2.8694063425537117,2,1.8232759728564998,2.9043468108856767,-0.0,0.0,0.0,tucson,431012,12.973891210925675
12_100,12,100,-110.778,31.35,1.0,-2.8694063425537117,1,1.8232759728564998,2.9043468108856767,-2.8694063425537117,1.8232759728564998,2.9043468108856767,tucson,125527,11.740276153857035
12_101,12,101,-110.73400000000001,31.35,0.0,0.5490276695277335,1,3.2762423913811354,1.8516248411962388,0.0,0.0,0.0,tucson,431012,12.973891210925675
12_101,12,101,-110.73400000000001,31.35,1.0,0.5490276695277335,1,3.2762423913811354,1.8516248411962388,0.5490276695277335,3.2762423913811354,1.8516248411962388,tucson,125527,11.740276153857035
12_102,12,102,-110.69,31.35,0.0,-0.5413666999293945,1,1.8468478461327642,3.932425287828517,-0.0,0.0,0.0,tucson,431012,12.973891210925675
12_102,12,102,-110.69,31.35,1.0,-0.5413666999293945,0,1.8468478461327642,3.932425287828517,-0.5413666999293945,1.8468478461327642,3.932425287828517,tucson,125527,11.740276153857035
12_103,12,103,-110.646,31.35,0.0,-1.637743698274004,0,1.862230237041713,7.877401739215949,-0.0,0.0,0.0,tucson,431012,12.973891210925675
12_103,12,103,-110.646,31.35,1.0,-1.637743698274004,2,1.862230237041713,7.877401739215949,-1.637743698274004,1.862230237041713,7.877401739215949,tucson,125527,11.740276153857035
12_112,12,112,-110.25,31.35,0.0,-0.5349587050996543,0,1.799384529550643,45.36625075270351,-0.0,0.0,0.0,tucson,431012,12.973891210925675
12_112,12,112,-110.25,31.35,1.0,-0.5349587050996543,1,1.799384529550643,45.36625075270351,-0.5349587050996543,1.799384529550643,45.36625075270351,tucson,125527,11.740276153857035
12_114,12,114,-110.162,31.35,0.0,-3.0527246909862553,0,1.7584988857520898,53.731880911748156,-0.0,0.0,0.0,tucson,431012,12.973891210925675
12_114,12,114,-110.162,31.35,1.0,-3.0527246909862553,1,1.7584988857520898,53.731880911748156,-3.0527246909862553,1.7584988857520898,53.731880911748156,tucson,125527,11.740276153857035
12_115,12,115,-110.11800000000001,31.35,0.0,-2.8235228205344636,0,1.756320207444906,57.915377208322035,-0.0,0.0,0.0,tucson,431012,12.973891210925675
12_115,12,115,-110.11800000000001,31.35,1.0,-2.8235228205344636,2,1.756320207444906,57.915377208322035,-2.8235228205344636,1.756320207444906,57.915377208322035,tucson,125527,11.740276153857035
12_116,12,116,-110.074,31.35,0.0,-2.932577717668207,0,1.7632556147819678,62.09921602806481,-0.0,0.0,0.0,tucson,431012,12.973891210925675
12_116,12,116,-110.074,31.35,1.0,-2.932577717668207,1,1.7632556147819678,62.09921602806481,-2.932577717668207,1.7632556147819678,62.09921602806481,tucson,125527,11.740276153857035
12_118,12,118,-109.986,31.35,0.0,-2.5054389327417668,0,1.759856299449836,70.46770796845732,-0.0,0.0,0.0,tucson,431012,12.973891210925675
12_118,12,118,-109.986,31.35,1.0,-2.5054389327417668,1,1.759856299449836,70.46770796845732,-2.5054389327417668,1.759856299449836,70.46770796845732,tucson,125527,11.740276153857035
12_120,12,120,-109.898,31.35,0.0,-2.578644005916906,0,1.7651102939738215,78.8370468475604,-0.0,0.0,0.0,tucson,431012,12.973891210925675
12_120,12,120,-109.898,31.35,1.0,-2.578644005916906,1,1.7651102939738215,78.8370468475604,-2.578644005916906,1.7651102939738215,78.8370468475604,tucson,125527,11.740276153857035
12_125,12,125,-109.678,31.35,0.0,-2.2598394886438005,0,1.7751847855760832,58.176396828163995,-0.0,0.0,0.0,tucson,431012,12.973891210925675
12_125,12,125,-109.678,31.35,1.0,-2.2598394886438005,1,1.7751847855760832,58.176396828163995,-2.2598394886438005,1.7751847855760832,58.176396828163995,tucson,125527,11.740276153857035
12_128,12,128,-109.546,31.35,0.0,-1.7699084488731414,0,1.7724958667020587,45.626355840055766,-0.0,0.0,0.0,tucson,431012,12.973891210925675
12_128,12,128,-109.546,31.35,1.0,-1.7699084488731414,1,1.7724958667020587,45.626355840055766,-1.7699084488731414,1.7724958667020587,45.626355840055766,tucson,125527,11.740276153857035
12_129,12,129,-109.50200000000001,31.35,0.0,-1.493071461697561,1,1.7739060211807496,41.44410710328236,-0.0,0.0,0.0,tucson,431012,12.973891210925675
12_129,12,129,-109.50200000000001,31.35,1.0,-1.493071461697561,2,1.7739060211807496,41.44410710328236,-1.493071461697561,1.7739060211807496,41.44410710328236,tucson,125527,11.740276153857035
12_139,12,139,-109.062,31.35,0.0,3.8493033124343077,0,2.961563571070285,1.1372498692093918,0.0,0.0,0.0,tucson,431012,12.973891210925675
12_139,12,139,-109.062,31.35,1.0,3.8493033124343077,1,2.961563571070285,1.1372498692093918,3.8493033124343077,2.961563571070285,1.1372498692093918,tucson,125527,11.740276153857035
13_90,13,90,-111.218,31.394000000000002,0.0,-0.6122631298425819,0,2.1862952548150485,1.682573871063612,-0.0,0.0,0.0,tucson,431012,12.973891210925675
13_90,13,90,-111.218,31.394000000000002,1.0,-0.6122631298425819,1,2.1862952548150485,1.682573871063612,-0.6122631298425819,2.1862952548150485,1.682573871063612,tucson,125527,11.740276153857035
13_94,13,94,-111.042,31.394000000000002,0.0,-2.905865092368992,1,6.794115728630126,6.844819694290244,-0.0,0.0,0.0,tucson,431012,12.973891210925675
13_94,13,94,-111.042,31.394000000000002,1.0,-2.905865092368992,2,6.794115728630126,6.844819694290244,-2.905865092368992,6.794115728630126,6.844819694290244,tucson,125527,11.740276153857035
13_95,13,95,-110.998,31.394000000000002,0.0,-2.7426842936620073,3,6.770579465718856,8.269503545185197,-0.0,0.0,0.0,tucson,431012,12.973891210925675
13_95,13,95,-110.998,31.394000000000002,1.0,-2.7426842936620073,3,6.770579465718856,8.269503545185197,-2.7426842936620073,6.770579465718856,8.269503545185197,tucson,125527,11.740276153857035
13_96,13,96,-110.95400000000001,31.394000000000002,0.0,-2.8959041016457956,4,6.790839799958004,11.177564361043546,-0.0,0.0,0.0,tucson,431012,12.973891210925675
13_96,13,96,-110.95400000000001,31.394000000000002,1.0,-2.8959041016457956,4,6.790839799958004,11.177564361043546,-2.8959041016457956,6.790839799958004,11.177564361043546,tucson,125527,11.740276153857035
13_97,13,97,-110.91,31.394000000000002,0.0,-2.8869954614004323,0,6.749386983305793,14.714325171526971,-0.0,0.0,0.0,tucson,431012,12.973891210925675
13_97,13,97,-110.91,31.394000000000002,1.0,-2.8869954614004323,1,6.749386983305793,14.714325171526971,-2.8869954614004323,6.749386983305793,14.714325171526971,tucson,125527,11.740276153857035
13_98,13,98,-110.866,31.394000000000002,0.0,-3.891445078967503,1,6.67693187644499,12.562858310819518,-0.0,0.0,0.0,tucson,431012,12.973891210925675
13_98,13,98,-110.866,31.394000000000002,1.0,-3.891445078967503,2,6.67693187644499,12.562858310819518,-3.891445078967503,6.67693187644499,12.562858310819518,tucson,125527,11.740276153857035
13_99,13,99,-110.822,31.394000000000002,0.0,-3.9937289931385793,1,6.685300011731702,9.298165997604421,-0.0,0.0,0.0,tucson,431012,12.973891210925675
13_99,13,99,-110.822,31.394000000000002,1.0,-3.9937289931385793,1,6.685300011731702,9.298165997604421,-3.9937289931385793,6.685300011731702,9.298165997604421,tucson,125527,11.740276153857035
13_101,13,101,-110.73400000000001,31.394000000000002,0.0,0.8215481030563812,0,7.242867487800377,6.721648946158796,0.0,0.0,0.0,tucson,431012,12.973891210925675
13_101,13,101,-110.73400000000001,31.394000000000002,1.0,0.8215481030563812,1,7.242867487800377,6.721648946158796,0.8215481030563812,7.242867487800377,6.721648946158796,tucson,125527,11.740276153857035
13_102,13,102,-110.69,31.394000000000002,0.0,-0.41743707502329097,1,6.721468037814962,7.565268437256886,-0.0,0.0,0.0,tucson,431012,12.973891210925675
13_102,13,102,-110.69,31.394000000000002,1.0,-0.41743707502329097,0,6.721468037814962,7.565268437256886,-0.41743707502329097,6.721468037814962,7.565268437256886,tucson,125527,11.740276153857035
13_106,13,106,-110.51400000000001,31.394000000000002,0.0,-2.2924512232021166,1,6.77517009335474,21.298648896209283,-0.0,0.0,0.0,tucson,431012,12.973891210925675
13_106,13,106,-110.51400000000001,31.394000000000002,1.0,-2.2924512232021166,0,6.77517009335474,21.298648896209283,-2.2924512232021166,6.77517009335474,21.298648896209283,tucson,125527,11.740276153857035
13_116,13,116,-110.074,31.394000000000002,0.0,-3.2392078239710105,0,6.63599007036806,62.42031709593908,-0.0,0.0,0.0,tucson,431012,12.973891210925675
13_116,13,116,-110.074,31.394000000000002,1.0,-3.2392078239710105,1,6.63599007036806,62.42031709593908,-3.2392078239710105,6.63599007036806,62.42031709593908,tucson,125527,11.740276153857035
13_117,13,117,-110.03,31.394000000000002,0.0,-2.982719983054764,1,6.635346160202827,66.58239015140032,-0.0,0.0,0.0,tucson,431012,12.973891210925675
13_117,13,117,-110.03,31.394000000000002,1.0,-2.982719983054764,0,6.635346160202827,66.58239015140032,-2.982719983054764,6.635346160202827,66.58239015140032,tucson,125527,11.740276153857035
13_131,13,131,-109.414,31.394000000000002,0.0,0.766681135135526,1,6.649813533456477,33.71696022894408,0.0,0.0,0.0,tucson,431012,12.973891210925675
13_131,13,131,-109.414,31.394000000000002,1.0,0.766681135135526,1,6.649813533456477,33.71696022894408,0.766681135135526,6.649813533456477,33.71696022894408,tucson,125527,11.740276153857035
13_137,13,137,-109.15,31.394000000000002,0.0,1.4179821243240904,0,6.769341929994394,9.508535519044758,0.0,0.0,0.0,tucson,431012,12.973891210925675
13_137,13,137,-109.15,31.394000000000002,1.0,1.4179821243240904,1,6.769341929994394,9.508535519044758,1.4179821243240904,6.769341929994394,9.508535519044758,tucson,125527,11.740276153857035
14_87,14,87,-111.35000000000001,31.438000000000002,0.0,-1.000621721890536,2,1.789783689786078,2.816341543850378,-0.0,0.0,0.0,tucson,431012,12.973891210925675
14_87,14,87,-111.35000000000001,31.438000000000002,1.0,-1.000621721890536,0,1.789783689786078,2.816341543850378,-1.000621721890536,1.789783689786078,2.816341543850378,tucson,125527,11.740276153857035
14_88,14,88,-111.306,31.438000000000002,0.0,-1.0165204627756728,0,4.712175563773774,3.252467335293037,-0.0,0.0,0.0,tucson,431012,12.973891210925675
14_88,14,88,-111.306,31.438000000000002,1.0,-1.0165204627756728,2,4.712175563773774,3.252467335293037,-1.0165204627756728,4.712175563773774,3.252467335293037,tucson,125527,11.740276153857035
14_89,14,89,-111.262,31.438000000000002,0.0,-0.9684695425464873,2,5.895252896267637,4.712017633867943,-0.0,0.0,0.0,tucson,431012,12.973891210925675
14_89,14,89,-111.262,31.438000000000002,1.0,-0.9684695425464873,2,5.895252896267637,4.712017633867943,-0.9684695425464873,5.895252896267637,4.712017633867943,tucson,125527,11.740276153857035
14_90,14,90,-111.218,31.438000000000002,0.0,-1.124791177526598,1,6.140703960173833,6.556320395462804,-0.0,0.0,0.0,tucson,431012,12.973891210925675
14_90,14,90,-111.218,31.438000000000002,1.0,-1.124791177526598,2,6.140703960173833,6.556320395462804,-1.124791177526598,6.140703960173833,6.556320395462804,tucson,125527,11.740276153857035
14_91,14,91,-111.174,31.438000000000002,0.0,-1.7441082552590814,0,8.470334661359482,7.651230961901817,-0.0,0.0,0.0,tucson,431012,12.973891210925675
14_91,14,91,-111.174,31.438000000000002,1.0,-1.7441082552590814,1,8.470334661359482,7.651230961901817,-1.7441082552590814,8.470334661359482,7.651230961901817,tucson,125527,11.740276153857035
14_92,14,92,-111.13000000000001,31.438000000000002,0.0,-0.017790586674665043,1,11.862416818886302,9.118273408486402,-0.0,0.0,0.0,tucson,431012,12.973891210925675
14_92,14,92,-111.13000000000001,31.438000000000002,1.0,-0.017790586674665043,1,11.862416818886302,9.118273408486402,-0.017790586674665043,11.862416818886302,9.118273408486402,tucson,125527,11.740276153857035
14_93,14,93,-111.086,31.438000000000002,0.0,-2.1677994871767265,1,10.94869316015155,10.588143526349832,-0.0,0.0,0.0,tucson,431012,12.973891210925675
14_93,14,93,-111.086,31.438000000000002,1.0,-2.1677994871767265,0,10.94869316015155,10.588143526349832,-2.1677994871767265,10.94869316015155,10.588143526349832,tucson,125527,11.740276153857035
14_94,14,94,-111.042,31.438000000000002,0.0,-3.6799197920159212,1,11.343579095927225,11.714403269462844,-0.0,0.0,0.0,tucson,431012,12.973891210925675
14_94,14,94,-111.042,31.438000000000002,1.0,-3.6799197920159212,4,11.343579095927225,11.714403269462844,-3.6799197920159212,11.343579095927225,11.714403269462844,tucson,125527,11.740276153857035
14_95,14,95,-110.998,31.438000000000002,0.0,-4.209251912627221,2,11.647137832478709,12.599615471610786,-0.0,0.0,0.0,tucson,431012,12.973891210925675
14_95,14,95,-110.998,31.438000000000002,1.0,-4.209251912627221,2,11.647137832478709,12.599615471610786,-4.209251912627221,11.647137832478709,12.599615471610786,tucson,125527,11.740276153857035
14_96,14,96,-110.95400000000001,31.438000000000002,0.0,-4.010189029724081,5,11.66622417606246,14.672327588862132,-0.0,0.0,0.0,tucson,431012,12.973891210925675
14_96,14,96,-110.95400000000001,31.438000000000002,1.0,-4.010189029724081,0,11.66622417606246,14.672327588862132,-4.010189029724081,11.66622417606246,14.672327588862132,tucson,125527,11.740276153857035
14_99,14,99,-110.822,31.438000000000002,0.0,-3.182874805196789,2,11.561418180673114,13.25418199608083,-0.0,0.0,0.0,tucson,431012,12.973891210925675
14_99,14,99,-110.822,31.438000000000002,1.0,-3.182874805196789,3,11.561418180673114,13.25418199608083,-3.182874805196789,11.561418180673114,13.25418199608083,tucson,125527,11.740276153857035
14_104,14,104,-110.602,31.438000000000002,0.0,-4.104747302206547,0,11.63681498183855,16.57299332766408,-0.0,0.0,0.0,tucson,431012,12.973891210925675
14_104,14,104,-110.602,31.438000000000002,1.0,-4.104747302206547,1,11.63681498183855,16.57299332766408,-4.104747302206547,11.63681498183855,16.57299332766408,tucson,125527,11.740276153857035
14_109,14,109,-110.382,31.438000000000002,0.0,1.4099006850294373,0,11.587846713438022,34.74918590184013,0.0,0.0,0.0,tucson,431012,12.973891210925675
14_109,14,109,-110.382,31.438000000000002,1.0,1.4099006850294373,1,11.587846713438022,34.74918590184013,1.4099006850294373,11.587846713438022,34.74918590184013,tucson,125527,11.740276153857035
15_82,15,82,-111.57000000000001,31.482,0.0,-2.724911115224181,1,0.9409203816223566,3.9062567298731707,-0.0,0.0,0.0,tucson,431012,12.973891210925675
15_82,15,82,-111.57000000000001,31.482,1.0,-2.724911115224181,0,0.9409203816223566,3.9062567298731707,-2.724911115224181,0.9409203816223566,3.9062567298731707,tucson,125527,11.740276153857035
15_83,15,83,-111.526,31.482,0.0,-3.0284856456225473,0,0.5166705643955959,7.72874424948233,-0.0,0.0,0.0,tucson,431012,12.973891210925675
15_83,15,83,-111.526,31.482,1.0,-3.0284856456225473,1,0.5166705643955959,7.72874424948233,-3.0284856456225473,0.5166705643955959,7.72874424948233,tucson,125527,11.740276153857035
15_84,15,84,-111.482,31.482,0.0,-2.589666981680668,1,1.974716992734038,11.05591741708876,-0.0,0.0,0.0,tucson,431012,12.973891210925675
15_84,15,84,-111.482,31.482,1.0,-2.589666981680668,4,1.974716992734038,11.05591741708876,-2.589666981680668,1.974716992734038,11.05591741708876,tucson,125527,11.740276153857035
15_85,15,85,-111.438,31.482,0.0,-1.879853630558741,2,3.4111314936574173,7.761653502624311,-0.0,0.0,0.0,tucson,431012,12.973891210925675
15_85,15,85,-111.438,31.482,1.0,-1.879853630558741,8,3.4111314936574173,7.761653502624311,-1.879853630558741,3.4111314936574173,7.761653502624311,tucson,125527,11.740276153857035
15_86,15,86,-111.394,31.482,0.0,-1.1797655655635715,0,4.890110177261071,5.762444800954195,-0.0,0.0,0.0,tucson,431012,12.973891210925675
15_86,15,86,-111.394,31.482,1.0,-1.1797655655635715,6,4.890110177261071,5.762444800954195,-1.1797655655635715,4.890110177261071,5.762444800954195,tucson,125527,11.740276153857035
15_87,15,87,-111.35000000000001,31.482,0.0,-1.5447658668105178,0,6.53521334973541,6.370624362287817,-0.0,0.0,0.0,tucson,431012,12.973891210925675
15_87,15,87,-111.35000000000001,31.482,1.0,-1.5447658668105178,1,6.53521334973541,6.370624362287817,-1.5447658668105178,6.53521334973541,6.370624362287817,tucson,125527,11.740276153857035
15_88,15,88,-111.306,31.482,0.0,-0.9144845290500716,1,8.000549936019429,7.820829914600213,-0.0,0.0,0.0,tucson,431012,12.973891210925675
15_88,15,88,-111.306,31.482,1.0,-0.9144845290500716,2,8.000549936019429,7.820829914600213,-0.9144845290500716,8.000549936019429,7.820829914600213,tucson,125527,11.740276153857035
15_89,15,89,-111.262,31.482,0.0,-1.0137256387198699,2,10.653853936694912,9.280021251228186,-0.0,0.0,0.0,tucson,431012,12.973891210925675
15_89,15,89,-111.262,31.482,1.0,-1.0137256387198699,2,10.653853936694912,9.280021251228186,-1.0137256387198699,10.653853936694912,9.280021251228186,tucson,125527,11.740276153857035
15_90,15,90,-111.218,31.482,0.0,-1.6392647790843462,0,10.794989422973382,10.761400997237924,-0.0,0.0,0.0,tucson,431012,12.973891210925675
15_90,15,90,-111.218,31.482,1.0,-1.6392647790843462,4,10.794989422973382,10.761400997237924,-1.6392647790843462,10.794989422973382,10.761400997237924,tucson,125527,11.740276153857035
15_91,15,91,-111.174,31.482,0.0,-2.8557218578129846,0,12.339985067563045,12.212524600628402,-0.0,0.0,0.0,tucson,431012,12.973891210925675
15_91,15,91,-111.174,31.482,1.0,-2.8557218578129846,2,12.339985067563045,12.212524600628402,-2.8557218578129846,12.339985067563045,12.212524600628402,tucson,125527,11.740276153857035
15_93,15,93,-111.086,31.482,0.0,-2.957094051009272,1,15.810085673851637,15.15247016856802,-0.0,0.0,0.0,tucson,431012,12.973891210925675
15_93,15,93,-111.086,31.482,1.0,-2.957094051009272,4,15.810085673851637,15.15247016856802,-2.957094051009272,15.810085673851637,15.15247016856802,tucson,125527,11.740276153857035
15_94,15,94,-111.042,31.482,0.0,-3.9015911198650777,2,16.085941602663997,16.588156172158573,-0.0,0.0,0.0,tucson,431012,12.973891210925675
15_94,15,94,-111.042,31.482,1.0,-3.9015911198650777,1,16.085941602663997,16.588156172158573,-3.9015911198650777,16.085941602663997,16.588156172158573,tucson,125527,11.740276153857035
15_95,15,95,-110.998,31.482,0.0,-3.717734220332268,0,16.52376658773126,17.22439848312528,-0.0,0.0,0.0,tucson,431012,12.973891210925675
15_95,15,95,-110.998,31.482,1.0,-3.717734220332268,3,16.52376658773126,17.22439848312528,-3.717734220332268,16.52376658773126,17.22439848312528,tucson,125527,11.740276153857035
15_99,15,99,-110.822,31.482,0.0,-4.137450024887539,1,16.43787822956566,17.676402861686103,-0.0,0.0,0.0,tucson,431012,12.973891210925675
15_99,15,99,-110.822,31.482,1.0,-4.137450024887539,0,16.43787822956566,17.676402861686103,-4.137450024887539,16.43787822956566,17.676402861686103,tucson,125527,11.740276153857035
15_100,15,100,-110.778,31.482,0.0,-1.442585412416944,1,16.446483478117447,16.61745986591364,-0.0,0.0,0.0,tucson,431012,12.973891210925675
15_100,15,100,-110.778,31.482,1.0,-1.442585412416944,1,16.446483478117447,16.61745986591364,-1.442585412416944,16.446483478117447,16.61745986591364,tucson,125527,11.740276153857035
15_106,15,106,-110.51400000000001,31.482,0.0,-2.394078290746707,2,16.52867283529854,26.067163816981736,-0.0,0.0,0.0,tucson,431012,12.973891210925675
15_106,15,106,-110.51400000000001,31.482,1.0,-2.394078290746707,1,16.52867283529854,26.067163816981736,-2.394078290746707,16.52867283529854,26.067163816981736,tucson,125527,11.740276153857035
15_116,15,116,-110.074,31.482,0.0,-2.7899316025373984,0,16.389270178972566,64.1791291259745,-0.0,0.0,0.0,tucson,431012,12.973891210925675
15_116,15,116,-110.074,31.482,1.0,-2.7899316025373984,1,16.389270178972566,64.1791291259745,-2.7899316025373984,16.389270178972566,64.1791291259745,tucson,125527,11.740276153857035
16_79,16,79,-111.702,31.526,0.0,-1.6639444379186659,0,0.7241643915032159,8.375704656794378,-0.0,0.0,0.0,tucson,431012,12.973891210925675
16_79,16,79,-111.702,31.526,1.0,-1.6639444379186659,1,0.7241643915032159,8.375704656794378,-1.6639444379186659,0.7241643915032159,8.375704656794378,tucson,125527,11.740276153857035
16_80,16,80,-111.658,31.526,0.0,-2.0103532664385972,1,0.7234560517185041,4.487836935570484,-0.0,0.0,0.0,tucson,431012,12.973891210925675
16_80,16,80,-111.658,31.526,1.0,-2.0103532664385972,0,0.7234560517185041,4.487836935570484,-2.0103532664385972,0.7234560517185041,4.487836935570484,tucson,125527,11.740276153857035
16_81,16,81,-111.614,31.526,0.0,-1.3691330295426112,4,2.625287870557789,2.244817023295296,-0.0,0.0,0.0,tucson,431012,12.973891210925675
16_81,16,81,-111.614,31.526,1.0,-1.3691330295426112,3,2.625287870557789,2.244817023295296,-1.3691330295426112,2.625287870557789,2.244817023295296,tucson,125527,11.740276153857035
16_82,16,82,-111.57000000000001,31.526,0.0,-2.5237375417750476,1,3.6261277692224576,4.199657676300574,-0.0,0.0,0.0,tucson,431012,12.973891210925675
16_82,16,82,-111.57000000000001,31.526,1.0,-2.5237375417750476,2,3.6261277692224576,4.199657676300574,-2.5237375417750476,3.6261277692224576,4.199657676300574,tucson,125527,11.740276153857035
16_85,16,85,-111.438,31.526,0.0,-2.6300242679442802,2,7.888162766242701,11.79404734821093,-0.0,0.0,0.0,tucson,431012,12.973891210925675
16_85,16,85,-111.438,31.526,1.0,-2.6300242679442802,3,7.888162766242701,11.79404734821093,-2.6300242679442802,7.888162766242701,11.79404734821093,tucson,125527,11.740276153857035
16_86,16,86,-111.394,31.526,0.0,-1.9586897776514662,0,9.51116235186888,10.586519634454891,-0.0,0.0,0.0,tucson,431012,12.973891210925675
16_86,16,86,-111.394,31.526,1.0,-1.9586897776514662,2,9.51116235186888,10.586519634454891,-1.9586897776514662,9.51116235186888,10.586519634454891,tucson,125527,11.740276153857035
16_87,16,87,-111.35000000000001,31.526,0.0,-1.582683138714513,1,10.983398226986226,10.953767601901836,-0.0,0.0,0.0,tucson,431012,12.973891210925675
16_87,16,87,-111.35000000000001,31.526,1.0,-1.582683138714513,1,10.983398226986226,10.953767601901836,-1.582683138714513,10.983398226986226,10.953767601901836,tucson,125527,11.740276153857035
16_88,16,88,-111.306,31.526,0.0,-1.2551654780865877,3,12.38439549682651,12.543768174784901,-0.0,0.0,0.0,tucson,431012,12.973891210925675
16_88,16,88,-111.306,31.526,1.0,-1.2551654780865877,1,12.38439549682651,12.543768174784901,-1.2551654780865877,12.38439549682651,12.543768174784901,tucson,125527,11.740276153857035
16_90,16,90,-111.218,31.526,0.0,-1.8463915866095746,0,15.583513817948248,15.311572305063127,-0.0,0.0,0.0,tucson,431012,12.973891210925675
16_90,16,90,-111.218,31.526,1.0,-1.8463915866095746,5,15.583513817948248,15.311572305063127,-1.8463915866095746,15.583513817948248,15.311572305063127,tucson,125527,11.740276153857035
16_92,16,92,-111.13000000000001,31.526,0.0,-2.6520758881698083,0,18.688885042144623,18.24918548290594,-0.0,0.0,0.0,tucson,431012,12.973891210925675
16_92,16,92,-111.13000000000001,31.526,1.0,-2.6520758881698083,1,18.688885042144623,18.24918548290594,-2.6520758881698083,18.688885042144623,18.24918548290594,tucson,125527,11.740276153857035
16_93,16,93,-111.086,31.526,0.0,-2.753096641076293,1,20.67870173722105,19.718113990207634,-0.0,0.0,0.0,tucson,431012,12.973891210925675
16_93,16,93,-111.086,31.526,1.0,-2.753096641076293,0,20.67870173722105,19.718113990207634,-2.753096641076293,20.67870173722105,19.718113990207634,tucson,125527,11.740276153857035
16_94,16,94,-111.042,31.526,0.0,-3.7829988138087645,1,20.890265252773446,21.188981758848666,-0.0,0.0,0.0,tucson,431012,12.973891210925675
16_94,16,94,-111.042,31.526,1.0,-3.7829988138087645,0,20.890265252773446,21.188981758848666,-3.7829988138087645,20.890265252773446,21.188981758848666,tucson,125527,11.740276153857035
16_95,16,95,-110.998,31.526,0.0,-3.0147644266774756,1,21.400263206270868,21.95847103875905,-0.0,0.0,0.0,tucson,431012,12.973891210925675
16_95,16,95,-110.998,31.526,1.0,-3.0147644266774756,1,21.400263206270868,21.95847103875905,-3.0147644266774756,21.400263206270868,21.95847103875905,tucson,125527,11.740276153857035
16_96,16,96,-110.95400000000001,31.526,0.0,-2.2770670042015775,0,21.41789116966536,23.20880289787314,-0.0,0.0,0.0,tucson,431012,12.973891210925675
16_96,16,96,-110.95400000000001,31.526,1.0,-2.2770670042015775,1,21.41789116966536,23.20880289787314,-2.2770670042015775,21.41789116966536,23.20880289787314,tucson,125527,11.740276153857035
16_100,16,100,-110.778,31.526,0.0,-3.7684945019388083,0,21.322755744296565,21.45937152912696,-0.0,0.0,0.0,tucson,431012,12.973891210925675
16_100,16,100,-110.778,31.526,1.0,-3.7684945019388083,1,21.322755744296565,21.45937152912696,-3.7684945019388083,21.322755744296565,21.45937152912696,tucson,125527,11.740276153857035
16_107,16,107,-110.47,31.526,0.0,-2.5523584240903725,1,21.393390725670997,32.40637583096487,-0.0,0.0,0.0,tucson,431012,12.973891210925675
16_107,16,107,-110.47,31.526,1.0,-2.5523584240903725,0,21.393390725670997,32.40637583096487,-2.5523584240903725,21.393390725670997,32.40637583096487,tucson,125527,11.740276153857035
16_133,16,133,-109.32600000000001,31.526,0.0,-1.5087853407683536,0,21.287541146538583,26.173245768778276,-0.0,0.0,0.0,tucson,431012,12.973891210925675
16_133,16,133,-109.32600000000001,31.526,1.0,-1.5087853407683536,2,21.287541146538583,26.173245768778276,-1.5087853407683536,21.287541146538583,26.173245768778276,tucson,125527,11.740276153857035
16_138,16,138,-109.10600000000001,31.526,0.0,2.373552786249384,0,20.871802005569265,5.280914048019639,0.0,0.0,0.0,tucson,431012,12.973891210925675
16_138,16,138,-109.10600000000001,31.526,1.0,2.373552786249384,1,20.871802005569265,5.280914048019639,2.373552786249384,20.871802005569265,5.280914048019639,tucson,125527,11.740276153857035
17_76,17,76,-111.834,31.57,0.0,0.06515159356516564,1,0.5038301127077734,21.79371573846246,0.0,0.0,0.0,tucson,431012,12.973891210925675
17_76,17,76,-111.834,31.57,1.0,0.06515159356516564,1,0.5038301127077734,21.79371573846246,0.06515159356516564,0.5038301127077734,21.79371573846246,tucson,125527,11.740276153857035
17_77,17,77,-111.79,31.57,0.0,-0.7244673763878902,5,0.9447532534737023,17.896682421765174,-0.0,0.0,0.0,tucson,431012,12.973891210925675
17_77,17,77,-111.79,31.57,1.0,-0.7244673763878902,3,0.9447532534737023,17.896682421765174,-0.7244673763878902,0.9447532534737023,17.896682421765174,tucson,125527,11.740276153857035
17_78,17,78,-111.74600000000001,31.57,0.0,-1.539436335819861,0,2.4083204174300503,14.160248692462854,-0.0,0.0,0.0,tucson,431012,12.973891210925675
17_78,17,78,-111.74600000000001,31.57,1.0,-1.539436335819861,4,2.4083204174300503,14.160248692462854,-1.539436335819861,2.4083204174300503,14.160248692462854,tucson,125527,11.740276153857035
17_79,17,79,-111.702,31.57,0.0,-1.9322638678941788,1,3.8560919715517317,10.753112631097109,-0.0,0.0,0.0,tucson,431012,12.973891210925675
17_79,17,79,-111.702,31.57,1.0,-1.9322638678941788,3,3.8560919715517317,10.753112631097109,-1.9322638678941788,3.8560919715517317,10.753112631097109,tucson,125527,11.740276153857035
17_80,17,80,-111.658,31.57,0.0,-1.1627056027394642,0,5.301671236208342,8.10190362788614,-0.0,0.0,0.0,tucson,431012,12.973891210925675
17_80,17,80,-111.658,31.57,1.0,-1.1627056027394642,5,5.301671236208342,8.10190362788614,-1.1627056027394642,5.301671236208342,8.10190362788614,tucson,125527,11.740276153857035
17_81,17,81,-111.614,31.57,0.0,-1.670231294151794,1,6.73880578298631,7.109582750787639,-0.0,0.0,0.0,tucson,431012,12.973891210925675
17_81,17,81,-111.614,31.57,1.0,-1.670231294151794,1,6.73880578298631,7.109582750787639,-1.670231294151794,6.73880578298631,7.109582750787639,tucson,125527,11.740276153857035
17_84,17,84,-111.482,31.57,0.0,-3.5758255891807487,1,11.11413425472225,13.83267122841307,-0.0,0.0,0.0,tucson,431012,12.973891210925675
17_84,17,84,-111.482,31.57,1.0,-3.5758255891807487,0,11.11413425472225,13.83267122841307,-3.5758255891807487,11.11413425472225,13.83267122841307,tucson,125527,11.740276153857035
17_86,17,86,-111.394,31.57,0.0,-1.7617971005813917,3,14.012023841966416,15.443763156438438,-0.0,0.0,0.0,tucson,431012,12.973891210925675
17_86,17,86,-111.394,31.57,1.0,-1.7617971005813917,1,14.012023841966416,15.443763156438438,-1.7617971005813917,14.012023841966416,15.443763156438438,tucson,125527,11.740276153857035
17_87,17,87,-111.35000000000001,31.57,0.0,-2.0176129117008483,3,15.497038911262717,15.697651938793026,-0.0,0.0,0.0,tucson,431012,12.973891210925675
17_87,17,87,-111.35000000000001,31.57,1.0,-2.0176129117008483,2,15.497038911262717,15.697651938793026,-2.0176129117008483,15.497038911262717,15.697651938793026,tucson,125527,11.740276153857035
17_88,17,88,-111.306,31.57,0.0,-2.124036871044347,0,16.984103459546603,16.9795830421454,-0.0,0.0,0.0,tucson,431012,12.973891210925675
17_88,17,88,-111.306,31.57,1.0,-2.124036871044347,1,16.984103459546603,16.9795830421454,-2.124036871044347,16.984103459546603,16.9795830421454,tucson,125527,11.740276153857035
17_90,17,90,-111.218,31.57,0.0,-3.119312464858209,4,20.41387032721421,19.878876641765835,-0.0,0.0,0.0,tucson,431012,12.973891210925675
17_90,17,90,-111.218,31.57,1.0,-3.119312464858209,1,20.41387032721421,19.878876641765835,-3.119312464858209,20.41387032721421,19.878876641765835,tucson,125527,11.740276153857035
17_91,17,91,-111.174,31.57,0.0,-3.557717284239453,1,21.323335017823677,21.371458798470872,-0.0,0.0,0.0,tucson,431012,12.973891210925675
17_91,17,91,-111.174,31.57,1.0,-3.557717284239453,6,21.323335017823677,21.371458798470872,-3.557717284239453,21.323335017823677,21.371458798470872,tucson,125527,11.740276153857035
17_92,17,92,-111.13000000000001,31.57,0.0,-2.476894215499374,3,22.910728607575916,22.8122631345889,-0.0,0.0,0.0,tucson,431012,12.973891210925675
17_92,17,92,-111.13000000000001,31.57,1.0,-2.476894215499374,2,22.910728607575916,22.8122631345889,-2.476894215499374,22.910728607575916,22.8122631345889,tucson,125527,11.740276153857035
17_93,17,93,-111.086,31.57,0.0,-1.9112160382573151,0,25.074082105029643,24.28050285371366,-0.0,0.0,0.0,tucson,431012,12.973891210925675
17_93,17,93,-111.086,31.57,1.0,-1.9112160382573151,1,25.074082105029643,24.28050285371366,-1.9112160382573151,25.074082105029643,24.28050285371366,tucson,125527,11.740276153857035
17_94,17,94,-111.042,31.57,0.0,-3.290295421326346,2,25.721873283112334,25.75128571351225,-0.0,0.0,0.0,tucson,431012,12.973891210925675
17_94,17,94,-111.042,31.57,1.0,-3.290295421326346,1,25.721873283112334,25.75128571351225,-3.290295421326346,25.721873283112334,25.75128571351225,tucson,125527,11.740276153857035
17_97,17,97,-110.91,31.57,0.0,-1.6084080980133872,0,26.25478857172279,29.378311321166983,-0.0,0.0,0.0,tucson,431012,12.973891210925675
17_97,17,97,-110.91,31.57,1.0,-1.6084080980133872,1,26.25478857172279,29.378311321166983,-1.6084080980133872,26.25478857172279,29.378311321166983,tucson,125527,11.740276153857035
17_104,17,104,-110.602,31.57,0.0,-3.37874645164732,0,26.26686241803529,28.77291738398131,-0.0,0.0,0.0,tucson,431012,12.973891210925675
17_104,17,104,-110.602,31.57,1.0,-3.37874645164732,1,26.26686241803529,28.77291738398131,-3.37874645164732,26.26686241803529,28.77291738398131,tucson,125527,11.740276153857035
17_115,17,115,-110.11800000000001,31.57,0.0,-2.934706421255547,0,26.141090672368648,63.48968929450031,-0.0,0.0,0.0,tucson,431012,12.973891210925675
17_115,17,115,-110.11800000000001,31.57,1.0,-2.934706421255547,1,26.141090672368648,63.48968929450031,-2.934706421255547,26.141090672368648,63.48968929450031,tucson,125527,11.740276153857035
17_123,17,123,-109.766,31.57,0.0,-1.0555442541571518,1,26.153339260693446,67.96498651188907,-0.0,0.0,0.0,tucson,431012,12.973891210925675
17_123,17,123,-109.766,31.57,1.0,-1.0555442541571518,0,26.153339260693446,67.96498651188907,-1.0555442541571518,26.153339260693446,67.96498651188907,tucson,125527,11.740276153857035
17_137,17,137,-109.15,31.57,0.0,0.10606943632403587,0,26.27719284787317,9.499093412476073,0.0,0.0,0.0,tucson,431012,12.973891210925675
17_137,17,137,-109.15,31.57,1.0,0.10606943632403587,1,26.27719284787317,9.499093412476073,0.10606943632403587,26.27719284787317,9.499093412476073,tucson,125527,11.740276153857035
18_73,18,73,-111.96600000000001,31.614,0.0,-0.031217864451562827,0,0.23356628821333345,35.22702202406874,-0.0,0.0,0.0,tucson,431012,12.973891210925675
18_73,18,73,-111.96600000000001,31.614,1.0,-0.031217864451562827,1,0.23356628821333345,35.22702202406874,-0.031217864451562827,0.23356628821333345,35.22702202406874,tucson,125527,11.740276153857035
18_74,18,74,-111.922,31.614,0.0,0.03914642494016751,0,1.2057711033195433,31.332016372409072,0.0,0.0,0.0,tucson,431012,12.973891210925675
18_74,18,74,-111.922,31.614,1.0,0.03914642494016751,1,1.2057711033195433,31.332016372409072,0.03914642494016751,1.2057711033195433,31.332016372409072,tucson,125527,11.740276153857035
18_75,18,75,-111.878,31.614,0.0,1.0691260947909833,1,2.828428621678077,27.519630111103492,0.0,0.0,0.0,tucson,431012,12.973891210925675
18_75,18,75,-111.878,31.614,1.0,1.0691260947909833,2,2.828428621678077,27.519630111103492,1.0691260947909833,2.828428621678077,27.519630111103492,tucson,125527,11.740276153857035
18_76,18,76,-111.834,31.614,0.0,-0.41794705029530893,1,4.088363927739341,23.829529471085618,-0.0,0.0,0.0,tucson,431012,12.973891210925675
18_76,18,76,-111.834,31.614,1.0,-0.41794705029530893,4,4.088363927739341,23.829529471085618,-0.41794705029530893,4.088363927739341,23.829529471085618,tucson,125527,11.740276153857035
18_77,18,77,-111.79,31.614,0.0,-0.5686616161977467,2,5.520250802977695,20.32839452706324,-0.0,0.0,0.0,tucson,431012,12.973891210925675
18_77,18,77,-111.79,31.614,1.0,-0.5686616161977467,4,5.520250802977695,20.32839452706324,-0.5686616161977467,5.520250802977695,20.32839452706324,tucson,125527,11.740276153857035
18_78,18,78,-111.74600000000001,31.614,0.0,-1.5531409752169372,3,6.976784952983073,17.132443418922296,-0.0,0.0,0.0,tucson,431012,12.973891210925675
18_78,18,78,-111.74600000000001,31.614,1.0,-1.5531409752169372,3,6.976784952983073,17.132443418922296,-1.5531409752169372,6.976784952983073,17.132443418922296,tucson,125527,11.740276153857035
18_79,18,79,-111.702,31.614,0.0,-2.125457056542646,3,8.415565269924523,14.445644252358436,-0.0,0.0,0.0,tucson,431012,12.973891210925675
18_79,18,79,-111.702,31.614,1.0,-2.125457056542646,6,8.415565269924523,14.445644252358436,-2.125457056542646,8.415565269924523,14.445644252358436,tucson,125527,11.740276153857035
18_80,18,80,-111.658,31.614,0.0,-1.0553919810215964,0,9.881229719352334,12.598052316326838,-0.0,0.0,0.0,tucson,431012,12.973891210925675
18_80,18,80,-111.658,31.614,1.0,-1.0553919810215964,4,9.881229719352334,12.598052316326838,-1.0553919810215964,9.881229719352334,12.598052316326838,tucson,125527,11.740276153857035
18_81,18,81,-111.614,31.614,0.0,-2.6225506263606935,2,11.303279577782934,11.984271432370134,-0.0,0.0,0.0,tucson,431012,12.973891210925675
18_81,18,81,-111.614,31.614,1.0,-2.6225506263606935,0,11.303279577782934,11.984271432370134,-2.6225506263606935,11.303279577782934,11.984271432370134,tucson,125527,11.740276153857035
18_82,18,82,-111.57000000000001,31.614,0.0,-3.487597946769263,1,12.917464593127836,12.783250852747262,-0.0,0.0,0.0,tucson,431012,12.973891210925675
18_82,18,82,-111.57000000000001,31.614,1.0,-3.487597946769263,1,12.917464593127836,12.783250852747262,-3.487597946769263,12.917464593127836,12.783250852747262,tucson,125527,11.740276153857035
18_83,18,83,-111.526,31.614,0.0,-4.266205441983335,1,14.232764210643756,14.474491672221497,-0.0,0.0,0.0,tucson,431012,12.973891210925675
18_83,18,83,-111.526,31.614,1.0,-4.266205441983335,2,14.232764210643756,14.474491672221497,-4.266205441983335,14.232764210643756,14.474491672221497,tucson,125527,11.740276153857035
18_84,18,84,-111.482,31.614,0.0,-3.829907809233319,1,15.682469743218448,16.99410293712137,-0.0,0.0,0.0,tucson,431012,12.973891210925675
18_84,18,84,-111.482,31.614,1.0,-3.829907809233319,0,15.682469743218448,16.99410293712137,-3.829907809233319,15.682469743218448,16.99410293712137,tucson,125527,11.740276153857035
18_85,18,85,-111.438,31.614,0.0,-3.2276744861986524,1,17.13981033358498,20.073988355974418,-0.0,0.0,0.0,tucson,431012,12.973891210925675
18_85,18,85,-111.438,31.614,1.0,-3.2276744861986524,1,17.13981033358498,20.073988355974418,-3.2276744861986524,17.13981033358498,20.073988355974418,tucson,125527,11.740276153857035
18_86,18,86,-111.394,31.614,0.0,-2.2679733376358824,2,18.49774285586616,20.310416513469605,-0.0,0.0,0.0,tucson,431012,12.973891210925675
18_86,18,86,-111.394,31.614,1.0,-2.2679733376358824,1,18.49774285586616,20.310416513469605,-2.2679733376358824,18.49774285586616,20.310416513469605,tucson,125527,11.740276153857035
18_87,18,87,-111.35000000000001,31.614,0.0,-2.287514355039901,0,20.092899532896723,20.504027098738895,-0.0,0.0,0.0,tucson,431012,12.973891210925675
18_87,18,87,-111.35000000000001,31.614,1.0,-2.287514355039901,2,20.092899532896723,20.504027098738895,-2.287514355039901,20.092899532896723,20.504027098738895,tucson,125527,11.740276153857035
18_88,18,88,-111.306,31.614,0.0,-2.6166825985312734,4,21.5836422762046,21.52254563931869,-0.0,0.0,0.0,tucson,431012,12.973891210925675
18_88,18,88,-111.306,31.614,1.0,-2.6166825985312734,0,21.5836422762046,21.52254563931869,-2.6166825985312734,21.5836422762046,21.52254563931869,tucson,125527,11.740276153857035
18_90,18,90,-111.218,31.614,0.0,-3.1053543886740145,1,24.839288363435966,24.44651862325864,-0.0,0.0,0.0,tucson,431012,12.973891210925675
18_90,18,90,-111.218,31.614,1.0,-3.1053543886740145,1,24.839288363435966,24.44651862325864,-3.1053543886740145,24.839288363435966,24.44651862325864,tucson,125527,11.740276153857035
18_91,18,91,-111.174,31.614,0.0,-3.130975587103384,1,26.00218511132712,25.909969618480343,-0.0,0.0,0.0,tucson,431012,12.973891210925675
18_91,18,91,-111.174,31.614,1.0,-3.130975587103384,2,26.00218511132712,25.909969618480343,-3.130975587103384,26.00218511132712,25.909969618480343,tucson,125527,11.740276153857035
18_92,18,92,-111.13000000000001,31.614,0.0,-2.360928055859602,1,27.350754833213312,27.404472755537537,-0.0,0.0,0.0,tucson,431012,12.973891210925675
18_92,18,92,-111.13000000000001,31.614,1.0,-2.360928055859602,1,27.350754833213312,27.404472755537537,-2.360928055859602,27.350754833213312,27.404472755537537,tucson,125527,11.740276153857035
18_94,18,94,-111.042,31.614,0.0,-3.6691685968866357,1,30.56784667090367,30.316531690322112,-0.0,0.0,0.0,tucson,431012,12.973891210925675
18_94,18,94,-111.042,31.614,1.0,-3.6691685968866357,4,30.56784667090367,30.316531690322112,-3.6691685968866357,30.56784667090367,30.316531690322112,tucson,125527,11.740276153857035
18_95,18,95,-110.998,31.614,0.0,-4.02484382773766,0,31.137788999798875,31.557286665126043,-0.0,0.0,0.0,tucson,431012,12.973891210925675
18_95,18,95,-110.998,31.614,1.0,-4.02484382773766,1,31.137788999798875,31.557286665126043,-4.02484382773766,31.137788999798875,31.557286665126043,tucson,125527,11.740276153857035
18_100,18,100,-110.778,31.614,0.0,-3.1487198772004907,0,31.07581779104281,31.175863070541144,-0.0,0.0,0.0,tucson,431012,12.973891210925675
18_100,18,100,-110.778,31.614,1.0,-3.1487198772004907,1,31.07581779104281,31.175863070541144,-3.1487198772004907,31.07581779104281,31.175863070541144,tucson,125527,11.740276153857035
18_102,18,102,-110.69,31.614,0.0,-2.5388603377332943,1,31.104570022112163,31.297887119116748,-0.0,0.0,0.0,tucson,431012,12.973891210925675
18_102,18,102,-110.69,31.614,1.0,-2.5388603377332943,0,31.104570022112163,31.297887119116748,-2.5388603377332943,31.104570022112163,31.297887119116748,tucson,125527,11.740276153857035
18_105,18,105,-110.558,31.614,0.0,-4.588813780731207,0,31.15289776072591,34.982315606609475,-0.0,0.0,0.0,tucson,431012,12.973891210925675
18_105,18,105,-110.558,31.614,1.0,-4.588813780731207,1,31.15289776072591,34.982315606609475,-4.588813780731207,31.15289776072591,34.982315606609475,tucson,125527,11.740276153857035
18_107,18,107,-110.47,31.614,0.0,-2.9164875662845535,1,31.146130670583627,39.51286327741824,-0.0,0.0,0.0,tucson,431012,12.973891210925675
18_107,18,107,-110.47,31.614,1.0,-2.9164875662845535,0,31.146130670583627,39.51286327741824,-2.9164875662845535,31.146130670583627,39.51286327741824,tucson,125527,11.740276153857035
19_70,19,70,-112.098,31.658,0.0,0.776145003001846,0,0.05196459389121586,48.65872706188092,0.0,0.0,0.0,tucson,431012,12.973891210925675
19_70,19,70,-112.098,31.658,1.0,0.776145003001846,1,0.05196459389121586,48.65872706188092,0.776145003001846,0.05196459389121586,48.65872706188092,tucson,125527,11.740276153857035
19_72,19,72,-112.01,31.658,0.0,-0.021629815426619042,0,2.896046263497865,40.92770115294606,-0.0,0.0,0.0,tucson,431012,12.973891210925675
19_72,19,72,-112.01,31.658,1.0,-0.021629815426619042,1,2.896046263497865,40.92770115294606,-0.021629815426619042,2.896046263497865,40.92770115294606,tucson,125527,11.740276153857035
19_73,19,73,-111.96600000000001,31.658,0.0,-0.49084594242110374,2,4.345199768027588,37.16291646867685,-0.0,0.0,0.0,tucson,431012,12.973891210925675
19_73,19,73,-111.96600000000001,31.658,1.0,-0.49084594242110374,5,4.345199768027588,37.16291646867685,-0.49084594242110374,4.345199768027588,37.16291646867685,tucson,125527,11.740276153857035
19_74,19,74,-111.922,31.658,0.0,-0.7546536054834095,1,5.780948726962151,33.495601047991286,-0.0,0.0,0.0,tucson,431012,12.973891210925675
19_74,19,74,-111.922,31.658,1.0,-0.7546536054834095,4,5.780948726962151,33.495601047991286,-0.7546536054834095,5.780948726962151,33.495601047991286,tucson,125527,11.740276153857035
19_75,19,75,-111.878,31.658,0.0,-1.0216077713657827,0,7.216445642484253,29.961549955817247,-0.0,0.0,0.0,tucson,431012,12.973891210925675
19_75,19,75,-111.878,31.658,1.0,-1.0216077713657827,1,7.216445642484253,29.961549955817247,-1.0216077713657827,7.216445642484253,29.961549955817247,tucson,125527,11.740276153857035
19_76,19,76,-111.834,31.658,0.0,-0.9874606446199579,1,8.654667555473289,26.613886225975794,-0.0,0.0,0.0,tucson,431012,12.973891210925675
19_76,19,76,-111.834,31.658,1.0,-0.9874606446199579,7,8.654667555473289,26.613886225975794,-0.9874606446199579,8.654667555473289,26.613886225975794,tucson,125527,11.740276153857035
19_77,19,77,-111.79,31.658,0.0,-0.6905392771121903,4,10.095943842268776,23.532270560474444,-0.0,0.0,0.0,tucson,431012,12.973891210925675
19_77,19,77,-111.79,31.658,1.0,-0.6905392771121903,2,10.095943842268776,23.532270560474444,-0.6905392771121903,10.095943842268776,23.532270560474444,tucson,125527,11.740276153857035
19_78,19,78,-111.74600000000001,31.658,0.0,-1.5430735821436494,2,11.540680424852447,20.835067994575486,-0.0,0.0,0.0,tucson,431012,12.973891210925675
19_78,19,78,-111.74600000000001,31.658,1.0,-1.5430735821436494,2,11.540680424852447,20.835067994575486,-1.5430735821436494,11.540680424852447,20.835067994575486,tucson,125527,11.740276153857035
19_79,19,79,-111.702,31.658,0.0,-1.914618248667942,3,12.997814538668491,18.68943620497822,-0.0,0.0,0.0,tucson,431012,12.973891210925675
19_79,19,79,-111.702,31.658,1.0,-1.914618248667942,1,12.997814538668491,18.68943620497822,-1.914618248667942,12.997814538668491,18.68943620497822,tucson,125527,11.740276153857035
19_80,19,80,-111.658,31.658,0.0,-0.987190232871474,0,14.452450255127758,17.301788859377304,-0.0,0.0,0.0,tucson,431012,12.973891210925675
19_80,19,80,-111.658,31.658,1.0,-0.987190232871474,3,14.452450255127758,17.301788859377304,-0.987190232871474,14.452450255127758,17.301788859377304,tucson,125527,11.740276153857035
19_81,19,81,-111.614,31.658,0.0,-2.5376720421077,1,15.890315174693688,16.860307436361065,-0.0,0.0,0.0,tucson,431012,12.973891210925675
19_81,19,81,-111.614,31.658,1.0,-2.5376720421077,0,15.890315174693688,16.860307436361065,-2.5376720421077,15.890315174693688,16.860307436361065,tucson,125527,11.740276153857035
19_82,19,82,-111.57000000000001,31.658,0.0,-3.326535307346027,1,17.335072189334,17.436988832195574,-0.0,0.0,0.0,tucson,431012,12.973891210925675
19_82,19,82,-111.57000000000001,31.658,1.0,-3.326535307346027,0,17.335072189334,17.436988832195574,-3.326535307346027,17.335072189334,17.436988832195574,tucson,125527,11.740276153857035
19_83,19,83,-111.526,31.658,0.0,-4.210582348550955,2,18.824817672973545,18.83017270352424,-0.0,0.0,0.0,tucson,431012,12.973891210925675
19_83,19,83,-111.526,31.658,1.0,-4.210582348550955,0,18.824817672973545,18.83017270352424,-4.210582348550955,18.824817672973545,18.83017270352424,tucson,125527,11.740276153857035
19_84,19,84,-111.482,31.658,0.0,-4.5451553953093455,0,20.254720055638195,20.828489933380403,-0.0,0.0,0.0,tucson,431012,12.973891210925675
19_84,19,84,-111.482,31.658,1.0,-4.5451553953093455,1,20.254720055638195,20.828489933380403,-4.5451553953093455,20.254720055638195,20.828489933380403,tucson,125527,11.740276153857035
19_85,19,85,-111.438,31.658,0.0,-3.963694425524327,1,21.714982204186363,23.408055788746076,-0.0,0.0,0.0,tucson,431012,12.973891210925675
19_85,19,85,-111.438,31.658,1.0,-3.963694425524327,2,21.714982204186363,23.408055788746076,-3.963694425524327,21.714982204186363,23.408055788746076,tucson,125527,11.740276153857035
19_86,19,86,-111.394,31.658,0.0,-2.711005268668138,1,23.067247639128485,25.18104398241165,-0.0,0.0,0.0,tucson,431012,12.973891210925675
19_86,19,86,-111.394,31.658,1.0,-2.711005268668138,1,23.067247639128485,25.18104398241165,-2.711005268668138,23.067247639128485,25.18104398241165,tucson,125527,11.740276153857035
19_87,19,87,-111.35000000000001,31.658,0.0,-2.545249606356351,1,24.60780283456327,25.337374769827427,-0.0,0.0,0.0,tucson,431012,12.973891210925675
19_87,19,87,-111.35000000000001,31.658,1.0,-2.545249606356351,0,24.60780283456327,25.337374769827427,-2.545249606356351,24.60780283456327,25.337374769827427,tucson,125527,11.740276153857035
19_88,19,88,-111.306,31.658,0.0,-3.0214563161477934,1,26.08767482061229,26.168044363789495,-0.0,0.0,0.0,tucson,431012,12.973891210925675
19_88,19,88,-111.306,31.658,1.0,-3.0214563161477934,1,26.08767482061229,26.168044363789495,-3.0214563161477934,26.08767482061229,26.168044363789495,tucson,125527,11.740276153857035
19_89,19,89,-111.262,31.658,0.0,-3.0321877899979226,1,27.55579502117476,27.588173318378313,-0.0,0.0,0.0,tucson,431012,12.973891210925675
19_89,19,89,-111.262,31.658,1.0,-3.0321877899979226,1,27.55579502117476,27.588173318378313,-3.0321877899979226,27.55579502117476,27.588173318378313,tucson,125527,11.740276153857035
19_91,19,91,-111.174,31.658,0.0,-3.298970812590617,3,30.742651027826575,30.476817977981945,-0.0,0.0,0.0,tucson,431012,12.973891210925675
19_91,19,91,-111.174,31.658,1.0,-3.298970812590617,4,30.742651027826575,30.476817977981945,-3.298970812590617,30.742651027826575,30.476817977981945,tucson,125527,11.740276153857035
19_92,19,92,-111.13000000000001,31.658,0.0,-1.9847004426011916,1,31.90508588118816,31.98024417526182,-0.0,0.0,0.0,tucson,431012,12.973891210925675
19_92,19,92,-111.13000000000001,31.658,1.0,-1.9847004426011916,9,31.90508588118816,31.98024417526182,-1.9847004426011916,31.90508588118816,31.98024417526182,tucson,125527,11.740276153857035
19_94,19,94,-111.042,31.658,0.0,-3.626594072157297,1,35.42230402369404,34.8789282662347,-0.0,0.0,0.0,tucson,431012,12.973891210925675
19_94,19,94,-111.042,31.658,1.0,-3.626594072157297,1,35.42230402369404,34.8789282662347,-3.626594072157297,35.42230402369404,34.8789282662347,tucson,125527,11.740276153857035
19_102,19,102,-110.69,31.658,0.0,-4.023310368719791,2,35.981388538726385,36.14865245524436,-0.0,0.0,0.0,tucson,431012,12.973891210925675
19_102,19,102,-110.69,31.658,1.0,-4.023310368719791,1,35.981388538726385,36.14865245524436,-4.023310368719791,35.981388538726385,36.14865245524436,tucson,125527,11.740276153857035
19_103,19,103,-110.646,31.658,0.0,-4.411240850889118,0,35.99911035861374,36.78540808365823,-0.0,0.0,0.0,tucson,431012,12.973891210925675
19_103,19,103,-110.646,31.658,1.0,-4.411240850889118,1,35.99911035861374,36.78540808365823,-4.411240850889118,35.99911035861374,36.78540808365823,tucson,125527,11.740276153857035
19_106,19,106,-110.51400000000001,31.658,0.0,-3.7312824673499674,1,36.03312847682945,41.25566908108587,-0.0,0.0,0.0,tucson,431012,12.973891210925675
19_106,19,106,-110.51400000000001,31.658,1.0,-3.7312824673499674,0,36.03312847682945,41.25566908108587,-3.7312824673499674,36.03312847682945,41.25566908108587,tucson,125527,11.740276153857035
19_107,19,107,-110.47,31.658,0.0,-3.2018139480327226,1,36.022759941284626,43.45303882644806,-0.0,0.0,0.0,tucson,431012,12.973891210925675
19_107,19,107,-110.47,31.658,1.0,-3.2018139480327226,1,36.022759941284626,43.45303882644806,-3.2018139480327226,36.022759941284626,43.45303882644806,tucson,125527,11.740276153857035
19_108,19,108,-110.426,31.658,0.0,-3.6713098747168518,0,36.01689475595819,45.92633251270572,-0.0,0.0,0.0,tucson,431012,12.973891210925675
19_108,19,108,-110.426,31.658,1.0,-3.6713098747168518,1,36.01689475595819,45.92633251270572,-3.6713098747168518,36.01689475595819,45.92633251270572,tucson,125527,11.740276153857035
19_109,19,109,-110.382,31.658,0.0,-3.6728041380151444,0,35.971868000101225,48.63347776814507,-0.0,0.0,0.0,tucson,431012,12.973891210925675
19_109,19,109,-110.382,31.658,1.0,-3.6728041380151444,1,35.971868000101225,48.63347776814507,-3.6728041380151444,35.971868000101225,48.63347776814507,tucson,125527,11.740276153857035
20_66,20,66,-112.274,31.702,0.0,1.4665510932234649,0,1.104942748921859,66.01312085894862,0.0,0.0,0.0,tucson,431012,12.973891210925675
20_66,20,66,-112.274,31.702,1.0,1.4665510932234649,1,1.104942748921859,66.01312085894862,1.4665510932234649,1.104942748921859,66.01312085894862,tucson,125527,11.740276153857035
20_67,20,67,-112.23,31.702,0.0,1.7701070002141996,0,0.30369910211956236,62.08658764726788,0.0,0.0,0.0,tucson,431012,12.973891210925675
20_67,20,67,-112.23,31.702,1.0,1.7701070002141996,3,0.30369910211956236,62.08658764726788,1.7701070002141996,0.30369910211956236,62.08658764726788,tucson,125527,11.740276153857035
20_68,20,68,-112.186,31.702,0.0,1.3785319284629027,0,1.7383551491354785,58.19462911402567,0.0,0.0,0.0,tucson,431012,12.973891210925675
20_68,20,68,-112.186,31.702,1.0,1.3785319284629027,2,1.7383551491354785,58.19462911402567,1.3785319284629027,1.7383551491354785,58.19462911402567,tucson,125527,11.740276153857035
20_70,20,70,-112.098,31.702,0.0,0.042797390301146376,1,4.605058782825475,50.54626815306494,0.0,0.0,0.0,tucson,431012,12.973891210925675
20_70,20,70,-112.098,31.702,1.0,0.042797390301146376,2,4.605058782825475,50.54626815306494,0.042797390301146376,4.605058782825475,50.54626815306494,tucson,125527,11.740276153857035
20_71,20,71,-112.054,31.702,0.0,-0.23662052447789161,0,6.043173532860949,46.81199149237431,-0.0,0.0,0.0,tucson,431012,12.973891210925675
20_71,20,71,-112.054,31.702,1.0,-0.23662052447789161,1,6.043173532860949,46.81199149237431,-0.23662052447789161,6.043173532860949,46.81199149237431,tucson,125527,11.740276153857035
20_72,20,72,-112.01,31.702,0.0,-0.19249796310176026,1,7.468975858812608,43.1584640634883,-0.0,0.0,0.0,tucson,431012,12.973891210925675
20_72,20,72,-112.01,31.702,1.0,-0.19249796310176026,10,7.468975858812608,43.1584640634883,-0.19249796310176026,7.468975858812608,43.1584640634883,tucson,125527,11.740276153857035
20_73,20,73,-111.96600000000001,31.702,0.0,-0.7363093241879921,2,8.917085666164818,39.60802320978478,-0.0,0.0,0.0,tucson,431012,12.973891210925675
20_73,20,73,-111.96600000000001,31.702,1.0,-0.7363093241879921,6,8.917085666164818,39.60802320978478,-0.7363093241879921,8.917085666164818,39.60802320978478,tucson,125527,11.740276153857035
20_74,20,74,-111.922,31.702,0.0,-1.3483769611300764,2,10.34925699222365,36.19100590387339,-0.0,0.0,0.0,tucson,431012,12.973891210925675
20_74,20,74,-111.922,31.702,1.0,-1.3483769611300764,7,10.34925699222365,36.19100590387339,-1.3483769611300764,10.34925699222365,36.19100590387339,tucson,125527,11.740276153857035
20_75,20,75,-111.878,31.702,0.0,-1.3952956290982959,1,11.798745458635649,32.94893330268532,-0.0,0.0,0.0,tucson,431012,12.973891210925675
20_75,20,75,-111.878,31.702,1.0,-1.3952956290982959,8,11.798745458635649,32.94893330268532,-1.3952956290982959,11.798745458635649,32.94893330268532,tucson,125527,11.740276153857035
20_76,20,76,-111.834,31.702,0.0,-1.3438182610462592,2,13.314940611939903,29.93867761496456,-0.0,0.0,0.0,tucson,431012,12.973891210925675
20_76,20,76,-111.834,31.702,1.0,-1.3438182610462592,1,13.314940611939903,29.93867761496456,-1.3438182610462592,13.314940611939903,29.93867761496456,tucson,125527,11.740276153857035
20_77,20,77,-111.79,31.702,0.0,-1.620568867761319,0,14.671942096176835,27.2371918438714,-0.0,0.0,0.0,tucson,431012,12.973891210925675
20_77,20,77,-111.79,31.702,1.0,-1.620568867761319,2,14.671942096176835,27.2371918438714,-1.620568867761319,14.671942096176835,27.2371918438714,tucson,125527,11.740276153857035
20_78,20,78,-111.74600000000001,31.702,0.0,-1.6291681356896053,2,16.116587247181034,24.944978314946674,-0.0,0.0,0.0,tucson,431012,12.973891210925675
20_78,20,78,-111.74600000000001,31.702,1.0,-1.6291681356896053,4,16.116587247181034,24.944978314946674,-1.6291681356896053,16.116587247181034,24.944978314946674,tucson,125527,11.740276153857035
20_79,20,79,-111.702,31.702,0.0,-1.6624186716751401,0,17.57891866210011,23.18373509602174,-0.0,0.0,0.0,tucson,431012,12.973891210925675
20_79,20,79,-111.702,31.702,1.0,-1.6624186716751401,5,17.57891866210011,23.18373509602174,-1.6624186716751401,17.57891866210011,23.18373509602174,tucson,125527,11.740276153857035
20_80,20,80,-111.658,31.702,0.0,-0.017620277339995938,0,19.009472122084922,22.080868375090535,-0.0,0.0,0.0,tucson,431012,12.973891210925675
20_80,20,80,-111.658,31.702,1.0,-0.017620277339995938,1,19.009472122084922,22.080868375090535,-0.017620277339995938,19.009472122084922,22.080868375090535,tucson,125527,11.740276153857035
20_81,20,81,-111.614,31.702,0.0,-1.383913020935539,0,20.474398283378815,21.73680661753275,-0.0,0.0,0.0,tucson,431012,12.973891210925675
20_81,20,81,-111.614,31.702,1.0,-1.383913020935539,1,20.474398283378815,21.73680661753275,-1.383913020935539,20.474398283378815,21.73680661753275,tucson,125527,11.740276153857035
20_82,20,82,-111.57000000000001,31.702,0.0,-2.7508223182140537,1,21.899989518772752,22.186864617530425,-0.0,0.0,0.0,tucson,431012,12.973891210925675
20_82,20,82,-111.57000000000001,31.702,1.0,-2.7508223182140537,0,21.899989518772752,22.186864617530425,-2.7508223182140537,21.899989518772752,22.186864617530425,tucson,125527,11.740276153857035
20_83,20,83,-111.526,31.702,0.0,-4.034767401379082,1,23.492195329344547,23.379752523635887,-0.0,0.0,0.0,tucson,431012,12.973891210925675
20_83,20,83,-111.526,31.702,1.0,-4.034767401379082,1,23.492195329344547,23.379752523635887,-4.034767401379082,23.492195329344547,23.379752523635887,tucson,125527,11.740276153857035
20_84,20,84,-111.482,31.702,0.0,-4.409314933193613,0,24.82704534462595,25.028446811564255,-0.0,0.0,0.0,tucson,431012,12.973891210925675
20_84,20,84,-111.482,31.702,1.0,-4.409314933193613,1,24.82704534462595,25.028446811564255,-4.409314933193613,24.82704534462595,25.028446811564255,tucson,125527,11.740276153857035
20_85,20,85,-111.438,31.702,0.0,-3.9866107774128765,0,26.280435763331504,27.211754113391045,-0.0,0.0,0.0,tucson,431012,12.973891210925675
20_85,20,85,-111.438,31.702,1.0,-3.9866107774128765,3,26.280435763331504,27.211754113391045,-3.9866107774128765,26.280435763331504,27.211754113391045,tucson,125527,11.740276153857035
20_86,20,86,-111.394,31.702,0.0,-3.762613508364717,1,27.738533762831793,29.82246929248824,-0.0,0.0,0.0,tucson,431012,12.973891210925675
20_86,20,86,-111.394,31.702,1.0,-3.762613508364717,1,27.738533762831793,29.82246929248824,-3.762613508364717,27.738533762831793,29.82246929248824,tucson,125527,11.740276153857035
20_87,20,87,-111.35000000000001,31.702,0.0,-3.3714549093703656,3,29.1060410989233,30.184757067672958,-0.0,0.0,0.0,tucson,431012,12.973891210925675
20_87,20,87,-111.35000000000001,31.702,1.0,-3.3714549093703656,0,29.1060410989233,30.184757067672958,-3.3714549093703656,29.1060410989233,30.184757067672958,tucson,125527,11.740276153857035
20_88,20,88,-111.306,31.702,0.0,-2.9631775693285034,1,30.662145601606603,30.884988433064972,-0.0,0.0,0.0,tucson,431012,12.973891210925675
20_88,20,88,-111.306,31.702,1.0,-2.9631775693285034,0,30.662145601606603,30.884988433064972,-2.9631775693285034,30.662145601606603,30.884988433064972,tucson,125527,11.740276153857035
20_90,20,90,-111.218,31.702,0.0,-3.5008330363108717,5,33.59405532037893,33.59418941199467,-0.0,0.0,0.0,tucson,431012,12.973891210925675
20_90,20,90,-111.218,31.702,1.0,-3.5008330363108717,0,33.59405532037893,33.59418941199467,-3.5008330363108717,33.59405532037893,33.59418941199467,tucson,125527,11.740276153857035
20_91,20,91,-111.174,31.702,0.0,-3.7270403063234143,3,35.38211612516613,35.04307832282181,-0.0,0.0,0.0,tucson,431012,12.973891210925675
20_91,20,91,-111.174,31.702,1.0,-3.7270403063234143,1,35.38211612516613,35.04307832282181,-3.7270403063234143,35.38211612516613,35.04307832282181,tucson,125527,11.740276153857035
20_92,20,92,-111.13000000000001,31.702,0.0,-3.5516721897041306,1,36.530337983397665,36.50717718595367,-0.0,0.0,0.0,tucson,431012,12.973891210925675
20_92,20,92,-111.13000000000001,31.702,1.0,-3.5516721897041306,1,36.530337983397665,36.50717718595367,-3.5516721897041306,36.530337983397665,36.50717718595367,tucson,125527,11.740276153857035
20_93,20,93,-111.086,31.702,0.0,-4.398238429829272,4,37.95797285497406,37.98220826296747,-0.0,0.0,0.0,tucson,431012,12.973891210925675
20_93,20,93,-111.086,31.702,1.0,-4.398238429829272,2,37.95797285497406,37.98220826296747,-4.398238429829272,37.95797285497406,37.98220826296747,tucson,125527,11.740276153857035
20_94,20,94,-111.042,31.702,0.0,-4.075419050324297,5,39.741606983503715,39.444275331550614,-0.0,0.0,0.0,tucson,431012,12.973891210925675
20_94,20,94,-111.042,31.702,1.0,-4.075419050324297,4,39.741606983503715,39.444275331550614,-4.075419050324297,39.741606983503715,39.444275331550614,tucson,125527,11.740276153857035
20_95,20,95,-110.998,31.702,0.0,-4.005450413341148,0,40.820771211467836,40.91403398420719,-0.0,0.0,0.0,tucson,431012,12.973891210925675
20_95,20,95,-110.998,31.702,1.0,-4.005450413341148,5,40.820771211467836,40.91403398420719,-4.005450413341148,40.820771211467836,40.91403398420719,tucson,125527,11.740276153857035
20_96,20,96,-110.95400000000001,31.702,0.0,-2.5913614614007563,0,40.92402729482767,41.90692147093904,-0.0,0.0,0.0,tucson,431012,12.973891210925675
20_96,20,96,-110.95400000000001,31.702,1.0,-2.5913614614007563,1,40.92402729482767,41.90692147093904,-2.5913614614007563,40.92402729482767,41.90692147093904,tucson,125527,11.740276153857035
20_97,20,97,-110.91,31.702,0.0,1.3866178550449964,0,40.8840194869145,42.98213939788787,0.0,0.0,0.0,tucson,431012,12.973891210925675
20_97,20,97,-110.91,31.702,1.0,1.3866178550449964,2,40.8840194869145,42.98213939788787,1.3866178550449964,40.8840194869145,42.98213939788787,tucson,125527,11.740276153857035
20_101,20,101,-110.73400000000001,31.702,0.0,-3.092200294876598,1,40.943601012681256,40.85565994025374,-0.0,0.0,0.0,tucson,431012,12.973891210925675
20_101,20,101,-110.73400000000001,31.702,1.0,-3.092200294876598,0,40.943601012681256,40.85565994025374,-3.092200294876598,40.943601012681256,40.85565994025374,tucson,125527,11.740276153857035
20_102,20,102,-110.69,31.702,0.0,-4.261862989688365,1,40.858246014063305,41.005636057721176,-0.0,0.0,0.0,tucson,431012,12.973891210925675
20_102,20,102,-110.69,31.702,1.0,-4.261862989688365,0,40.858246014063305,41.005636057721176,-4.261862989688365,40.858246014063305,41.005636057721176,tucson,125527,11.740276153857035
20_104,20,104,-110.602,31.702,0.0,-4.4197405056397105,0,40.89722851045375,42.534809153838964,-0.0,0.0,0.0,tucson,431012,12.973891210925675
20_104,20,104,-110.602,31.702,1.0,-4.4197405056397105,11,40.89722851045375,42.534809153838964,-4.4197405056397105,40.89722851045375,42.534809153838964,tucson,125527,11.740276153857035
20_106,20,106,-110.51400000000001,31.702,0.0,-4.056554812323894,8,40.90935642152936,45.569581570191,-0.0,0.0,0.0,tucson,431012,12.973891210925675
20_106,20,106,-110.51400000000001,31.702,1.0,-4.056554812323894,0,40.90935642152936,45.569581570191,-4.056554812323894,40.90935642152936,45.569581570191,tucson,125527,11.740276153857035
20_108,20,108,-110.426,31.702,0.0,-2.95367534400254,0,40.89389377610987,49.83569415808081,-0.0,0.0,0.0,tucson,431012,12.973891210925675
20_108,20,108,-110.426,31.702,1.0,-2.95367534400254,1,40.89389377610987,49.83569415808081,-2.95367534400254,40.89389377610987,49.83569415808081,tucson,125527,11.740276153857035
20_109,20,109,-110.382,31.702,0.0,-3.4169329395654877,0,40.84886121843714,52.339898925460346,-0.0,0.0,0.0,tucson,431012,12.973891210925675
20_109,20,109,-110.382,31.702,1.0,-3.4169329395654877,1,40.84886121843714,52.339898925460346,-3.4169329395654877,40.84886121843714,52.339898925460346,tucson,125527,11.740276153857035
21_63,21,63,-112.406,31.746000000000002,0.0,2.3361231864229275,1,0.7904066539300283,79.42949613497491,0.0,0.0,0.0,tucson,431012,12.973891210925675
21_63,21,63,-112.406,31.746000000000002,1.0,2.3361231864229275,1,0.7904066539300283,79.42949613497491,2.3361231864229275,0.7904066539300283,79.42949613497491,tucson,125527,11.740276153857035
21_66,21,66,-112.274,31.746000000000002,0.0,0.9089655947180234,1,3.4844391037059887,67.7622341064814,0.0,0.0,0.0,tucson,431012,12.973891210925675
21_66,21,66,-112.274,31.746000000000002,1.0,0.9089655947180234,0,3.4844391037059887,67.7622341064814,0.9089655947180234,3.4844391037059887,67.7622341064814,tucson,125527,11.740276153857035
21_67,21,67,-112.23,31.746000000000002,0.0,1.3558178167876738,0,4.895246319648452,63.945034295941696,0.0,0.0,0.0,tucson,431012,12.973891210925675
21_67,21,67,-112.23,31.746000000000002,1.0,1.3558178167876738,4,4.895246319648452,63.945034295941696,1.3558178167876738,4.895246319648452,63.945034295941696,tucson,125527,11.740276153857035
21_68,21,68,-112.186,31.746000000000002,0.0,0.7121464054745517,1,6.329469227626593,60.17521354565445,0.0,0.0,0.0,tucson,431012,12.973891210925675
21_68,21,68,-112.186,31.746000000000002,1.0,0.7121464054745517,7,6.329469227626593,60.17521354565445,0.7121464054745517,6.329469227626593,60.17521354565445,tucson,125527,11.740276153857035
21_69,21,69,-112.142,31.746000000000002,0.0,0.12777443044051873,0,7.757793063077339,56.46225074064209,0.0,0.0,0.0,tucson,431012,12.973891210925675
21_69,21,69,-112.142,31.746000000000002,1.0,0.12777443044051873,2,7.757793063077339,56.46225074064209,0.12777443044051873,7.757793063077339,56.46225074064209,tucson,125527,11.740276153857035
21_70,21,70,-112.098,31.746000000000002,0.0,-0.3671753345776718,3,9.183050376898134,52.81812577743696,-0.0,0.0,0.0,tucson,431012,12.973891210925675
21_70,21,70,-112.098,31.746000000000002,1.0,-0.3671753345776718,4,9.183050376898134,52.81812577743696,-0.3671753345776718,9.183050376898134,52.81812577743696,tucson,125527,11.740276153857035
21_71,21,71,-112.054,31.746000000000002,0.0,-0.6653386913546787,2,10.61949846556372,49.25810628127953,-0.0,0.0,0.0,tucson,431012,12.973891210925675
21_71,21,71,-112.054,31.746000000000002,1.0,-0.6653386913546787,5,10.61949846556372,49.25810628127953,-0.6653386913546787,10.61949846556372,49.25810628127953,tucson,125527,11.740276153857035
21_72,21,72,-112.01,31.746000000000002,0.0,-0.021627798866614978,2,12.049890842750798,45.80179513348065,-0.0,0.0,0.0,tucson,431012,12.973891210925675
21_72,21,72,-112.01,31.746000000000002,1.0,-0.021627798866614978,3,12.049890842750798,45.80179513348065,-0.021627798866614978,12.049890842750798,45.80179513348065,tucson,125527,11.740276153857035
21_73,21,73,-111.96600000000001,31.746000000000002,0.0,-0.026176060615878932,0,13.486596283858463,42.474503896409736,-0.0,0.0,0.0,tucson,431012,12.973891210925675
21_73,21,73,-111.96600000000001,31.746000000000002,1.0,-0.026176060615878932,13,13.486596283858463,42.474503896409736,-0.026176060615878932,13.486596283858463,42.474503896409736,tucson,125527,11.740276153857035
21_74,21,74,-111.922,31.746000000000002,0.0,-0.8601386075942257,3,14.938132061044742,39.30899491726472,-0.0,0.0,0.0,tucson,431012,12.973891210925675
21_74,21,74,-111.922,31.746000000000002,1.0,-0.8601386075942257,4,14.938132061044742,39.30899491726472,-0.8601386075942257,14.938132061044742,39.30899491726472,tucson,125527,11.740276153857035
21_75,21,75,-111.878,31.746000000000002,0.0,-1.7570608858249273,0,16.374242366255594,36.347547477225284,-0.0,0.0,0.0,tucson,431012,12.973891210925675
21_75,21,75,-111.878,31.746000000000002,1.0,-1.7570608858249273,1,16.374242366255594,36.347547477225284,-1.7570608858249273,16.374242366255594,36.347547477225284,tucson,125527,11.740276153857035
21_76,21,76,-111.834,31.746000000000002,0.0,-1.8769036865055067,3,17.809724633960712,33.64407650121324,-0.0,0.0,0.0,tucson,431012,12.973891210925675
21_76,21,76,-111.834,31.746000000000002,1.0,-1.8769036865055067,4,17.809724633960712,33.64407650121324,-1.8769036865055067,17.809724633960712,33.64407650121324,tucson,125527,11.740276153857035
21_77,21,77,-111.79,31.746000000000002,0.0,-2.086891336044016,2,19.24524373642193,31.265559123062935,-0.0,0.0,0.0,tucson,431012,12.973891210925675
21_77,21,77,-111.79,31.746000000000002,1.0,-2.086891336044016,2,19.24524373642193,31.265559123062935,-2.086891336044016,19.24524373642193,31.265559123062935,tucson,125527,11.740276153857035
21_78,21,78,-111.74600000000001,31.746000000000002,0.0,-2.234318639247411,0,20.69122056510984,29.29124870163103,-0.0,0.0,0.0,tucson,431012,12.973891210925675
21_78,21,78,-111.74600000000001,31.746000000000002,1.0,-2.234318639247411,2,20.69122056510984,29.29124870163103,-2.234318639247411,20.69122056510984,29.29124870163103,tucson,125527,11.740276153857035
21_79,21,79,-111.702,31.746000000000002,0.0,-1.9015367289821312,4,22.13556719236136,27.80735980417701,-0.0,0.0,0.0,tucson,431012,12.973891210925675
21_79,21,79,-111.702,31.746000000000002,1.0,-1.9015367289821312,2,22.13556719236136,27.80735980417701,-1.9015367289821312,22.13556719236136,27.80735980417701,tucson,125527,11.740276153857035
21_81,21,81,-111.614,31.746000000000002,0.0,1.4731356093104497,0,25.04737781488717,26.613532794686694,0.0,0.0,0.0,tucson,431012,12.973891210925675
21_81,21,81,-111.614,31.746000000000002,1.0,1.4731356093104497,7,25.04737781488717,26.613532794686694,1.4731356093104497,25.04737781488717,26.613532794686694,tucson,125527,11.740276153857035
21_82,21,82,-111.57000000000001,31.746000000000002,0.0,-1.2215519219403883,1,26.4803805355404,26.982172445840565,-0.0,0.0,0.0,tucson,431012,12.973891210925675
21_82,21,82,-111.57000000000001,31.746000000000002,1.0,-1.2215519219403883,1,26.4803805355404,26.982172445840565,-1.2215519219403883,26.4803805355404,26.982172445840565,tucson,125527,11.740276153857035
21_83,21,83,-111.526,31.746000000000002,0.0,-3.060257719886897,0,27.93987197680716,27.975388508190406,-0.0,0.0,0.0,tucson,431012,12.973891210925675
21_83,21,83,-111.526,31.746000000000002,1.0,-3.060257719886897,1,27.93987197680716,27.975388508190406,-3.060257719886897,27.93987197680716,27.975388508190406,tucson,125527,11.740276153857035
21_84,21,84,-111.482,31.746000000000002,0.0,-4.79311722055383,2,29.39478780154875,29.43793450688965,-0.0,0.0,0.0,tucson,431012,12.973891210925675
21_84,21,84,-111.482,31.746000000000002,1.0,-4.79311722055383,0,29.39478780154875,29.43793450688965,-4.79311722055383,29.39478780154875,29.43793450688965,tucson,125527,11.740276153857035
21_85,21,85,-111.438,31.746000000000002,0.0,-4.378832084751674,0,30.85171397879287,31.314428784789666,-0.0,0.0,0.0,tucson,431012,12.973891210925675
21_85,21,85,-111.438,31.746000000000002,1.0,-4.378832084751674,1,30.85171397879287,31.314428784789666,-4.378832084751674,30.85171397879287,31.314428784789666,tucson,125527,11.740276153857035
21_86,21,86,-111.394,31.746000000000002,0.0,-4.137946404855781,3,32.31001262076785,33.60687814170575,-0.0,0.0,0.0,tucson,431012,12.973891210925675
21_86,21,86,-111.394,31.746000000000002,1.0,-4.137946404855781,2,32.31001262076785,33.60687814170575,-4.137946404855781,32.31001262076785,33.60687814170575,tucson,125527,11.740276153857035
21_87,21,87,-111.35000000000001,31.746000000000002,0.0,-4.284812546150677,1,33.64812250488005,35.04036400036777,-0.0,0.0,0.0,tucson,431012,12.973891210925675
21_87,21,87,-111.35000000000001,31.746000000000002,1.0,-4.284812546150677,1,33.64812250488005,35.04036400036777,-4.284812546150677,33.64812250488005,35.04036400036777,tucson,125527,11.740276153857035
21_89,21,89,-111.262,31.746000000000002,0.0,-2.0505185019981313,2,36.68663064037517,36.7173528581161,-0.0,0.0,0.0,tucson,431012,12.973891210925675
21_89,21,89,-111.262,31.746000000000002,1.0,-2.0505185019981313,0,36.68663064037517,36.7173528581161,-2.0505185019981313,36.68663064037517,36.7173528581161,tucson,125527,11.740276153857035
21_90,21,90,-111.218,31.746000000000002,0.0,-3.292657925139065,0,38.14712099213384,38.19549131653827,-0.0,0.0,0.0,tucson,431012,12.973891210925675
21_90,21,90,-111.218,31.746000000000002,1.0,-3.292657925139065,1,38.14712099213384,38.19549131653827,-3.292657925139065,38.14712099213384,38.19549131653827,tucson,125527,11.740276153857035
21_91,21,91,-111.174,31.746000000000002,0.0,-4.1743548077267985,2,39.736356708718446,39.608642414869095,-0.0,0.0,0.0,tucson,431012,12.973891210925675
21_91,21,91,-111.174,31.746000000000002,1.0,-4.1743548077267985,1,39.736356708718446,39.608642414869095,-4.1743548077267985,39.736356708718446,39.608642414869095,tucson,125527,11.740276153857035
21_92,21,92,-111.13000000000001,31.746000000000002,0.0,-4.022313040838345,3,41.213668704937234,41.073842418706406,-0.0,0.0,0.0,tucson,431012,12.973891210925675
21_92,21,92,-111.13000000000001,31.746000000000002,1.0,-4.022313040838345,0,41.213668704937234,41.073842418706406,-4.022313040838345,41.213668704937234,41.073842418706406,tucson,125527,11.740276153857035
21_93,21,93,-111.086,31.746000000000002,0.0,-4.348557088962972,6,42.499293280782574,42.58763199430396,-0.0,0.0,0.0,tucson,431012,12.973891210925675
21_93,21,93,-111.086,31.746000000000002,1.0,-4.348557088962972,1,42.499293280782574,42.58763199430396,-4.348557088962972,42.499293280782574,42.58763199430396,tucson,125527,11.740276153857035
21_94,21,94,-111.042,31.746000000000002,0.0,-4.390661987425459,6,44.10407439249657,44.008788902295805,-0.0,0.0,0.0,tucson,431012,12.973891210925675
21_94,21,94,-111.042,31.746000000000002,1.0,-4.390661987425459,3,44.10407439249657,44.008788902295805,-4.390661987425459,44.10407439249657,44.008788902295805,tucson,125527,11.740276153857035
21_95,21,95,-110.998,31.746000000000002,0.0,-4.198576829420274,0,45.626743880001946,45.47723436392228,-0.0,0.0,0.0,tucson,431012,12.973891210925675
21_95,21,95,-110.998,31.746000000000002,1.0,-4.198576829420274,2,45.626743880001946,45.47723436392228,-4.198576829420274,45.626743880001946,45.47723436392228,tucson,125527,11.740276153857035
21_96,21,96,-110.95400000000001,31.746000000000002,0.0,-3.1598319775969435,0,45.80077278068833,46.685090025471844,-0.0,0.0,0.0,tucson,431012,12.973891210925675
21_96,21,96,-110.95400000000001,31.746000000000002,1.0,-3.1598319775969435,2,45.80077278068833,46.685090025471844,-3.1598319775969435,45.80077278068833,46.685090025471844,tucson,125527,11.740276153857035
21_98,21,98,-110.866,31.746000000000002,0.0,2.921747373045359,1,45.69050053485971,46.93776004093655,0.0,0.0,0.0,tucson,431012,12.973891210925675
21_98,21,98,-110.866,31.746000000000002,1.0,2.921747373045359,0,45.69050053485971,46.93776004093655,2.921747373045359,45.69050053485971,46.93776004093655,tucson,125527,11.740276153857035
21_99,21,99,-110.822,31.746000000000002,0.0,3.4804495169606997,1,45.698291176151564,46.17417598386019,0.0,0.0,0.0,tucson,431012,12.973891210925675
21_99,21,99,-110.822,31.746000000000002,1.0,3.4804495169606997,0,45.698291176151564,46.17417598386019,3.4804495169606997,45.698291176151564,46.17417598386019,tucson,125527,11.740276153857035
21_100,21,100,-110.778,31.746000000000002,0.0,-1.3528955214948666,1,45.70603797810357,45.78040174938836,-0.0,0.0,0.0,tucson,431012,12.973891210925675
21_100,21,100,-110.778,31.746000000000002,1.0,-1.3528955214948666,0,45.70603797810357,45.78040174938836,-1.3528955214948666,45.70603797810357,45.78040174938836,tucson,125527,11.740276153857035
21_103,21,103,-110.646,31.746000000000002,0.0,-4.193503364986816,1,45.752919307576676,46.369925548363874,-0.0,0.0,0.0,tucson,431012,12.973891210925675
21_103,21,103,-110.646,31.746000000000002,1.0,-4.193503364986816,0,45.752919307576676,46.369925548363874,-4.193503364986816,45.752919307576676,46.369925548363874,tucson,125527,11.740276153857035
21_106,21,106,-110.51400000000001,31.746000000000002,0.0,-4.28128311688022,0,45.78577002316109,49.9871439272451,-0.0,0.0,0.0,tucson,431012,12.973891210925675
21_106,21,106,-110.51400000000001,31.746000000000002,1.0,-4.28128311688022,1,45.78577002316109,49.9871439272451,-4.28128311688022,45.78577002316109,49.9871439272451,tucson,125527,11.740276153857035
21_110,21,110,-110.33800000000001,31.746000000000002,0.0,-3.8287997574336696,1,45.72046572284009,58.75313153048124,-0.0,0.0,0.0,tucson,431012,12.973891210925675
21_110,21,110,-110.33800000000001,31.746000000000002,1.0,-3.8287997574336696,0,45.72046572284009,58.75313153048124,-3.8287997574336696,45.72046572284009,58.75313153048124,tucson,125527,11.740276153857035
21_114,21,114,-110.162,31.746000000000002,0.0,-3.1450098870317698,0,45.64866775408882,70.4518228491075,-0.0,0.0,0.0,tucson,431012,12.973891210925675
21_114,21,114,-110.162,31.746000000000002,1.0,-3.1450098870317698,1,45.64866775408882,70.4518228491075,-3.1450098870317698,45.64866775408882,70.4518228491075,tucson,125527,11.740276153857035
22_60,22,60,-112.538,31.79,0.0,2.9065740155306194,1,1.0117867181997642,92.842958851011,0.0,0.0,0.0,tucson,431012,12.973891210925675
22_60,22,60,-112.538,31.79,1.0,2.9065740155306194,0,1.0117867181997642,92.842958851011,2.9065740155306194,1.0117867181997642,92.842958851011,tucson,125527,11.740276153857035
22_62,22,62,-112.45,31.79,0.0,1.2334743811435631,0,2.3852233882963785,85.03907368823886,0.0,0.0,0.0,tucson,431012,12.973891210925675
22_62,22,62,-112.45,31.79,1.0,1.2334743811435631,2,2.3852233882963785,85.03907368823886,1.2334743811435631,2.3852233882963785,85.03907368823886,tucson,125527,11.740276153857035
22_63,22,63,-112.406,31.79,0.0,1.4198863798610575,0,3.8045648349149754,81.17763867697012,0.0,0.0,0.0,tucson,431012,12.973891210925675
22_63,22,63,-112.406,31.79,1.0,1.4198863798610575,2,3.8045648349149754,81.17763867697012,1.4198863798610575,3.8045648349149754,81.17763867697012,tucson,125527,11.740276153857035
22_65,22,65,-112.318,31.79,0.0,1.5109054710677776,1,6.645356272378002,73.55699647449586,0.0,0.0,0.0,tucson,431012,12.973891210925675
22_65,22,65,-112.318,31.79,1.0,1.5109054710677776,0,6.645356272378002,73.55699647449586,1.5109054710677776,6.645356272378002,73.55699647449586,tucson,125527,11.740276153857035
22_66,22,66,-112.274,31.79,0.0,0.8504862758032696,0,8.065750547026115,69.80892771148862,0.0,0.0,0.0,tucson,431012,12.973891210925675
22_66,22,66,-112.274,31.79,1.0,0.8504862758032696,1,8.065750547026115,69.80892771148862,0.8504862758032696,8.065750547026115,69.80892771148862,tucson,125527,11.740276153857035
22_67,22,67,-112.23,31.79,0.0,0.5526945107276104,1,9.484718647458388,66.1117837384581,0.0,0.0,0.0,tucson,431012,12.973891210925675
22_67,22,67,-112.23,31.79,1.0,0.5526945107276104,0,9.484718647458388,66.1117837384581,0.5526945107276104,9.484718647458388,66.1117837384581,tucson,125527,11.740276153857035
22_68,22,68,-112.186,31.79,0.0,0.05062018248360667,0,10.896360679803832,62.474594884781965,0.0,0.0,0.0,tucson,431012,12.973891210925675
22_68,22,68,-112.186,31.79,1.0,0.05062018248360667,1,10.896360679803832,62.474594884781965,0.05062018248360667,10.896360679803832,62.474594884781965,tucson,125527,11.740276153857035
22_69,22,69,-112.142,31.79,0.0,-0.19654696075288625,0,12.329931025382303,58.908456151583195,-0.0,0.0,0.0,tucson,431012,12.973891210925675
22_69,22,69,-112.142,31.79,1.0,-0.19654696075288625,6,12.329931025382303,58.908456151583195,-0.19654696075288625,12.329931025382303,58.908456151583195,tucson,125527,11.740276153857035
22_70,22,70,-112.098,31.79,0.0,-0.5895768523266428,1,13.760722927840334,55.42707146018074,-0.0,0.0,0.0,tucson,431012,12.973891210925675
22_70,22,70,-112.098,31.79,1.0,-0.5895768523266428,3,13.760722927840334,55.42707146018074,-0.5895768523266428,13.760722927840334,55.42707146018074,tucson,125527,11.740276153857035
22_71,22,71,-112.054,31.79,0.0,-0.7476156878041801,3,15.195161809260243,52.04743888633746,-0.0,0.0,0.0,tucson,431012,12.973891210925675
22_71,22,71,-112.054,31.79,1.0,-0.7476156878041801,3,15.195161809260243,52.04743888633746,-0.7476156878041801,15.195161809260243,52.04743888633746,tucson,125527,11.740276153857035
22_72,22,72,-112.01,31.79,0.0,-1.1057599527701127,2,16.635332557707837,48.7906952936174,-0.0,0.0,0.0,tucson,431012,12.973891210925675
22_72,22,72,-112.01,31.79,1.0,-1.1057599527701127,3,16.635332557707837,48.7906952936174,-1.1057599527701127,16.635332557707837,48.7906952936174,tucson,125527,11.740276153857035
22_73,22,73,-111.96600000000001,31.79,0.0,-0.8510810712696286,2,18.06216858658147,45.68311801554212,-0.0,0.0,0.0,tucson,431012,12.973891210925675
22_73,22,73,-111.96600000000001,31.79,1.0,-0.8510810712696286,2,18.06216858658147,45.68311801554212,-0.8510810712696286,18.06216858658147,45.68311801554212,tucson,125527,11.740276153857035
22_74,22,74,-111.922,31.79,0.0,-1.9942869033561565,1,19.509173889506933,42.757230791220714,-0.0,0.0,0.0,tucson,431012,12.973891210925675
22_74,22,74,-111.922,31.79,1.0,-1.9942869033561565,5,19.509173889506933,42.757230791220714,-1.9942869033561565,19.509173889506933,42.757230791220714,tucson,125527,11.740276153857035
22_75,22,75,-111.878,31.79,0.0,-2.188357327608294,1,20.939165221082206,40.052858303863765,-0.0,0.0,0.0,tucson,431012,12.973891210925675
22_75,22,75,-111.878,31.79,1.0,-2.188357327608294,5,20.939165221082206,40.052858303863765,-2.188357327608294,20.939165221082206,40.052858303863765,tucson,125527,11.740276153857035
22_76,22,76,-111.834,31.79,0.0,-2.431477887928378,1,22.388517949484136,37.61779255724723,-0.0,0.0,0.0,tucson,431012,12.973891210925675
22_76,22,76,-111.834,31.79,1.0,-2.431477887928378,10,22.388517949484136,37.61779255724723,-2.431477887928378,22.388517949484136,37.61779255724723,tucson,125527,11.740276153857035
22_77,22,77,-111.79,31.79,0.0,-2.827573535817498,3,23.843406297197397,35.507470196650246,-0.0,0.0,0.0,tucson,431012,12.973891210925675
22_77,22,77,-111.79,31.79,1.0,-2.827573535817498,0,23.843406297197397,35.507470196650246,-2.827573535817498,23.843406297197397,35.507470196650246,tucson,125527,11.740276153857035
22_78,22,78,-111.74600000000001,31.79,0.0,-2.7705838787934707,2,25.265459315734013,33.78279088639174,-0.0,0.0,0.0,tucson,431012,12.973891210925675
22_78,22,78,-111.74600000000001,31.79,1.0,-2.7705838787934707,1,25.265459315734013,33.78279088639174,-2.7705838787934707,25.265459315734013,33.78279088639174,tucson,125527,11.740276153857035
22_79,22,79,-111.702,31.79,0.0,-2.2720739399745815,1,26.709670328521955,32.50518520011291,-0.0,0.0,0.0,tucson,431012,12.973891210925675
22_79,22,79,-111.702,31.79,1.0,-2.2720739399745815,1,26.709670328521955,32.50518520011291,-2.2720739399745815,26.709670328521955,32.50518520011291,tucson,125527,11.740276153857035
22_80,22,80,-111.658,31.79,0.0,-1.5264367870128959,1,28.169873786374236,31.728693564312103,-0.0,0.0,0.0,tucson,431012,12.973891210925675
22_80,22,80,-111.658,31.79,1.0,-1.5264367870128959,2,28.169873786374236,31.728693564312103,-1.5264367870128959,28.169873786374236,31.728693564312103,tucson,125527,11.740276153857035
22_81,22,81,-111.614,31.79,0.0,2.7605939762918097,0,29.60497640202377,31.490396096877422,0.0,0.0,0.0,tucson,431012,12.973891210925675
22_81,22,81,-111.614,31.79,1.0,2.7605939762918097,2,29.60497640202377,31.490396096877422,2.7605939762918097,29.60497640202377,31.490396096877422,tucson,125527,11.740276153857035
22_82,22,82,-111.57000000000001,31.79,0.0,1.8039334285719688,0,31.069550276957962,31.802383040313895,0.0,0.0,0.0,tucson,431012,12.973891210925675
22_82,22,82,-111.57000000000001,31.79,1.0,1.8039334285719688,1,31.069550276957962,31.802383040313895,1.8039334285719688,31.069550276957962,31.802383040313895,tucson,125527,11.740276153857035
22_84,22,84,-111.482,31.79,0.0,-4.85036903472837,3,34.03622256425798,33.975483680706304,-0.0,0.0,0.0,tucson,431012,12.973891210925675
22_84,22,84,-111.482,31.79,1.0,-4.85036903472837,2,34.03622256425798,33.975483680706304,-4.85036903472837,34.03622256425798,33.975483680706304,tucson,125527,11.740276153857035
22_85,22,85,-111.438,31.79,0.0,-5.2838369008077155,1,35.420510706061314,35.61291513833065,-0.0,0.0,0.0,tucson,431012,12.973891210925675
22_85,22,85,-111.438,31.79,1.0,-5.2838369008077155,0,35.420510706061314,35.61291513833065,-5.2838369008077155,35.420510706061314,35.61291513833065,tucson,125527,11.740276153857035
22_86,22,86,-111.394,31.79,0.0,-5.007309860237982,0,36.87693779470335,37.643551233195524,-0.0,0.0,0.0,tucson,431012,12.973891210925675
22_86,22,86,-111.394,31.79,1.0,-5.007309860237982,1,36.87693779470335,37.643551233195524,-5.007309860237982,36.87693779470335,37.643551233195524,tucson,125527,11.740276153857035
22_87,22,87,-111.35000000000001,31.79,0.0,-4.7840937467154365,1,38.27273587435016,39.9012054501219,-0.0,0.0,0.0,tucson,431012,12.973891210925675
22_87,22,87,-111.35000000000001,31.79,1.0,-4.7840937467154365,0,38.27273587435016,39.9012054501219,-4.7840937467154365,38.27273587435016,39.9012054501219,tucson,125527,11.740276153857035
22_88,22,88,-111.306,31.79,0.0,-4.491075799589584,1,39.712911946335495,40.43298840451524,-0.0,0.0,0.0,tucson,431012,12.973891210925675
22_88,22,88,-111.306,31.79,1.0,-4.491075799589584,0,39.712911946335495,40.43298840451524,-4.491075799589584,39.712911946335495,40.43298840451524,tucson,125527,11.740276153857035
22_90,22,90,-111.218,31.79,0.0,-3.6849685332598665,0,42.75025457501208,42.71322880931258,-0.0,0.0,0.0,tucson,431012,12.973891210925675
22_90,22,90,-111.218,31.79,1.0,-3.6849685332598665,2,42.75025457501208,42.71322880931258,-3.6849685332598665,42.75025457501208,42.71322880931258,tucson,125527,11.740276153857035
22_91,22,91,-111.174,31.79,0.0,-3.943878150570557,0,44.19984218417063,44.178058576575204,-0.0,0.0,0.0,tucson,431012,12.973891210925675
22_91,22,91,-111.174,31.79,1.0,-3.943878150570557,1,44.19984218417063,44.178058576575204,-3.943878150570557,44.19984218417063,44.178058576575204,tucson,125527,11.740276153857035
22_92,22,92,-111.13000000000001,31.79,0.0,-4.036373469859502,0,45.93732880492246,45.63886238562232,-0.0,0.0,0.0,tucson,431012,12.973891210925675
22_92,22,92,-111.13000000000001,31.79,1.0,-4.036373469859502,3,45.93732880492246,45.63886238562232,-4.036373469859502,45.93732880492246,45.63886238562232,tucson,125527,11.740276153857035
22_93,22,93,-111.086,31.79,0.0,-4.218143185607227,5,47.09363296362443,47.10441761097758,-0.0,0.0,0.0,tucson,431012,12.973891210925675
22_93,22,93,-111.086,31.79,1.0,-4.218143185607227,6,47.09363296362443,47.10441761097758,-4.218143185607227,47.09363296362443,47.10441761097758,tucson,125527,11.740276153857035
22_94,22,94,-111.042,31.79,0.0,-4.220297277225743,4,48.56425222853203,48.57219492890142,-0.0,0.0,0.0,tucson,431012,12.973891210925675
22_94,22,94,-111.042,31.79,1.0,-4.220297277225743,6,48.56425222853203,48.57219492890142,-4.220297277225743,48.56425222853203,48.57219492890142,tucson,125527,11.740276153857035
22_95,22,95,-110.998,31.79,0.0,-4.437427637649763,2,50.31705000736183,50.04038938069867,-0.0,0.0,0.0,tucson,431012,12.973891210925675
22_95,22,95,-110.998,31.79,1.0,-4.437427637649763,4,50.31705000736183,50.04038938069867,-4.437427637649763,50.31705000736183,50.04038938069867,tucson,125527,11.740276153857035
22_96,22,96,-110.95400000000001,31.79,0.0,-4.271712938762116,0,50.677573501954726,51.481803012957236,-0.0,0.0,0.0,tucson,431012,12.973891210925675
22_96,22,96,-110.95400000000001,31.79,1.0,-4.271712938762116,1,50.677573501954726,51.481803012957236,-4.271712938762116,50.677573501954726,51.481803012957236,tucson,125527,11.740276153857035
22_101,22,101,-110.73400000000001,31.79,0.0,-4.436396628116307,1,50.68014326780824,50.6091988584872,-0.0,0.0,0.0,tucson,431012,12.973891210925675
22_101,22,101,-110.73400000000001,31.79,1.0,-4.436396628116307,1,50.68014326780824,50.6091988584872,-4.436396628116307,50.68014326780824,50.6091988584872,tucson,125527,11.740276153857035
22_102,22,102,-110.69,31.79,0.0,-4.429066181603892,0,50.61207176648803,50.731151139886194,-0.0,0.0,0.0,tucson,431012,12.973891210925675
22_102,22,102,-110.69,31.79,1.0,-4.429066181603892,1,50.61207176648803,50.731151139886194,-4.429066181603892,50.61207176648803,50.731151139886194,tucson,125527,11.740276153857035
22_104,22,104,-110.602,31.79,0.0,-3.1737006736660325,1,50.650973139359024,51.973867387771485,-0.0,0.0,0.0,tucson,431012,12.973891210925675
22_104,22,104,-110.602,31.79,1.0,-3.1737006736660325,0,50.650973139359024,51.973867387771485,-3.1737006736660325,50.650973139359024,51.973867387771485,tucson,125527,11.740276153857035
22_110,22,110,-110.33800000000001,31.79,0.0,-4.166214616951576,0,50.597342486701706,62.619405628383056,-0.0,0.0,0.0,tucson,431012,12.973891210925675
22_110,22,110,-110.33800000000001,31.79,1.0,-4.166214616951576,1,50.597342486701706,62.619405628383056,-4.166214616951576,50.597342486701706,62.619405628383056,tucson,125527,11.740276153857035
22_112,22,112,-110.25,31.79,0.0,-3.4491879246229944,0,50.5571003729187,67.87373566194539,-0.0,0.0,0.0,tucson,431012,12.973891210925675
22_112,22,112,-110.25,31.79,1.0,-3.4491879246229944,1,50.5571003729187,67.87373566194539,-3.4491879246229944,50.5571003729187,67.87373566194539,tucson,125527,11.740276153857035
23_56,23,56,-112.714,31.834,0.0,0.7536482852835875,1,2.383504667575711,110.18216885021485,0.0,0.0,0.0,tucson,431012,12.973891210925675
23_56,23,56,-112.714,31.834,1.0,0.7536482852835875,1,2.383504667575711,110.18216885021485,0.7536482852835875,2.383504667575711,110.18216885021485,tucson,125527,11.740276153857035
23_57,23,57,-112.67,31.834,0.0,-0.7579804066971386,0,3.2273326579612585,106.25275900401759,-0.0,0.0,0.0,tucson,431012,12.973891210925675
23_57,23,57,-112.67,31.834,1.0,-0.7579804066971386,1,3.2273326579612585,106.25275900401759,-0.7579804066971386,3.2273326579612585,106.25275900401759,tucson,125527,11.740276153857035
23_58,23,58,-112.626,31.834,0.0,1.0888258615775785,0,1.2890771842372757,102.34262480702694,0.0,0.0,0.0,tucson,431012,12.973891210925675
23_58,23,58,-112.626,31.834,1.0,1.0888258615775785,1,1.2890771842372757,102.34262480702694,1.0888258615775785,1.2890771842372757,102.34262480702694,tucson,125527,11.740276153857035
23_59,23,59,-112.58200000000001,31.834,0.0,0.9741244098655246,0,2.7679941875873078,98.45405330154306,0.0,0.0,0.0,tucson,431012,12.973891210925675
23_59,23,59,-112.58200000000001,31.834,1.0,0.9741244098655246,1,2.7679941875873078,98.45405330154306,0.9741244098655246,2.7679941875873078,98.45405330154306,tucson,125527,11.740276153857035
23_60,23,60,-112.538,31.834,0.0,1.0462330204823083,0,4.140130883012199,94.58969413709355,0.0,0.0,0.0,tucson,431012,12.973891210925675
23_60,23,60,-112.538,31.834,1.0,1.0462330204823083,1,4.140130883012199,94.58969413709355,1.0462330204823083,4.140130883012199,94.58969413709355,tucson,125527,11.740276153857035
23_62,23,62,-112.45,31.834,0.0,0.9423798176716105,0,6.969495931007888,86.94646635276902,0.0,0.0,0.0,tucson,431012,12.973891210925675
23_62,23,62,-112.45,31.834,1.0,0.9423798176716105,1,6.969495931007888,86.94646635276902,0.9423798176716105,6.969495931007888,86.94646635276902,tucson,125527,11.740276153857035
23_64,23,64,-112.36200000000001,31.834,0.0,1.6225947027523908,0,9.785048170463087,79.4445250695658,0.0,0.0,0.0,tucson,431012,12.973891210925675
23_64,23,64,-112.36200000000001,31.834,1.0,1.6225947027523908,3,9.785048170463087,79.4445250695658,1.6225947027523908,9.785048170463087,79.4445250695658,tucson,125527,11.740276153857035
23_66,23,66,-112.274,31.834,0.0,1.0108727643261597,1,12.651930138350897,72.12788049871047,0.0,0.0,0.0,tucson,431012,12.973891210925675
23_66,23,66,-112.274,31.834,1.0,1.0108727643261597,0,12.651930138350897,72.12788049871047,1.0108727643261597,12.651930138350897,72.12788049871047,tucson,125527,11.740276153857035
23_67,23,67,-112.23,31.834,0.0,0.2785378392244147,2,14.069467255403369,68.55761773251794,0.0,0.0,0.0,tucson,431012,12.973891210925675
23_67,23,67,-112.23,31.834,1.0,0.2785378392244147,2,14.069467255403369,68.55761773251794,0.2785378392244147,14.069467255403369,68.55761773251794,tucson,125527,11.740276153857035
23_68,23,68,-112.186,31.834,0.0,-0.1910305807983998,0,15.48266815787062,65.05898762462537,-0.0,0.0,0.0,tucson,431012,12.973891210925675
23_68,23,68,-112.186,31.834,1.0,-0.1910305807983998,1,15.48266815787062,65.05898762462537,-0.1910305807983998,15.48266815787062,65.05898762462537,tucson,125527,11.740276153857035
23_69,23,69,-112.142,31.834,0.0,-0.23752650069471798,1,16.911656625743312,61.6441770088966,-0.0,0.0,0.0,tucson,431012,12.973891210925675
23_69,23,69,-112.142,31.834,1.0,-0.23752650069471798,8,16.911656625743312,61.6441770088966,-0.23752650069471798,16.911656625743312,61.6441770088966,tucson,125527,11.740276153857035
23_70,23,70,-112.098,31.834,0.0,-0.694233749171738,1,18.336270355903185,58.32789827593155,-0.0,0.0,0.0,tucson,431012,12.973891210925675
23_70,23,70,-112.098,31.834,1.0,-0.694233749171738,2,18.336270355903185,58.32789827593155,-0.694233749171738,18.336270355903185,58.32789827593155,tucson,125527,11.740276153857035
23_71,23,71,-112.054,31.834,0.0,-0.5446924902433604,2,19.771184205053732,55.12792488611253,-0.0,0.0,0.0,tucson,431012,12.973891210925675
23_71,23,71,-112.054,31.834,1.0,-0.5446924902433604,7,19.771184205053732,55.12792488611253,-0.5446924902433604,19.771184205053732,55.12792488611253,tucson,125527,11.740276153857035
23_72,23,72,-112.01,31.834,0.0,-1.2239553616272751,6,21.21526362741698,52.065694318438624,-0.0,0.0,0.0,tucson,431012,12.973891210925675
23_72,23,72,-112.01,31.834,1.0,-1.2239553616272751,1,21.21526362741698,52.065694318438624,-1.2239553616272751,21.21526362741698,52.065694318438624,tucson,125527,11.740276153857035
23_73,23,73,-111.96600000000001,31.834,0.0,-2.077867347941334,1,22.642567738047084,49.16693858588078,-0.0,0.0,0.0,tucson,431012,12.973891210925675
23_73,23,73,-111.96600000000001,31.834,1.0,-2.077867347941334,3,22.642567738047084,49.16693858588078,-2.077867347941334,22.642567738047084,49.16693858588078,tucson,125527,11.740276153857035
23_74,23,74,-111.922,31.834,0.0,-2.5369068977042413,3,24.081194765552674,46.46225345461475,-0.0,0.0,0.0,tucson,431012,12.973891210925675
23_74,23,74,-111.922,31.834,1.0,-2.5369068977042413,9,24.081194765552674,46.46225345461475,-2.5369068977042413,24.081194765552674,46.46225345461475,tucson,125527,11.740276153857035
23_75,23,75,-111.878,31.834,0.0,-2.4856310563260564,4,25.527211786480464,43.98744066182324,-0.0,0.0,0.0,tucson,431012,12.973891210925675
23_75,23,75,-111.878,31.834,1.0,-2.4856310563260564,5,25.527211786480464,43.98744066182324,-2.4856310563260564,25.527211786480464,43.98744066182324,tucson,125527,11.740276153857035
23_76,23,76,-111.834,31.834,0.0,-3.1497292681574076,9,26.964850313074855,41.78335429446776,-0.0,0.0,0.0,tucson,431012,12.973891210925675
23_76,23,76,-111.834,31.834,1.0,-3.1497292681574076,8,26.964850313074855,41.78335429446776,-3.1497292681574076,26.964850313074855,41.78335429446776,tucson,125527,11.740276153857035
23_77,23,77,-111.79,31.834,0.0,-3.0342121600320286,3,28.408817828876835,39.89487882972577,-0.0,0.0,0.0,tucson,431012,12.973891210925675
23_77,23,77,-111.79,31.834,1.0,-3.0342121600320286,2,28.408817828876835,39.89487882972577,-3.0342121600320286,28.408817828876835,39.89487882972577,tucson,125527,11.740276153857035
23_78,23,78,-111.74600000000001,31.834,0.0,-3.153904719991891,5,29.84098064729202,38.3686337064289,-0.0,0.0,0.0,tucson,431012,12.973891210925675
23_78,23,78,-111.74600000000001,31.834,1.0,-3.153904719991891,2,29.84098064729202,38.3686337064289,-3.153904719991891,29.84098064729202,38.3686337064289,tucson,125527,11.740276153857035
23_79,23,79,-111.702,31.834,0.0,-2.9817818651090473,4,31.285597896734977,37.24916067868337,-0.0,0.0,0.0,tucson,431012,12.973891210925675
23_79,23,79,-111.702,31.834,1.0,-2.9817818651090473,0,31.285597896734977,37.24916067868337,-2.9817818651090473,31.285597896734977,37.24916067868337,tucson,125527,11.740276153857035
23_82,23,82,-111.57000000000001,31.834,0.0,0.7394333891407807,0,35.635932986007404,36.637682193330456,0.0,0.0,0.0,tucson,431012,12.973891210925675
23_82,23,82,-111.57000000000001,31.834,1.0,0.7394333891407807,1,35.635932986007404,36.637682193330456,0.7394333891407807,35.635932986007404,36.637682193330456,tucson,125527,11.740276153857035
23_83,23,83,-111.526,31.834,0.0,-2.604155031637379,0,37.07395848233981,37.37445019555932,-0.0,0.0,0.0,tucson,431012,12.973891210925675
23_83,23,83,-111.526,31.834,1.0,-2.604155031637379,4,37.07395848233981,37.37445019555932,-2.604155031637379,37.07395848233981,37.37445019555932,tucson,125527,11.740276153857035
23_84,23,84,-111.482,31.834,0.0,-5.078564225667723,2,38.54495792092693,38.550917897545276,-0.0,0.0,0.0,tucson,431012,12.973891210925675
23_84,23,84,-111.482,31.834,1.0,-5.078564225667723,0,38.54495792092693,38.550917897545276,-5.078564225667723,38.54495792092693,38.550917897545276,tucson,125527,11.740276153857035
23_85,23,85,-111.438,31.834,0.0,-5.449458348476241,2,39.983694056034466,40.04421769514074,-0.0,0.0,0.0,tucson,431012,12.973891210925675
23_85,23,85,-111.438,31.834,1.0,-5.449458348476241,1,39.983694056034466,40.04421769514074,-5.449458348476241,39.983694056034466,40.04421769514074,tucson,125527,11.740276153857035
23_86,23,86,-111.394,31.834,0.0,-5.323288537046844,0,41.44600205371171,41.85958353274122,-0.0,0.0,0.0,tucson,431012,12.973891210925675
23_86,23,86,-111.394,31.834,1.0,-5.323288537046844,6,41.44600205371171,41.85958353274122,-5.323288537046844,41.44600205371171,41.85958353274122,tucson,125527,11.740276153857035
23_87,23,87,-111.35000000000001,31.834,0.0,-4.790135899115023,2,42.902252454337386,43.996640203318634,-0.0,0.0,0.0,tucson,431012,12.973891210925675
23_87,23,87,-111.35000000000001,31.834,1.0,-4.790135899115023,0,42.902252454337386,43.996640203318634,-4.790135899115023,42.902252454337386,43.996640203318634,tucson,125527,11.740276153857035
23_88,23,88,-111.306,31.834,0.0,-3.335783144895472,1,44.240702122969914,45.23998896151917,-0.0,0.0,0.0,tucson,431012,12.973891210925675
23_88,23,88,-111.306,31.834,1.0,-3.335783144895472,3,44.240702122969914,45.23998896151917,-3.335783144895472,44.240702122969914,45.23998896151917,tucson,125527,11.740276153857035
23_89,23,89,-111.262,31.834,0.0,-3.3310625151526043,1,45.808325986369915,46.088785353002955,-0.0,0.0,0.0,tucson,431012,12.973891210925675
23_89,23,89,-111.262,31.834,1.0,-3.3310625151526043,2,45.808325986369915,46.088785353002955,-3.3310625151526043,45.808325986369915,46.088785353002955,tucson,125527,11.740276153857035
23_90,23,90,-111.218,31.834,0.0,-2.808200455437772,2,47.28819953849573,47.29181896897752,-0.0,0.0,0.0,tucson,431012,12.973891210925675
23_90,23,90,-111.218,31.834,1.0,-2.808200455437772,0,47.28819953849573,47.29181896897752,-2.808200455437772,47.28819953849573,47.29181896897752,tucson,125527,11.740276153857035
23_91,23,91,-111.174,31.834,0.0,-3.08745907670437,0,48.74191878039048,48.79303798290006,-0.0,0.0,0.0,tucson,431012,12.973891210925675
23_91,23,91,-111.174,31.834,1.0,-3.08745907670437,1,48.74191878039048,48.79303798290006,-3.08745907670437,48.74191878039048,48.79303798290006,tucson,125527,11.740276153857035
23_92,23,92,-111.13000000000001,31.834,0.0,-2.705216277867253,0,50.337197867265346,50.204079284660025,-0.0,0.0,0.0,tucson,431012,12.973891210925675
23_92,23,92,-111.13000000000001,31.834,1.0,-2.705216277867253,1,50.337197867265346,50.204079284660025,-2.705216277867253,50.337197867265346,50.204079284660025,tucson,125527,11.740276153857035
23_93,23,93,-111.086,31.834,0.0,-3.2534647705606714,1,51.73975524447896,51.66920716213605,-0.0,0.0,0.0,tucson,431012,12.973891210925675
23_93,23,93,-111.086,31.834,1.0,-3.2534647705606714,1,51.73975524447896,51.66920716213605,-3.2534647705606714,51.73975524447896,51.66920716213605,tucson,125527,11.740276153857035
23_94,23,94,-111.042,31.834,0.0,-4.377492171167537,3,53.097093207117666,53.173195240729186,-0.0,0.0,0.0,tucson,431012,12.973891210925675
23_94,23,94,-111.042,31.834,1.0,-4.377492171167537,5,53.097093207117666,53.173195240729186,-4.377492171167537,53.097093207117666,53.173195240729186,tucson,125527,11.740276153857035
23_95,23,95,-110.998,31.834,0.0,-3.571666025114051,2,54.70493668931873,54.60497344158201,-0.0,0.0,0.0,tucson,431012,12.973891210925675
23_95,23,95,-110.998,31.834,1.0,-3.571666025114051,5,54.70493668931873,54.60497344158201,-3.571666025114051,54.70493668931873,54.60497344158201,tucson,125527,11.740276153857035
23_96,23,96,-110.95400000000001,31.834,0.0,-4.314085338811249,0,55.55442381755435,56.07487065399682,-0.0,0.0,0.0,tucson,431012,12.973891210925675
23_96,23,96,-110.95400000000001,31.834,1.0,-4.314085338811249,3,55.55442381755435,56.07487065399682,-4.314085338811249,55.55442381755435,56.07487065399682,tucson,125527,11.740276153857035
23_97,23,97,-110.91,31.834,0.0,-3.9465453472764387,0,55.501710257740385,57.09616422658068,-0.0,0.0,0.0,tucson,431012,12.973891210925675
23_97,23,97,-110.91,31.834,1.0,-3.9465453472764387,1,55.501710257740385,57.09616422658068,-3.9465453472764387,55.501710257740385,57.09616422658068,tucson,125527,11.740276153857035
23_102,23,102,-110.69,31.834,0.0,-3.724462165987968,4,55.48903836391208,55.597680387577306,-0.0,0.0,0.0,tucson,431012,12.973891210925675
23_102,23,102,-110.69,31.834,1.0,-3.724462165987968,0,55.48903836391208,55.597680387577306,-3.724462165987968,55.48903836391208,55.597680387577306,tucson,125527,11.740276153857035
23_104,23,104,-110.602,31.834,0.0,-3.0587238000832455,0,55.52705043161362,56.73339694088984,-0.0,0.0,0.0,tucson,431012,12.973891210925675
23_104,23,104,-110.602,31.834,1.0,-3.0587238000832455,1,55.52705043161362,56.73339694088984,-3.0587238000832455,55.52705043161362,56.73339694088984,tucson,125527,11.740276153857035
23_108,23,108,-110.426,31.834,0.0,2.1001118965510064,0,55.525093724215324,62.386974351545106,0.0,0.0,0.0,tucson,431012,12.973891210925675
23_108,23,108,-110.426,31.834,1.0,2.1001118965510064,1,55.525093724215324,62.386974351545106,2.1001118965510064,55.525093724215324,62.386974351545106,tucson,125527,11.740276153857035
23_110,23,110,-110.33800000000001,31.834,0.0,-3.6515793782148576,1,55.47429695626483,66.61848973781238,-0.0,0.0,0.0,tucson,431012,12.973891210925675
23_110,23,110,-110.33800000000001,31.834,1.0,-3.6515793782148576,0,55.47429695626483,66.61848973781238,-3.6515793782148576,55.47429695626483,66.61848973781238,tucson,125527,11.740276153857035
23_113,23,113,-110.206,31.834,0.0,-2.190287332907249,0,55.422786359255866,74.28541020653948,-0.0,0.0,0.0,tucson,431012,12.973891210925675
23_113,23,113,-110.206,31.834,1.0,-2.190287332907249,1,55.422786359255866,74.28541020653948,-2.190287332907249,55.422786359255866,74.28541020653948,tucson,125527,11.740276153857035
23_117,23,117,-110.03,31.834,0.0,-2.0347384173875733,0,55.40784468213721,86.29500054994885,-0.0,0.0,0.0,tucson,431012,12.973891210925675
23_117,23,117,-110.03,31.834,1.0,-2.0347384173875733,1,55.40784468213721,86.29500054994885,-2.0347384173875733,55.40784468213721,86.29500054994885,tucson,125527,11.740276153857035
23_124,23,124,-109.72200000000001,31.834,0.0,-1.94262212575788,0,55.420865070321476,68.77582438447934,-0.0,0.0,0.0,tucson,431012,12.973891210925675
23_124,23,124,-109.72200000000001,31.834,1.0,-1.94262212575788,1,55.420865070321476,68.77582438447934,-1.94262212575788,55.420865070321476,68.77582438447934,tucson,125527,11.740276153857035
24_54,24,54,-112.802,31.878,0.0,-1.3451635902709036,1,0.2791994081874072,119.65849943643697,-0.0,0.0,0.0,tucson,431012,12.973891210925675
24_54,24,54,-112.802,31.878,1.0,-1.3451635902709036,4,0.2791994081874072,119.65849943643697,-1.3451635902709036,0.2791994081874072,119.65849943643697,tucson,125527,11.740276153857035
24_55,24,55,-112.75800000000001,31.878,0.0,-1.5627765112662528,2,1.7198510670529965,115.7517541056557,-0.0,0.0,0.0,tucson,431012,12.973891210925675
24_55,24,55,-112.75800000000001,31.878,1.0,-1.5627765112662528,7,1.7198510670529965,115.7517541056557,-1.5627765112662528,1.7198510670529965,115.7517541056557,tucson,125527,11.740276153857035
24_56,24,56,-112.714,31.878,0.0,-1.444417871999406,1,3.101018481182338,111.86417565728631,-0.0,0.0,0.0,tucson,431012,12.973891210925675
24_56,24,56,-112.714,31.878,1.0,-1.444417871999406,5,3.101018481182338,111.86417565728631,-1.444417871999406,3.101018481182338,111.86417565728631,tucson,125527,11.740276153857035
24_57,24,57,-112.67,31.878,0.0,-1.0695607914273977,1,6.104804726777208,107.99782471439411,-0.0,0.0,0.0,tucson,431012,12.973891210925675
24_57,24,57,-112.67,31.878,1.0,-1.0695607914273977,1,6.104804726777208,107.99782471439411,-1.0695607914273977,6.104804726777208,107.99782471439411,tucson,125527,11.740276153857035
24_58,24,58,-112.626,31.878,0.0,0.4867937244776112,0,5.983031644633556,104.15505594979905,0.0,0.0,0.0,tucson,431012,12.973891210925675
24_58,24,58,-112.626,31.878,1.0,0.4867937244776112,2,5.983031644633556,104.15505594979905,0.4867937244776112,5.983031644633556,104.15505594979905,tucson,125527,11.740276153857035
24_59,24,59,-112.58200000000001,31.878,0.0,0.14261853212285958,1,7.620952868814611,100.33856944692997,0.0,0.0,0.0,tucson,431012,12.973891210925675
24_59,24,59,-112.58200000000001,31.878,1.0,0.14261853212285958,0,7.620952868814611,100.33856944692997,0.14261853212285958,7.620952868814611,100.33856944692997,tucson,125527,11.740276153857035
24_62,24,62,-112.45,31.878,0.0,2.1939402013607907,0,11.69447055449287,89.08037258603379,0.0,0.0,0.0,tucson,431012,12.973891210925675
24_62,24,62,-112.45,31.878,1.0,2.1939402013607907,1,11.69447055449287,89.08037258603379,2.1939402013607907,11.69447055449287,89.08037258603379,tucson,125527,11.740276153857035
24_63,24,63,-112.406,31.878,0.0,1.9978216580932355,0,12.97502494166291,85.40536885658736,0.0,0.0,0.0,tucson,431012,12.973891210925675
24_63,24,63,-112.406,31.878,1.0,1.9978216580932355,2,12.97502494166291,85.40536885658736,1.9978216580932355,12.97502494166291,85.40536885658736,tucson,125527,11.740276153857035
24_66,24,66,-112.274,31.878,0.0,0.18568954471683236,2,17.235397260499454,74.69374546398713,0.0,0.0,0.0,tucson,431012,12.973891210925675
24_66,24,66,-112.274,31.878,1.0,0.18568954471683236,0,17.235397260499454,74.69374546398713,0.18568954471683236,17.235397260499454,74.69374546398713,tucson,125527,11.740276153857035
24_67,24,67,-112.23,31.878,0.0,0.10793034173731869,0,18.659383096213663,71.25380959567815,0.0,0.0,0.0,tucson,431012,12.973891210925675
24_67,24,67,-112.23,31.878,1.0,0.10793034173731869,1,18.659383096213663,71.25380959567815,0.10793034173731869,18.659383096213663,71.25380959567815,tucson,125527,11.740276153857035
24_68,24,68,-112.186,31.878,0.0,0.20065533350538414,0,20.07296514019259,67.89586063373802,0.0,0.0,0.0,tucson,431012,12.973891210925675
24_68,24,68,-112.186,31.878,1.0,0.20065533350538414,3,20.07296514019259,67.89586063373802,0.20065533350538414,20.07296514019259,67.89586063373802,tucson,125527,11.740276153857035
24_69,24,69,-112.142,31.878,0.0,1.0168488568040037,0,21.499326115969723,64.63266813654344,0.0,0.0,0.0,tucson,431012,12.973891210925675
24_69,24,69,-112.142,31.878,1.0,1.0168488568040037,6,21.499326115969723,64.63266813654344,1.0168488568040037,21.499326115969723,64.63266813654344,tucson,125527,11.740276153857035
24_70,24,70,-112.098,31.878,0.0,-0.09952772666794207,1,22.92383844780729,61.479311842277106,-0.0,0.0,0.0,tucson,431012,12.973891210925675
24_70,24,70,-112.098,31.878,1.0,-0.09952772666794207,0,22.92383844780729,61.479311842277106,-0.09952772666794207,22.92383844780729,61.479311842277106,tucson,125527,11.740276153857035
24_71,24,71,-112.054,31.878,0.0,-1.3018417541124663,2,24.345499999153894,58.45355962149171,-0.0,0.0,0.0,tucson,431012,12.973891210925675
24_71,24,71,-112.054,31.878,1.0,-1.3018417541124663,1,24.345499999153894,58.45355962149171,-1.3018417541124663,24.345499999153894,58.45355962149171,tucson,125527,11.740276153857035
24_72,24,72,-112.01,31.878,0.0,-2.0625490266564475,1,25.78596918340467,55.57624624348844,-0.0,0.0,0.0,tucson,431012,12.973891210925675
24_72,24,72,-112.01,31.878,1.0,-2.0625490266564475,2,25.78596918340467,55.57624624348844,-2.0625490266564475,25.78596918340467,55.57624624348844,tucson,125527,11.740276153857035
24_73,24,73,-111.96600000000001,31.878,0.0,-2.637608143275962,2,27.227117732801414,52.871601009436304,-0.0,0.0,0.0,tucson,431012,12.973891210925675
24_73,24,73,-111.96600000000001,31.878,1.0,-2.637608143275962,2,27.227117732801414,52.871601009436304,-2.637608143275962,27.227117732801414,52.871601009436304,tucson,125527,11.740276153857035
24_74,24,74,-111.922,31.878,0.0,-3.0218058210936936,7,28.656042408456923,50.36743683188947,-0.0,0.0,0.0,tucson,431012,12.973891210925675
24_74,24,74,-111.922,31.878,1.0,-3.0218058210936936,4,28.656042408456923,50.36743683188947,-3.0218058210936936,28.656042408456923,50.36743683188947,tucson,125527,11.740276153857035
24_75,24,75,-111.878,31.878,0.0,-3.440639185459176,1,30.102043546685387,48.095068559173924,-0.0,0.0,0.0,tucson,431012,12.973891210925675
24_75,24,75,-111.878,31.878,1.0,-3.440639185459176,3,30.102043546685387,48.095068559173924,-3.440639185459176,30.102043546685387,48.095068559173924,tucson,125527,11.740276153857035
24_76,24,76,-111.834,31.878,0.0,-3.445802313521771,9,31.533673715908645,46.08878389869182,-0.0,0.0,0.0,tucson,431012,12.973891210925675
24_76,24,76,-111.834,31.878,1.0,-3.445802313521771,2,31.533673715908645,46.08878389869182,-3.445802313521771,31.533673715908645,46.08878389869182,tucson,125527,11.740276153857035
24_77,24,77,-111.79,31.878,0.0,-3.5370489923398516,16,32.98135831851385,44.384669868528185,-0.0,0.0,0.0,tucson,431012,12.973891210925675
24_77,24,77,-111.79,31.878,1.0,-3.5370489923398516,8,32.98135831851385,44.384669868528185,-3.5370489923398516,32.98135831851385,44.384669868528185,tucson,125527,11.740276153857035
24_78,24,78,-111.74600000000001,31.878,0.0,-3.5788863841625105,8,34.4194371071313,43.018641417770546,-0.0,0.0,0.0,tucson,431012,12.973891210925675
24_78,24,78,-111.74600000000001,31.878,1.0,-3.5788863841625105,3,34.4194371071313,43.018641417770546,-3.5788863841625105,34.4194371071313,43.018641417770546,tucson,125527,11.740276153857035
24_79,24,79,-111.702,31.878,0.0,-3.661116975262231,2,35.86054503666125,42.02367143442267,-0.0,0.0,0.0,tucson,431012,12.973891210925675
24_79,24,79,-111.702,31.878,1.0,-3.661116975262231,1,35.86054503666125,42.02367143442267,-3.661116975262231,35.86054503666125,42.02367143442267,tucson,125527,11.740276153857035
24_80,24,80,-111.658,31.878,0.0,-3.4791725305750636,0,37.30286528376026,41.42649534566559,-0.0,0.0,0.0,tucson,431012,12.973891210925675
24_80,24,80,-111.658,31.878,1.0,-3.4791725305750636,1,37.30286528376026,41.42649534566559,-3.4791725305750636,37.30286528376026,41.42649534566559,tucson,125527,11.740276153857035
24_81,24,81,-111.614,31.878,0.0,-2.137744177746947,2,38.76073374027849,41.24438717829772,-0.0,0.0,0.0,tucson,431012,12.973891210925675
24_81,24,81,-111.614,31.878,1.0,-2.137744177746947,1,38.76073374027849,41.24438717829772,-2.137744177746947,38.76073374027849,41.24438717829772,tucson,125527,11.740276153857035
24_83,24,83,-111.526,31.878,0.0,-3.4781706676991506,0,41.658482327908104,42.134606303314676,-0.0,0.0,0.0,tucson,431012,12.973891210925675
24_83,24,83,-111.526,31.878,1.0,-3.4781706676991506,1,41.658482327908104,42.134606303314676,-3.4781706676991506,41.658482327908104,42.134606303314676,tucson,125527,11.740276153857035
24_84,24,84,-111.482,31.878,0.0,-4.230279213393518,1,43.094517918363145,43.18106678443318,-0.0,0.0,0.0,tucson,431012,12.973891210925675
24_84,24,84,-111.482,31.878,1.0,-4.230279213393518,3,43.094517918363145,43.18106678443318,-4.230279213393518,43.094517918363145,43.18106678443318,tucson,125527,11.740276153857035
24_85,24,85,-111.438,31.878,0.0,-4.5714423417330154,6,44.589308989693556,44.568748859757115,-0.0,0.0,0.0,tucson,431012,12.973891210925675
24_85,24,85,-111.438,31.878,1.0,-4.5714423417330154,0,44.589308989693556,44.568748859757115,-4.5714423417330154,44.589308989693556,44.568748859757115,tucson,125527,11.740276153857035
24_86,24,86,-111.394,31.878,0.0,-4.825707937206923,2,46.01624930295379,46.20591517872018,-0.0,0.0,0.0,tucson,431012,12.973891210925675
24_86,24,86,-111.394,31.878,1.0,-4.825707937206923,5,46.01624930295379,46.20591517872018,-4.825707937206923,46.01624930295379,46.20591517872018,tucson,125527,11.740276153857035
24_87,24,87,-111.35000000000001,31.878,0.0,-4.600068543949154,6,47.46838710537424,48.14953497065587,-0.0,0.0,0.0,tucson,431012,12.973891210925675
24_87,24,87,-111.35000000000001,31.878,1.0,-4.600068543949154,3,47.46838710537424,48.14953497065587,-4.600068543949154,47.46838710537424,48.14953497065587,tucson,125527,11.740276153857035
24_88,24,88,-111.306,31.878,0.0,-4.140364055689309,0,48.83582164063426,50.060563204945836,-0.0,0.0,0.0,tucson,431012,12.973891210925675
24_88,24,88,-111.306,31.878,1.0,-4.140364055689309,2,48.83582164063426,50.060563204945836,-4.140364055689309,48.83582164063426,50.060563204945836,tucson,125527,11.740276153857035
24_90,24,90,-111.218,31.878,0.0,-1.0100354417038453,0,51.845120439524266,51.921354474055725,-0.0,0.0,0.0,tucson,431012,12.973891210925675
24_90,24,90,-111.218,31.878,1.0,-1.0100354417038453,1,51.845120439524266,51.921354474055725,-1.0100354417038453,51.845120439524266,51.921354474055725,tucson,125527,11.740276153857035
24_91,24,91,-111.174,31.878,0.0,-1.9188214101098726,4,53.32424398546351,53.312087146757555,-0.0,0.0,0.0,tucson,431012,12.973891210925675
24_91,24,91,-111.174,31.878,1.0,-1.9188214101098726,0,53.32424398546351,53.312087146757555,-1.9188214101098726,53.32424398546351,53.312087146757555,tucson,125527,11.740276153857035
24_92,24,92,-111.13000000000001,31.878,0.0,-2.118519817848372,0,54.80465139312371,54.76972159197041,-0.0,0.0,0.0,tucson,431012,12.973891210925675
24_92,24,92,-111.13000000000001,31.878,1.0,-2.118519817848372,1,54.80465139312371,54.76972159197041,-2.118519817848372,54.80465139312371,54.76972159197041,tucson,125527,11.740276153857035
24_93,24,93,-111.086,31.878,0.0,-3.3987576505053996,2,56.42487873732928,56.23374472141577,-0.0,0.0,0.0,tucson,431012,12.973891210925675
24_93,24,93,-111.086,31.878,1.0,-3.3987576505053996,1,56.42487873732928,56.23374472141577,-3.3987576505053996,56.42487873732928,56.23374472141577,tucson,125527,11.740276153857035
24_95,24,95,-110.998,31.878,0.0,-3.9827318428139433,1,59.16932554727263,59.16708370244586,-0.0,0.0,0.0,tucson,431012,12.973891210925675
24_95,24,95,-110.998,31.878,1.0,-3.9827318428139433,1,59.16932554727263,59.16708370244586,-3.9827318428139433,59.16932554727263,59.16708370244586,tucson,125527,11.740276153857035
24_105,24,105,-110.558,31.878,0.0,-2.9492747575809144,0,60.413971261999215,62.44734040301787,-0.0,0.0,0.0,tucson,431012,12.973891210925675
24_105,24,105,-110.558,31.878,1.0,-2.9492747575809144,3,60.413971261999215,62.44734040301787,-2.9492747575809144,60.413971261999215,62.44734040301787,tucson,125527,11.740276153857035
24_106,24,106,-110.51400000000001,31.878,0.0,-2.827941519048552,1,60.41573330578414,63.64381635501415,-0.0,0.0,0.0,tucson,431012,12.973891210925675
24_106,24,106,-110.51400000000001,31.878,1.0,-2.827941519048552,0,60.41573330578414,63.64381635501415,-2.827941519048552,60.41573330578414,63.64381635501415,tucson,125527,11.740276153857035
24_107,24,107,-110.47,31.878,0.0,-2.0000658331022203,1,60.40715810342732,65.08642994424643,-0.0,0.0,0.0,tucson,431012,12.973891210925675
24_107,24,107,-110.47,31.878,1.0,-2.0000658331022203,0,60.40715810342732,65.08642994424643,-2.0000658331022203,60.40715810342732,65.08642994424643,tucson,125527,11.740276153857035
24_108,24,108,-110.426,31.878,0.0,0.4349884815554037,0,60.40222786647343,66.75923079936707,0.0,0.0,0.0,tucson,431012,12.973891210925675
24_108,24,108,-110.426,31.878,1.0,0.4349884815554037,1,60.40222786647343,66.75923079936707,0.4349884815554037,60.40222786647343,66.75923079936707,tucson,125527,11.740276153857035
24_112,24,112,-110.25,31.878,0.0,-3.4603751939730443,0,60.31136812754548,75.41518113085635,-0.0,0.0,0.0,tucson,431012,12.973891210925675
24_112,24,112,-110.25,31.878,1.0,-3.4603751939730443,1,60.31136812754548,75.41518113085635,-3.4603751939730443,60.31136812754548,75.41518113085635,tucson,125527,11.740276153857035
24_131,24,131,-109.414,31.878,0.0,-0.0856118471226301,0,60.3081603943344,46.263120569194186,-0.0,0.0,0.0,tucson,431012,12.973891210925675
24_131,24,131,-109.414,31.878,1.0,-0.0856118471226301,1,60.3081603943344,46.263120569194186,-0.0856118471226301,60.3081603943344,46.263120569194186,tucson,125527,11.740276153857035
25_49,25,49,-113.022,31.922,0.0,-0.03381860333939424,0,2.122607256333701,140.91376981797296,-0.0,0.0,0.0,yuma,84933,11.349617989357553
25_49,25,49,-113.022,31.922,1.0,-0.03381860333939424,2,2.122607256333701,140.91376981797296,-0.03381860333939424,2.122607256333701,140.91376981797296,yuma,14620,9.59014573330377
25_50,25,50,-112.97800000000001,31.922,0.0,-0.6737883950825388,0,0.7220258524324935,136.9796251382018,-0.0,0.0,0.0,tucson,431012,12.973891210925675
25_50,25,50,-112.97800000000001,31.922,1.0,-0.6737883950825388,1,0.7220258524324935,136.9796251382018,-0.6737883950825388,0.7220258524324935,136.9796251382018,tucson,125527,11.740276153857035
25_51,25,51,-112.934,31.922,0.0,-1.192375217213194,1,0.9376901142938657,133.05995778205298,-0.0,0.0,0.0,tucson,431012,12.973891210925675
25_51,25,51,-112.934,31.922,1.0,-1.192375217213194,7,0.9376901142938657,133.05995778205298,-1.192375217213194,0.9376901142938657,133.05995778205298,tucson,125527,11.740276153857035
25_52,25,52,-112.89,31.922,0.0,-1.6355633690250877,1,5.017627766558158,129.15607708905108,-0.0,0.0,0.0,tucson,431012,12.973891210925675
25_52,25,52,-112.89,31.922,1.0,-1.6355633690250877,8,5.017627766558158,129.15607708905108,-1.6355633690250877,5.017627766558158,129.15607708905108,tucson,125527,11.740276153857035
25_53,25,53,-112.846,31.922,0.0,-1.7726457311279635,0,3.5665001150581492,125.26945017791328,-0.0,0.0,0.0,tucson,431012,12.973891210925675
25_53,25,53,-112.846,31.922,1.0,-1.7726457311279635,1,3.5665001150581492,125.26945017791328,-1.7726457311279635,3.5665001150581492,125.26945017791328,tucson,125527,11.740276153857035
25_54,25,54,-112.802,31.922,0.0,-2.4249939727515164,1,4.867471162414417,121.4017253088633,-0.0,0.0,0.0,tucson,431012,12.973891210925675
25_54,25,54,-112.802,31.922,1.0,-2.4249939727515164,2,4.867471162414417,121.4017253088633,-2.4249939727515164,4.867471162414417,121.4017253088633,tucson,125527,11.740276153857035
25_55,25,55,-112.75800000000001,31.922,0.0,-1.975429985309194,0,6.2750322077939416,117.55475928090951,-0.0,0.0,0.0,tucson,431012,12.973891210925675
25_55,25,55,-112.75800000000001,31.922,1.0,-1.975429985309194,3,6.2750322077939416,117.55475928090951,-1.975429985309194,6.2750322077939416,117.55475928090951,tucson,125527,11.740276153857035
25_56,25,56,-112.714,31.922,0.0,-1.6176780018495966,1,7.6814807352972965,113.73064963692045,-0.0,0.0,0.0,tucson,431012,12.973891210925675
25_56,25,56,-112.714,31.922,1.0,-1.6176780018495966,0,7.6814807352972965,113.73064963692045,-1.6176780018495966,7.6814807352972965,113.73064963692045,tucson,125527,11.740276153857035
25_57,25,57,-112.67,31.922,0.0,-1.1320760743814673,0,9.422891703464575,109.93177260276155,-0.0,0.0,0.0,tucson,431012,12.973891210925675
25_57,25,57,-112.67,31.922,1.0,-1.1320760743814673,3,9.422891703464575,109.93177260276155,-1.1320760743814673,9.422891703464575,109.93177260276155,tucson,125527,11.740276153857035
25_58,25,58,-112.626,31.922,0.0,0.7093340250299871,1,10.816277399243418,106.16082786753054,0.0,0.0,0.0,tucson,431012,12.973891210925675
25_58,25,58,-112.626,31.922,1.0,0.7093340250299871,2,10.816277399243418,106.16082786753054,0.7093340250299871,10.816277399243418,106.16082786753054,tucson,125527,11.740276153857035
25_60,25,60,-112.538,31.922,0.0,0.11580948736421598,1,13.306922426753042,98.71547870823389,0.0,0.0,0.0,tucson,431012,12.973891210925675
25_60,25,60,-112.538,31.922,1.0,0.11580948736421598,1,13.306922426753042,98.71547870823389,0.11580948736421598,13.306922426753042,98.71547870823389,tucson,125527,11.740276153857035
25_62,25,62,-112.45,31.922,0.0,2.6469347476157936,1,16.507406385448398,91.42493820167152,0.0,0.0,0.0,tucson,431012,12.973891210925675
25_62,25,62,-112.45,31.922,1.0,2.6469347476157936,0,16.507406385448398,91.42493820167152,2.6469347476157936,16.507406385448398,91.42493820167152,tucson,125527,11.740276153857035
25_64,25,64,-112.36200000000001,31.922,0.0,0.5984152019927045,0,18.979354583804056,84.32928654254634,0.0,0.0,0.0,tucson,431012,12.973891210925675
25_64,25,64,-112.36200000000001,31.922,1.0,0.5984152019927045,1,18.979354583804056,84.32928654254634,0.5984152019927045,18.979354583804056,84.32928654254634,tucson,125527,11.740276153857035
25_66,25,66,-112.274,31.922,0.0,0.7389671237749122,0,21.815933842330505,77.48200279507165,0.0,0.0,0.0,tucson,431012,12.973891210925675
25_66,25,66,-112.274,31.922,1.0,0.7389671237749122,2,21.815933842330505,77.48200279507165,0.7389671237749122,21.815933842330505,77.48200279507165,tucson,125527,11.740276153857035
25_67,25,67,-112.23,31.922,0.0,0.23774201814155757,1,23.243772530545172,74.1730693637731,0.0,0.0,0.0,tucson,431012,12.973891210925675
25_67,25,67,-112.23,31.922,1.0,0.23774201814155757,0,23.243772530545172,74.1730693637731,0.23774201814155757,23.243772530545172,74.1730693637731,tucson,125527,11.740276153857035
25_68,25,68,-112.186,31.922,0.0,0.20319831241403907,0,24.665487043462317,70.95494373286601,0.0,0.0,0.0,tucson,431012,12.973891210925675
25_68,25,68,-112.186,31.922,1.0,0.20319831241403907,2,24.665487043462317,70.95494373286601,0.20319831241403907,24.665487043462317,70.95494373286601,tucson,125527,11.740276153857035
25_69,25,69,-112.142,31.922,0.0,-0.33819119755586563,0,26.06904869765377,67.8405400488199,-0.0,0.0,0.0,tucson,431012,12.973891210925675
25_69,25,69,-112.142,31.922,1.0,-0.33819119755586563,9,26.06904869765377,67.8405400488199,-0.33819119755586563,26.06904869765377,67.8405400488199,tucson,125527,11.740276153857035
25_70,25,70,-112.098,31.922,0.0,-1.4442729111258052,6,27.50282175126537,64.8447949155289,-0.0,0.0,0.0,tucson,431012,12.973891210925675
25_70,25,70,-112.098,31.922,1.0,-1.4442729111258052,5,27.50282175126537,64.8447949155289,-1.4442729111258052,27.50282175126537,64.8447949155289,tucson,125527,11.740276153857035
25_71,25,71,-112.054,31.922,0.0,-1.9573503304645103,1,28.932514683771565,61.98490510831371,-0.0,0.0,0.0,tucson,431012,12.973891210925675
25_71,25,71,-112.054,31.922,1.0,-1.9573503304645103,2,28.932514683771565,61.98490510831371,-1.9573503304645103,28.932514683771565,61.98490510831371,tucson,125527,11.740276153857035
25_72,25,72,-112.01,31.922,0.0,-2.4160618721514133,1,30.36615572002044,59.280526223949636,-0.0,0.0,0.0,tucson,431012,12.973891210925675
25_72,25,72,-112.01,31.922,1.0,-2.4160618721514133,3,30.36615572002044,59.280526223949636,-2.4160618721514133,30.36615572002044,59.280526223949636,tucson,125527,11.740276153857035
25_73,25,73,-111.96600000000001,31.922,0.0,-2.810416265221117,1,31.80706944138522,56.753883391346996,-0.0,0.0,0.0,tucson,431012,12.973891210925675
25_73,25,73,-111.96600000000001,31.922,1.0,-2.810416265221117,3,31.80706944138522,56.753883391346996,-2.810416265221117,31.80706944138522,56.753883391346996,tucson,125527,11.740276153857035
25_74,25,74,-111.922,31.922,0.0,-3.2422485048086487,2,33.23325776287703,54.42972400171522,-0.0,0.0,0.0,tucson,431012,12.973891210925675
25_74,25,74,-111.922,31.922,1.0,-3.2422485048086487,1,33.23325776287703,54.42972400171522,-3.2422485048086487,33.23325776287703,54.42972400171522,tucson,125527,11.740276153857035
25_75,25,75,-111.878,31.922,0.0,-3.290036843761272,9,34.67677159258404,52.33502163573522,-0.0,0.0,0.0,tucson,431012,12.973891210925675
25_75,25,75,-111.878,31.922,1.0,-3.290036843761272,7,34.67677159258404,52.33502163573522,-3.290036843761272,34.67677159258404,52.33502163573522,tucson,125527,11.740276153857035
25_76,25,76,-111.834,31.922,0.0,-4.132970270454176,0,36.111993793572594,50.49832881753939,-0.0,0.0,0.0,tucson,431012,12.973891210925675
25_76,25,76,-111.834,31.922,1.0,-4.132970270454176,1,36.111993793572594,50.49832881753939,-4.132970270454176,36.111993793572594,50.49832881753939,tucson,125527,11.740276153857035
25_77,25,77,-111.79,31.922,0.0,-4.024644267001079,17,37.560260129131365,48.94868853312999,-0.0,0.0,0.0,tucson,431012,12.973891210925675
25_77,25,77,-111.79,31.922,1.0,-4.024644267001079,5,37.560260129131365,48.94868853312999,-4.024644267001079,37.560260129131365,48.94868853312999,tucson,125527,11.740276153857035
25_78,25,78,-111.74600000000001,31.922,0.0,-3.9567723330066586,4,39.009275006000145,47.71406829787728,-0.0,0.0,0.0,tucson,431012,12.973891210925675
25_78,25,78,-111.74600000000001,31.922,1.0,-3.9567723330066586,2,39.009275006000145,47.71406829787728,-3.9567723330066586,39.009275006000145,47.71406829787728,tucson,125527,11.740276153857035
25_79,25,79,-111.702,31.922,0.0,-3.5661651436670283,8,40.43440344763846,46.81938719182638,-0.0,0.0,0.0,tucson,431012,12.973891210925675
25_79,25,79,-111.702,31.922,1.0,-3.5661651436670283,0,40.43440344763846,46.81938719182638,-3.5661651436670283,40.43440344763846,46.81938719182638,tucson,125527,11.740276153857035
25_80,25,80,-111.658,31.922,0.0,-2.4009081677462016,1,41.87686163302544,46.2843544155916,-0.0,0.0,0.0,tucson,431012,12.973891210925675
25_80,25,80,-111.658,31.922,1.0,-2.4009081677462016,0,41.87686163302544,46.2843544155916,-2.4009081677462016,41.87686163302544,46.2843544155916,tucson,125527,11.740276153857035
25_82,25,82,-111.57000000000001,31.922,0.0,-1.7562380798780173,0,44.76986394881516,46.33468281359637,-0.0,0.0,0.0,tucson,431012,12.973891210925675
25_82,25,82,-111.57000000000001,31.922,1.0,-1.7562380798780173,2,44.76986394881516,46.33468281359637,-1.7562380798780173,44.76986394881516,46.33468281359637,tucson,125527,11.740276153857035
25_83,25,83,-111.526,31.922,0.0,-3.0021072044532504,0,46.23134585478947,46.91882894223789,-0.0,0.0,0.0,tucson,431012,12.973891210925675
25_83,25,83,-111.526,31.922,1.0,-3.0021072044532504,1,46.23134585478947,46.91882894223789,-3.0021072044532504,46.23134585478947,46.91882894223789,tucson,125527,11.740276153857035
25_84,25,84,-111.482,31.922,0.0,-3.949763718257897,2,47.65837943193128,47.86033267602388,-0.0,0.0,0.0,tucson,431012,12.973891210925675
25_84,25,84,-111.482,31.922,1.0,-3.949763718257897,1,47.65837943193128,47.86033267602388,-3.949763718257897,47.65837943193128,47.86033267602388,tucson,125527,11.740276153857035
25_85,25,85,-111.438,31.922,0.0,-4.562645051925646,3,49.14918573162566,49.13865227825543,-0.0,0.0,0.0,tucson,431012,12.973891210925675
25_85,25,85,-111.438,31.922,1.0,-4.562645051925646,1,49.14918573162566,49.13865227825543,-4.562645051925646,49.14918573162566,49.13865227825543,tucson,125527,11.740276153857035
25_86,25,86,-111.394,31.922,0.0,-4.88700416230226,2,50.57871663263686,50.64902298339387,-0.0,0.0,0.0,tucson,431012,12.973891210925675
25_86,25,86,-111.394,31.922,1.0,-4.88700416230226,2,50.57871663263686,50.64902298339387,-4.88700416230226,50.57871663263686,50.64902298339387,tucson,125527,11.740276153857035
25_87,25,87,-111.35000000000001,31.922,0.0,-4.744730517896936,6,52.03756489717227,52.42733901595896,-0.0,0.0,0.0,tucson,431012,12.973891210925675
25_87,25,87,-111.35000000000001,31.922,1.0,-4.744730517896936,3,52.03756489717227,52.42733901595896,-4.744730517896936,52.03756489717227,52.42733901595896,tucson,125527,11.740276153857035
25_88,25,88,-111.306,31.922,0.0,-3.8972753513634175,3,53.480927603638435,54.46732448639413,-0.0,0.0,0.0,tucson,431012,12.973891210925675
25_88,25,88,-111.306,31.922,1.0,-3.8972753513634175,3,53.480927603638435,54.46732448639413,-3.8972753513634175,53.480927603638435,54.46732448639413,tucson,125527,11.740276153857035
25_89,25,89,-111.262,31.922,0.0,-3.108842127349877,0,54.83735571998198,55.59209402620114,-0.0,0.0,0.0,tucson,431012,12.973891210925675
25_89,25,89,-111.262,31.922,1.0,-3.108842127349877,1,54.83735571998198,55.59209402620114,-3.108842127349877,54.83735571998198,55.59209402620114,tucson,125527,11.740276153857035
25_90,25,90,-111.218,31.922,0.0,-0.6203945895172196,1,56.41037255290784,56.592507768700415,-0.0,0.0,0.0,tucson,431012,12.973891210925675
25_90,25,90,-111.218,31.922,1.0,-0.6203945895172196,0,56.41037255290784,56.592507768700415,-0.6203945895172196,56.41037255290784,56.592507768700415,tucson,125527,11.740276153857035
25_95,25,95,-110.998,31.922,0.0,-4.211168311745314,0,63.69426520746514,63.749082107212196,-0.0,0.0,0.0,tucson,431012,12.973891210925675
25_95,25,95,-110.998,31.922,1.0,-4.211168311745314,1,63.69426520746514,63.749082107212196,-4.211168311745314,63.69426520746514,63.749082107212196,tucson,125527,11.740276153857035
25_103,25,103,-110.646,31.922,0.0,-3.2740866458905082,3,65.26094552260007,65.68902423814014,-0.0,0.0,0.0,tucson,431012,12.973891210925675
25_103,25,103,-110.646,31.922,1.0,-3.2740866458905082,0,65.26094552260007,65.68902423814014,-3.2740866458905082,65.26094552260007,65.68902423814014,tucson,125527,11.740276153857035
25_105,25,105,-110.558,31.922,0.0,-3.4596424640894994,0,65.29040541649715,67.17262847908987,-0.0,0.0,0.0,tucson,431012,12.973891210925675
25_105,25,105,-110.558,31.922,1.0,-3.4596424640894994,1,65.29040541649715,67.17262847908987,-3.4596424640894994,65.29040541649715,67.17262847908987,tucson,125527,11.740276153857035
25_106,25,106,-110.51400000000001,31.922,0.0,-3.4473946978099033,0,65.29256995014983,68.28585548822304,-0.0,0.0,0.0,tucson,431012,12.973891210925675
25_106,25,106,-110.51400000000001,31.922,1.0,-3.4473946978099033,1,65.29256995014983,68.28585548822304,-3.4473946978099033,65.29256995014983,68.28585548822304,tucson,125527,11.740276153857035
25_107,25,107,-110.47,31.922,0.0,-3.231497630984073,0,65.28421056575085,69.63175107282174,-0.0,0.0,0.0,tucson,431012,12.973891210925675
25_107,25,107,-110.47,31.922,1.0,-3.231497630984073,1,65.28421056575085,69.63175107282174,-3.231497630984073,65.28421056575085,69.63175107282174,tucson,125527,11.740276153857035
25_108,25,108,-110.426,31.922,0.0,-2.97974775310524,0,65.27938863317222,71.19712546607771,-0.0,0.0,0.0,tucson,431012,12.973891210925675
25_108,25,108,-110.426,31.922,1.0,-2.97974775310524,2,65.27938863317222,71.19712546607771,-2.97974775310524,65.27938863317222,71.19712546607771,tucson,125527,11.740276153857035
25_114,25,114,-110.162,31.922,0.0,-3.566928860809524,0,65.15782859638928,84.39869781731502,-0.0,0.0,0.0,tucson,431012,12.973891210925675
25_114,25,114,-110.162,31.922,1.0,-3.566928860809524,1,65.15782859638928,84.39869781731502,-3.566928860809524,65.15782859638928,84.39869781731502,tucson,125527,11.740276153857035
26_47,26,47,-113.11,31.966,0.0,0.04845730281696903,0,0.660231723448887,150.37288433700166,0.0,0.0,0.0,yuma,84933,11.349617989357553
26_47,26,47,-113.11,31.966,1.0,0.04845730281696903,2,0.660231723448887,150.37288433700166,0.04845730281696903,0.660231723448887,150.37288433700166,yuma,14620,9.59014573330377
26_48,26,48,-113.066,31.966,0.0,0.08139064550571706,0,1.1401893717779084,146.45700627588968,0.0,0.0,0.0,yuma,84933,11.349617989357553
26_48,26,48,-113.066,31.966,1.0,0.08139064550571706,2,1.1401893717779084,146.45700627588968,0.08139064550571706,1.1401893717779084,146.45700627588968,yuma,14620,9.59014573330377
26_49,26,49,-113.022,31.966,0.0,0.0857826153530924,0,3.0951942078575163,142.55560586378323,0.0,0.0,0.0,yuma,84933,11.349617989357553
26_49,26,49,-113.022,31.966,1.0,0.0857826153530924,6,3.0951942078575163,142.55560586378323,0.0857826153530924,3.0951942078575163,142.55560586378323,yuma,14620,9.59014573330377
26_50,26,50,-112.97800000000001,31.966,0.0,-0.6388384812023261,0,4.2319979445149745,138.66989653992854,-0.0,0.0,0.0,tucson,431012,12.973891210925675
26_50,26,50,-112.97800000000001,31.966,1.0,-0.6388384812023261,4,4.2319979445149745,138.66989653992854,-0.6388384812023261,4.2319979445149745,138.66989653992854,tucson,125527,11.740276153857035
26_51,26,51,-112.934,31.966,0.0,-1.2009631873029099,1,5.364184929371461,134.80122664698703,-0.0,0.0,0.0,tucson,431012,12.973891210925675
26_51,26,51,-112.934,31.966,1.0,-1.2009631873029099,1,5.364184929371461,134.80122664698703,-1.2009631873029099,5.364184929371461,134.80122664698703,tucson,125527,11.740276153857035
26_52,26,52,-112.89,31.966,0.0,-1.615142506063243,0,7.284209226432237,130.95109775394803,-0.0,0.0,0.0,tucson,431012,12.973891210925675
26_52,26,52,-112.89,31.966,1.0,-1.615142506063243,4,7.284209226432237,130.95109775394803,-1.615142506063243,7.284209226432237,130.95109775394803,tucson,125527,11.740276153857035
26_53,26,53,-112.846,31.966,0.0,-1.558358399711886,0,8.432755112629529,127.12118586128156,-0.0,0.0,0.0,tucson,431012,12.973891210925675
26_53,26,53,-112.846,31.966,1.0,-1.558358399711886,2,8.432755112629529,127.12118586128156,-1.558358399711886,8.432755112629529,127.12118586128156,tucson,125527,11.740276153857035
26_54,26,54,-112.802,31.966,0.0,-2.0475027596109774,0,9.463813348243855,123.3133659859691,-0.0,0.0,0.0,tucson,431012,12.973891210925675
26_54,26,54,-112.802,31.966,1.0,-2.0475027596109774,3,9.463813348243855,123.3133659859691,-2.0475027596109774,9.463813348243855,123.3133659859691,tucson,125527,11.740276153857035
26_55,26,55,-112.75800000000001,31.966,0.0,-1.8774491011440453,0,10.862299144328679,119.52974071137946,-0.0,0.0,0.0,tucson,431012,12.973891210925675
26_55,26,55,-112.75800000000001,31.966,1.0,-1.8774491011440453,3,10.862299144328679,119.52974071137946,-1.8774491011440453,10.862299144328679,119.52974071137946,tucson,125527,11.740276153857035
26_56,26,56,-112.714,31.966,0.0,-1.5622591617744195,0,12.310321438075126,115.77267338731068,-0.0,0.0,0.0,tucson,431012,12.973891210925675
26_56,26,56,-112.714,31.966,1.0,-1.5622591617744195,2,12.310321438075126,115.77267338731068,-1.5622591617744195,12.310321438075126,115.77267338731068,tucson,125527,11.740276153857035
26_57,26,57,-112.67,31.966,0.0,0.9642371384947239,0,13.70818428884797,112.04482677879756,0.0,0.0,0.0,tucson,431012,12.973891210925675
26_57,26,57,-112.67,31.966,1.0,0.9642371384947239,3,13.70818428884797,112.04482677879756,0.9642371384947239,13.70818428884797,112.04482677879756,tucson,125527,11.740276153857035
26_58,26,58,-112.626,31.966,0.0,0.3264234893733093,0,15.677365130464096,108.3492080872095,0.0,0.0,0.0,tucson,431012,12.973891210925675
26_58,26,58,-112.626,31.966,1.0,0.3264234893733093,1,15.677365130464096,108.3492080872095,0.3264234893733093,15.677365130464096,108.3492080872095,tucson,125527,11.740276153857035
26_59,26,59,-112.58200000000001,31.966,0.0,0.2372921719800693,1,16.44044346981922,104.6892213998479,0.0,0.0,0.0,tucson,431012,12.973891210925675
26_59,26,59,-112.58200000000001,31.966,1.0,0.2372921719800693,0,16.44044346981922,104.6892213998479,0.2372921719800693,16.44044346981922,104.6892213998479,tucson,125527,11.740276153857035
26_61,26,61,-112.494,31.966,0.0,0.055028869996018415,0,19.31993404841266,97.4921211401106,0.0,0.0,0.0,tucson,431012,12.973891210925675
26_61,26,61,-112.494,31.966,1.0,0.055028869996018415,2,19.31993404841266,97.4921211401106,0.055028869996018415,19.31993404841266,97.4921211401106,tucson,125527,11.740276153857035
26_62,26,62,-112.45,31.966,0.0,0.5311944134136439,1,20.839787393972767,93.96440077217609,0.0,0.0,0.0,tucson,431012,12.973891210925675
26_62,26,62,-112.45,31.966,1.0,0.5311944134136439,0,20.839787393972767,93.96440077217609,0.5311944134136439,20.839787393972767,93.96440077217609,tucson,125527,11.740276153857035
26_64,26,64,-112.36200000000001,31.966,0.0,0.49047961019416864,1,23.567461310750762,87.07927068601151,0.0,0.0,0.0,tucson,431012,12.973891210925675
26_64,26,64,-112.36200000000001,31.966,1.0,0.49047961019416864,4,23.567461310750762,87.07927068601151,0.49047961019416864,23.567461310750762,87.07927068601151,tucson,125527,11.740276153857035
26_66,26,66,-112.274,31.966,0.0,-0.33632215003378696,0,26.403884292630963,80.46954426123361,-0.0,0.0,0.0,tucson,431012,12.973891210925675
26_66,26,66,-112.274,31.966,1.0,-0.33632215003378696,2,26.403884292630963,80.46954426123361,-0.33632215003378696,26.403884292630963,80.46954426123361,tucson,125527,11.740276153857035
26_67,26,67,-112.23,31.966,0.0,-0.3579215578353084,0,27.823952197880306,77.29013153390554,-0.0,0.0,0.0,tucson,431012,12.973891210925675
26_67,26,67,-112.23,31.966,1.0,-0.3579215578353084,1,27.823952197880306,77.29013153390554,-0.3579215578353084,27.823952197880306,77.29013153390554,tucson,125527,11.740276153857035
26_69,26,69,-112.142,31.966,0.0,-1.0188038962898305,4,30.663073896335028,71.2381694389659,-0.0,0.0,0.0,tucson,431012,12.973891210925675
26_69,26,69,-112.142,31.966,1.0,-1.0188038962898305,13,30.663073896335028,71.2381694389659,-1.0188038962898305,30.663073896335028,71.2381694389659,tucson,125527,11.740276153857035
26_70,26,70,-112.098,31.966,0.0,-1.7086890616206591,1,32.09918144211768,68.39276001477165,-0.0,0.0,0.0,tucson,431012,12.973891210925675
26_70,26,70,-112.098,31.966,1.0,-1.7086890616206591,5,32.09918144211768,68.39276001477165,-1.7086890616206591,32.09918144211768,68.39276001477165,tucson,125527,11.740276153857035
26_71,26,71,-112.054,31.966,0.0,-2.1562301575945093,3,33.51607910465084,65.68880091742537,-0.0,0.0,0.0,tucson,431012,12.973891210925675
26_71,26,71,-112.054,31.966,1.0,-2.1562301575945093,4,33.51607910465084,65.68880091742537,-2.1562301575945093,33.51607910465084,65.68880091742537,tucson,125527,11.740276153857035
26_72,26,72,-112.01,31.966,0.0,-2.62329351334268,5,34.93886587678149,63.144456856141524,-0.0,0.0,0.0,tucson,431012,12.973891210925675
26_72,26,72,-112.01,31.966,1.0,-2.62329351334268,1,34.93886587678149,63.144456856141524,-2.62329351334268,34.93886587678149,63.144456856141524,tucson,125527,11.740276153857035
26_73,26,73,-111.96600000000001,31.966,0.0,-3.0126268321601866,2,36.3789995104629,60.779767103817946,-0.0,0.0,0.0,tucson,431012,12.973891210925675
26_73,26,73,-111.96600000000001,31.966,1.0,-3.0126268321601866,5,36.3789995104629,60.779767103817946,-3.0126268321601866,36.3789995104629,60.779767103817946,tucson,125527,11.740276153857035
26_74,26,74,-111.922,31.966,0.0,-3.4843264934443434,0,37.817645442247084,58.61646920373807,-0.0,0.0,0.0,tucson,431012,12.973891210925675
26_74,26,74,-111.922,31.966,1.0,-3.4843264934443434,1,37.817645442247084,58.61646920373807,-3.4843264934443434,37.817645442247084,58.61646920373807,tucson,125527,11.740276153857035
26_77,26,77,-111.79,31.966,0.0,-3.716980776597141,0,42.13276408627195,53.56797465850005,-0.0,0.0,0.0,tucson,431012,12.973891210925675
26_77,26,77,-111.79,31.966,1.0,-3.716980776597141,1,42.13276408627195,53.56797465850005,-3.716980776597141,42.13276408627195,53.56797465850005,tucson,125527,11.740276153857035
26_78,26,78,-111.74600000000001,31.966,0.0,-3.8358286117461105,5,43.57015723990349,52.44272541044561,-0.0,0.0,0.0,tucson,431012,12.973891210925675
26_78,26,78,-111.74600000000001,31.966,1.0,-3.8358286117461105,1,43.57015723990349,52.44272541044561,-3.8358286117461105,43.57015723990349,52.44272541044561,tucson,125527,11.740276153857035
26_79,26,79,-111.702,31.966,0.0,-3.4590845372672723,11,45.008449567249315,51.63040891062635,-0.0,0.0,0.0,tucson,431012,12.973891210925675
26_79,26,79,-111.702,31.966,1.0,-3.4590845372672723,3,45.008449567249315,51.63040891062635,-3.4590845372672723,45.008449567249315,51.63040891062635,tucson,125527,11.740276153857035
26_80,26,80,-111.658,31.966,0.0,-1.0795186557156384,1,46.450500553262046,51.14593025390459,-0.0,0.0,0.0,tucson,431012,12.973891210925675
26_80,26,80,-111.658,31.966,1.0,-1.0795186557156384,0,46.450500553262046,51.14593025390459,-1.0795186557156384,46.450500553262046,51.14593025390459,tucson,125527,11.740276153857035
26_82,26,82,-111.57000000000001,31.966,0.0,-1.2694053410216875,0,49.35023444792123,51.19140249090262,-0.0,0.0,0.0,tucson,431012,12.973891210925675
26_82,26,82,-111.57000000000001,31.966,1.0,-1.2694053410216875,1,49.35023444792123,51.19140249090262,-1.2694053410216875,49.35023444792123,51.19140249090262,tucson,125527,11.740276153857035
26_83,26,83,-111.526,31.966,0.0,-1.769603591104012,1,50.80444476528871,51.720449509889015,-0.0,0.0,0.0,tucson,431012,12.973891210925675
26_83,26,83,-111.526,31.966,1.0,-1.769603591104012,0,50.80444476528871,51.720449509889015,-1.769603591104012,50.80444476528871,51.720449509889015,tucson,125527,11.740276153857035
26_84,26,84,-111.482,31.966,0.0,-4.347264199848329,1,52.24318409727324,52.575612256403886,-0.0,0.0,0.0,tucson,431012,12.973891210925675
26_84,26,84,-111.482,31.966,1.0,-4.347264199848329,0,52.24318409727324,52.575612256403886,-4.347264199848329,52.24318409727324,52.575612256403886,tucson,125527,11.740276153857035
26_85,26,85,-111.438,31.966,0.0,-4.909387326576516,5,53.68565928431018,53.74132043485833,-0.0,0.0,0.0,tucson,431012,12.973891210925675
26_85,26,85,-111.438,31.966,1.0,-4.909387326576516,2,53.68565928431018,53.74132043485833,-4.909387326576516,53.68565928431018,53.74132043485833,tucson,125527,11.740276153857035
26_86,26,86,-111.394,31.966,0.0,-4.980304334904104,4,55.161613225108894,55.16553740672683,-0.0,0.0,0.0,tucson,431012,12.973891210925675
26_86,26,86,-111.394,31.966,1.0,-4.980304334904104,1,55.161613225108894,55.16553740672683,-4.980304334904104,55.161613225108894,55.16553740672683,tucson,125527,11.740276153857035
26_87,26,87,-111.35000000000001,31.966,0.0,-5.1013037967676915,1,56.6081109898319,56.80184692140636,-0.0,0.0,0.0,tucson,431012,12.973891210925675
26_87,26,87,-111.35000000000001,31.966,1.0,-5.1013037967676915,4,56.6081109898319,56.80184692140636,-5.1013037967676915,56.6081109898319,56.80184692140636,tucson,125527,11.740276153857035
26_88,26,88,-111.306,31.966,0.0,-4.234345727279804,4,58.063789358870196,58.6890787757197,-0.0,0.0,0.0,tucson,431012,12.973891210925675
26_88,26,88,-111.306,31.966,1.0,-4.234345727279804,4,58.063789358870196,58.6890787757197,-4.234345727279804,58.063789358870196,58.6890787757197,tucson,125527,11.740276153857035
26_89,26,89,-111.262,31.966,0.0,-3.4553768157750917,5,59.413059757552226,60.37379835594588,-0.0,0.0,0.0,tucson,431012,12.973891210925675
26_89,26,89,-111.262,31.966,1.0,-3.4553768157750917,3,59.413059757552226,60.37379835594588,-3.4553768157750917,59.413059757552226,60.37379835594588,tucson,125527,11.740276153857035
26_90,26,90,-111.218,31.966,0.0,-2.5545283230525215,1,60.922298770866554,61.29577300162371,-0.0,0.0,0.0,tucson,431012,12.973891210925675
26_90,26,90,-111.218,31.966,1.0,-2.5545283230525215,0,60.922298770866554,61.29577300162371,-2.5545283230525215,60.922298770866554,61.29577300162371,tucson,125527,11.740276153857035
26_91,26,91,-111.174,31.966,0.0,-2.691170870296297,1,62.440390140528365,62.48295206838307,-0.0,0.0,0.0,tucson,431012,12.973891210925675
26_91,26,91,-111.174,31.966,1.0,-2.691170870296297,0,62.440390140528365,62.48295206838307,-2.691170870296297,62.440390140528365,62.48295206838307,tucson,125527,11.740276153857035
26_92,26,92,-111.13000000000001,31.966,0.0,-3.1222494154216562,3,63.90764497884379,63.91186660987761,-0.0,0.0,0.0,tucson,431012,12.973891210925675
26_92,26,92,-111.13000000000001,31.966,1.0,-3.1222494154216562,1,63.90764497884379,63.91186660987761,-3.1222494154216562,63.90764497884379,63.91186660987761,tucson,125527,11.740276153857035
26_98,26,98,-110.866,31.966,0.0,-4.4701361308068135,0,70.07521054553992,70.90497550611698,-0.0,0.0,0.0,tucson,431012,12.973891210925675
26_98,26,98,-110.866,31.966,1.0,-4.4701361308068135,1,70.07521054553992,70.90497550611698,-4.4701361308068135,70.07521054553992,70.90497550611698,tucson,125527,11.740276153857035
26_103,26,103,-110.646,31.966,0.0,-4.1200630100956666,1,70.13803685964264,70.5351294646811,-0.0,0.0,0.0,tucson,431012,12.973891210925675
26_103,26,103,-110.646,31.966,1.0,-4.1200630100956666,0,70.13803685964264,70.5351294646811,-4.1200630100956666,70.13803685964264,70.5351294646811,tucson,125527,11.740276153857035
26_105,26,105,-110.558,31.966,0.0,-4.095472383398909,0,70.1669649545346,71.91821595947769,-0.0,0.0,0.0,tucson,431012,12.973891210925675
26_105,26,105,-110.558,31.966,1.0,-4.095472383398909,2,70.1669649545346,71.91821595947769,-4.095472383398909,70.1669649545346,71.91821595947769,tucson,125527,11.740276153857035
26_106,26,106,-110.51400000000001,31.966,0.0,-3.981044532623228,1,70.1694791673983,72.95859755357647,-0.0,0.0,0.0,tucson,431012,12.973891210925675
26_106,26,106,-110.51400000000001,31.966,1.0,-3.981044532623228,1,70.1694791673983,72.95859755357647,-3.981044532623228,70.1694791673983,72.95859755357647,tucson,125527,11.740276153857035
26_107,26,107,-110.47,31.966,0.0,-4.0476475930734,3,70.16130902370392,74.21923248180143,-0.0,0.0,0.0,tucson,431012,12.973891210925675
26_107,26,107,-110.47,31.966,1.0,-4.0476475930734,0,70.16130902370392,74.21923248180143,-4.0476475930734,70.16130902370392,74.21923248180143,tucson,125527,11.740276153857035
26_112,26,112,-110.25,31.966,0.0,-4.075585619908976,0,70.06583006030993,83.41677767975877,-0.0,0.0,0.0,tucson,431012,12.973891210925675
26_112,26,112,-110.25,31.966,1.0,-4.075585619908976,1,70.06583006030993,83.41677767975877,-4.075585619908976,70.06583006030993,83.41677767975877,tucson,125527,11.740276153857035
26_115,26,115,-110.11800000000001,31.966,0.0,-3.5093891548152563,0,70.03678876358099,90.80774128389999,-0.0,0.0,0.0,tucson,431012,12.973891210925675
26_115,26,115,-110.11800000000001,31.966,1.0,-3.5093891548152563,2,70.03678876358099,90.80774128389999,-3.5093891548152563,70.03678876358099,90.80774128389999,tucson,125527,11.740276153857035
26_129,26,129,-109.50200000000001,31.966,0.0,-2.1011355472252187,0,70.06544335520152,58.99156816463061,-0.0,0.0,0.0,tucson,431012,12.973891210925675
26_129,26,129,-109.50200000000001,31.966,1.0,-2.1011355472252187,1,70.06544335520152,58.99156816463061,-2.1011355472252187,70.06544335520152,58.99156816463061,tucson,125527,11.740276153857035
27_44,27,44,-113.242,32.01,0.0,1.2713263779357844,0,0.060107376837822524,163.7621538603073,0.0,0.0,0.0,yuma,84933,11.349617989357553
27_44,27,44,-113.242,32.01,1.0,1.2713263779357844,1,0.060107376837822524,163.7621538603073,1.2713263779357844,0.060107376837822524,163.7621538603073,yuma,14620,9.59014573330377
27_48,27,48,-113.066,32.01,0.0,0.016667900761801024,0,5.696719614789764,148.19623367759783,0.0,0.0,0.0,yuma,84933,11.349617989357553
27_48,27,48,-113.066,32.01,1.0,0.016667900761801024,2,5.696719614789764,148.19623367759783,0.016667900761801024,5.696719614789764,148.19623367759783,yuma,14620,9.59014573330377
27_49,27,49,-113.022,32.01,0.0,0.19889197145422566,0,7.548365896007942,144.34368079000504,0.0,0.0,0.0,yuma,84933,11.349617989357553
27_49,27,49,-113.022,32.01,1.0,0.19889197145422566,5,7.548365896007942,144.34368079000504,0.19889197145422566,7.548365896007942,144.34368079000504,yuma,14620,9.59014573330377
27_50,27,50,-112.97800000000001,32.01,0.0,-0.5455128121722965,1,8.483541793768184,140.50925103937226,-0.0,0.0,0.0,tucson,431012,12.973891210925675
27_50,27,50,-112.97800000000001,32.01,1.0,-0.5455128121722965,3,8.483541793768184,140.50925103937226,-0.5455128121722965,8.483541793768184,140.50925103937226,tucson,125527,11.740276153857035
27_51,27,51,-112.934,32.01,0.0,-0.9605695167178604,0,9.869338885854667,136.69446111445978,-0.0,0.0,0.0,tucson,431012,12.973891210925675
27_51,27,51,-112.934,32.01,1.0,-0.9605695167178604,1,9.869338885854667,136.69446111445978,-0.9605695167178604,9.869338885854667,136.69446111445978,tucson,125527,11.740276153857035
27_52,27,52,-112.89,32.01,0.0,-0.8752598816748842,2,11.338109774573043,132.90099377004495,-0.0,0.0,0.0,tucson,431012,12.973891210925675
27_52,27,52,-112.89,32.01,1.0,-0.8752598816748842,0,11.338109774573043,132.90099377004495,-0.8752598816748842,11.338109774573043,132.90099377004495,tucson,125527,11.740276153857035
27_53,27,53,-112.846,32.01,0.0,-1.1891258516346552,1,13.308276278387124,129.13071967677337,-0.0,0.0,0.0,tucson,431012,12.973891210925675
27_53,27,53,-112.846,32.01,1.0,-1.1891258516346552,0,13.308276278387124,129.13071967677337,-1.1891258516346552,13.308276278387124,129.13071967677337,tucson,125527,11.740276153857035
27_54,27,54,-112.802,32.01,0.0,-2.2487666559829926,0,14.060050976617038,125.38572251278048,-0.0,0.0,0.0,tucson,431012,12.973891210925675
27_54,27,54,-112.802,32.01,1.0,-2.2487666559829926,1,14.060050976617038,125.38572251278048,-2.2487666559829926,14.060050976617038,125.38572251278048,tucson,125527,11.740276153857035
27_55,27,55,-112.75800000000001,32.01,0.0,-1.5779473540016842,0,15.458803505506234,121.66832779847546,-0.0,0.0,0.0,tucson,431012,12.973891210925675
27_55,27,55,-112.75800000000001,32.01,1.0,-1.5779473540016842,3,15.458803505506234,121.66832779847546,-1.5779473540016842,15.458803505506234,121.66832779847546,tucson,125527,11.740276153857035
27_56,27,56,-112.714,32.01,0.0,0.002931422159079586,0,16.862917400362438,117.98113604437947,0.0,0.0,0.0,tucson,431012,12.973891210925675
27_56,27,56,-112.714,32.01,1.0,0.002931422159079586,1,16.862917400362438,117.98113604437947,0.002931422159079586,16.862917400362438,117.98113604437947,tucson,125527,11.740276153857035
27_57,27,57,-112.67,32.01,0.0,1.0030467044263027,0,18.28056649991362,114.32706085267401,0.0,0.0,0.0,tucson,431012,12.973891210925675
27_57,27,57,-112.67,32.01,1.0,1.0030467044263027,3,18.28056649991362,114.32706085267401,1.0030467044263027,18.28056649991362,114.32706085267401,tucson,125527,11.740276153857035
27_58,27,58,-112.626,32.01,0.0,0.24257960324612315,1,19.921476394167396,110.70937268172241,0.0,0.0,0.0,tucson,431012,12.973891210925675
27_58,27,58,-112.626,32.01,1.0,0.24257960324612315,1,19.921476394167396,110.70937268172241,0.24257960324612315,19.921476394167396,110.70937268172241,tucson,125527,11.740276153857035
27_59,27,59,-112.58200000000001,32.01,0.0,-0.9498316029750575,2,21.147249731030428,107.13174904143531,-0.0,0.0,0.0,tucson,431012,12.973891210925675
27_59,27,59,-112.58200000000001,32.01,1.0,-0.9498316029750575,2,21.147249731030428,107.13174904143531,-0.9498316029750575,21.147249731030428,107.13174904143531,tucson,125527,11.740276153857035
27_62,27,62,-112.45,32.01,0.0,-0.39073533210858413,0,25.32429789289254,96.68340917047503,-0.0,0.0,0.0,tucson,431012,12.973891210925675
27_62,27,62,-112.45,32.01,1.0,-0.39073533210858413,2,25.32429789289254,96.68340917047503,-0.39073533210858413,25.32429789289254,96.68340917047503,tucson,125527,11.740276153857035
27_63,27,63,-112.406,32.01,0.0,-0.5554902661727987,0,26.8862452431163,93.31314341135086,-0.0,0.0,0.0,tucson,431012,12.973891210925675
27_63,27,63,-112.406,32.01,1.0,-0.5554902661727987,3,26.8862452431163,93.31314341135086,-0.5554902661727987,26.8862452431163,93.31314341135086,tucson,125527,11.740276153857035
27_64,27,64,-112.36200000000001,32.01,0.0,-1.070724033555631,0,28.151235943075697,90.00974038802495,-0.0,0.0,0.0,tucson,431012,12.973891210925675
27_64,27,64,-112.36200000000001,32.01,1.0,-1.070724033555631,2,28.151235943075697,90.00974038802495,-1.070724033555631,28.151235943075697,90.00974038802495,tucson,125527,11.740276153857035
27_65,27,65,-112.318,32.01,0.0,-1.188161712170883,2,29.568121568556602,86.78082706373657,-0.0,0.0,0.0,tucson,431012,12.973891210925675
27_65,27,65,-112.318,32.01,1.0,-1.188161712170883,2,29.568121568556602,86.78082706373657,-1.188161712170883,29.568121568556602,86.78082706373657,tucson,125527,11.740276153857035
27_66,27,66,-112.274,32.01,0.0,-1.0659394428419702,0,30.98364537168208,83.63502240765993,-0.0,0.0,0.0,tucson,431012,12.973891210925675
27_66,27,66,-112.274,32.01,1.0,-1.0659394428419702,3,30.98364537168208,83.63502240765993,-1.0659394428419702,30.98364537168208,83.63502240765993,tucson,125527,11.740276153857035
27_67,27,67,-112.23,32.01,0.0,-1.083235178020276,2,32.407153252958054,80.58205132948346,-0.0,0.0,0.0,tucson,431012,12.973891210925675
27_67,27,67,-112.23,32.01,1.0,-1.083235178020276,2,32.407153252958054,80.58205132948346,-1.083235178020276,32.407153252958054,80.58205132948346,tucson,125527,11.740276153857035
27_68,27,68,-112.186,32.01,0.0,-1.1789746340901832,1,33.83313919742831,77.63285785932828,-0.0,0.0,0.0,tucson,431012,12.973891210925675
27_68,27,68,-112.186,32.01,1.0,-1.1789746340901832,4,33.83313919742831,77.63285785932828,-1.1789746340901832,33.83313919742831,77.63285785932828,tucson,125527,11.740276153857035
27_69,27,69,-112.142,32.01,0.0,1.6750934683765037,0,35.252993908587946,74.79970921762735,0.0,0.0,0.0,tucson,431012,12.973891210925675
27_69,27,69,-112.142,32.01,1.0,1.6750934683765037,20,35.252993908587946,74.79970921762735,1.6750934683765037,35.252993908587946,74.79970921762735,tucson,125527,11.740276153857035
27_70,27,70,-112.098,32.01,0.0,-2.2605509729042508,4,36.65961784390107,72.0962783091487,-0.0,0.0,0.0,tucson,431012,12.973891210925675
27_70,27,70,-112.098,32.01,1.0,-2.2605509729042508,2,36.65961784390107,72.0962783091487,-2.2605509729042508,36.65961784390107,72.0962783091487,tucson,125527,11.740276153857035
27_71,27,71,-112.054,32.01,0.0,-2.48646908642365,1,38.09166890623475,69.53768708110667,-0.0,0.0,0.0,tucson,431012,12.973891210925675
27_71,27,71,-112.054,32.01,1.0,-2.48646908642365,4,38.09166890623475,69.53768708110667,-2.48646908642365,38.09166890623475,69.53768708110667,tucson,125527,11.740276153857035
27_72,27,72,-112.01,32.01,0.0,-3.154805317791938,3,39.522956617041444,67.14048743117016,-0.0,0.0,0.0,tucson,431012,12.973891210925675
27_72,27,72,-112.01,32.01,1.0,-3.154805317791938,2,39.522956617041444,67.14048743117016,-3.154805317791938,39.522956617041444,67.14048743117016,tucson,125527,11.740276153857035
27_73,27,73,-111.96600000000001,32.01,0.0,-3.3777883707235077,3,40.95691517599955,64.922550789951,-0.0,0.0,0.0,tucson,431012,12.973891210925675
27_73,27,73,-111.96600000000001,32.01,1.0,-3.3777883707235077,0,40.95691517599955,64.922550789951,-3.3777883707235077,40.95691517599955,64.922550789951,tucson,125527,11.740276153857035
27_74,27,74,-111.922,32.01,0.0,-2.8744465810329816,3,42.397902385876634,62.90283376132021,-0.0,0.0,0.0,tucson,431012,12.973891210925675
27_74,27,74,-111.922,32.01,1.0,-2.8744465810329816,1,42.397902385876634,62.90283376132021,-2.8744465810329816,42.397902385876634,62.90283376132021,tucson,125527,11.740276153857035
27_76,27,76,-111.834,32.01,0.0,-1.3656684826917334,0,45.27011122331864,59.53678936060526,-0.0,0.0,0.0,tucson,431012,12.973891210925675
27_76,27,76,-111.834,32.01,1.0,-1.3656684826917334,1,45.27011122331864,59.53678936060526,-1.3656684826917334,45.27011122331864,59.53678936060526,tucson,125527,11.740276153857035
27_77,27,77,-111.79,32.01,0.0,-3.174548558392194,1,46.70125034032445,58.22938521817724,-0.0,0.0,0.0,tucson,431012,12.973891210925675
27_77,27,77,-111.79,32.01,1.0,-3.174548558392194,1,46.70125034032445,58.22938521817724,-3.174548558392194,46.70125034032445,58.22938521817724,tucson,125527,11.740276153857035
27_78,27,78,-111.74600000000001,32.01,0.0,-4.0807631641374735,1,48.152027407827,57.19638012075707,-0.0,0.0,0.0,tucson,431012,12.973891210925675
27_78,27,78,-111.74600000000001,32.01,1.0,-4.0807631641374735,2,48.152027407827,57.19638012075707,-4.0807631641374735,48.152027407827,57.19638012075707,tucson,125527,11.740276153857035
27_79,27,79,-111.702,32.01,0.0,-3.968446315199067,6,49.6090819667377,56.45283224119197,-0.0,0.0,0.0,tucson,431012,12.973891210925675
27_79,27,79,-111.702,32.01,1.0,-3.968446315199067,1,49.6090819667377,56.45283224119197,-3.968446315199067,49.6090819667377,56.45283224119197,tucson,125527,11.740276153857035
27_80,27,80,-111.658,32.01,0.0,-3.0581858937770012,2,51.02477261747806,56.01026384881028,-0.0,0.0,0.0,tucson,431012,12.973891210925675
27_80,27,80,-111.658,32.01,1.0,-3.0581858937770012,0,51.02477261747806,56.01026384881028,-3.0581858937770012,51.02477261747806,56.01026384881028,tucson,125527,11.740276153857035
27_85,27,85,-111.438,32.01,0.0,-5.123580156949739,5,58.249127618627995,58.388605464980266,-0.0,0.0,0.0,tucson,431012,12.973891210925675
27_85,27,85,-111.438,32.01,1.0,-5.123580156949739,1,58.249127618627995,58.388605464980266,-5.123580156949739,58.249127618627995,58.388605464980266,tucson,125527,11.740276153857035
27_86,27,86,-111.394,32.01,0.0,-5.15088928821042,1,59.75222409888622,59.731314385059015,-0.0,0.0,0.0,tucson,431012,12.973891210925675
27_86,27,86,-111.394,32.01,1.0,-5.15088928821042,1,59.75222409888622,59.731314385059015,-5.15088928821042,59.75222409888622,59.731314385059015,tucson,125527,11.740276153857035
27_87,27,87,-111.35000000000001,32.01,0.0,-5.493984797401899,4,61.17591096275886,61.25235114143963,-0.0,0.0,0.0,tucson,431012,12.973891210925675
27_87,27,87,-111.35000000000001,32.01,1.0,-5.493984797401899,4,61.17591096275886,61.25235114143963,-5.493984797401899,61.17591096275886,61.25235114143963,tucson,125527,11.740276153857035
27_88,27,88,-111.306,32.01,0.0,-3.8933004876393915,1,62.6300541529514,63.005579039112824,-0.0,0.0,0.0,tucson,431012,12.973891210925675
27_88,27,88,-111.306,32.01,1.0,-3.8933004876393915,2,62.6300541529514,63.005579039112824,-3.8933004876393915,62.6300541529514,63.005579039112824,tucson,125527,11.740276153857035
27_89,27,89,-111.262,32.01,0.0,-3.888654885133863,0,64.03330316349434,64.9791019191409,-0.0,0.0,0.0,tucson,431012,12.973891210925675
27_89,27,89,-111.262,32.01,1.0,-3.888654885133863,2,64.03330316349434,64.9791019191409,-3.888654885133863,64.03330316349434,64.9791019191409,tucson,125527,11.740276153857035
27_90,27,90,-111.218,32.01,0.0,-3.7589808720415556,1,65.43539360189075,66.02429552413726,-0.0,0.0,0.0,tucson,431012,12.973891210925675
27_90,27,90,-111.218,32.01,1.0,-3.7589808720415556,0,65.43539360189075,66.02429552413726,-3.7589808720415556,65.43539360189075,66.02429552413726,tucson,125527,11.740276153857035
27_91,27,91,-111.174,32.01,0.0,-3.419451567598707,1,67.01138115790219,67.12737028904178,-0.0,0.0,0.0,tucson,431012,12.973891210925675
27_91,27,91,-111.174,32.01,1.0,-3.419451567598707,1,67.01138115790219,67.12737028904178,-3.419451567598707,67.01138115790219,67.12737028904178,tucson,125527,11.740276153857035
27_92,27,92,-111.13000000000001,32.01,0.0,-3.258355153116087,0,68.4916212016649,68.46688863364075,-0.0,0.0,0.0,tucson,431012,12.973891210925675
27_92,27,92,-111.13000000000001,32.01,1.0,-3.258355153116087,1,68.4916212016649,68.46688863364075,-3.258355153116087,68.4916212016649,68.46688863364075,tucson,125527,11.740276153857035
27_93,27,93,-111.086,32.01,0.0,-2.8462450872895344,0,69.93267567885692,69.94101302456582,-0.0,0.0,0.0,tucson,431012,12.973891210925675
27_93,27,93,-111.086,32.01,1.0,-2.8462450872895344,1,69.93267567885692,69.94101302456582,-2.8462450872895344,69.93267567885692,69.94101302456582,tucson,125527,11.740276153857035
27_95,27,95,-110.998,32.01,0.0,-5.079177652810805,1,72.85909530413232,72.85668663500772,-0.0,0.0,0.0,tucson,431012,12.973891210925675
27_95,27,95,-110.998,32.01,1.0,-5.079177652810805,0,72.85909530413232,72.85668663500772,-5.079177652810805,72.85909530413232,72.85668663500772,tucson,125527,11.740276153857035
27_96,27,96,-110.95400000000001,32.01,0.0,-4.297984214249782,0,74.2919048484685,74.33218673213483,-0.0,0.0,0.0,tucson,431012,12.973891210925675
27_96,27,96,-110.95400000000001,32.01,1.0,-4.297984214249782,1,74.2919048484685,74.33218673213483,-4.297984214249782,74.2919048484685,74.33218673213483,tucson,125527,11.740276153857035
27_101,27,101,-110.73400000000001,32.01,0.0,-4.5524705535139995,3,75.0417362717065,74.99395772694328,-0.0,0.0,0.0,tucson,431012,12.973891210925675
27_101,27,101,-110.73400000000001,32.01,1.0,-4.5524705535139995,0,75.0417362717065,74.99395772694328,-4.5524705535139995,75.0417362717065,74.99395772694328,tucson,125527,11.740276153857035
27_102,27,102,-110.69,32.01,0.0,-4.670787405030952,1,74.99725380707275,75.07768462187862,-0.0,0.0,0.0,tucson,431012,12.973891210925675
27_102,27,102,-110.69,32.01,1.0,-4.670787405030952,5,74.99725380707275,75.07768462187862,-4.670787405030952,74.99725380707275,75.07768462187862,tucson,125527,11.740276153857035
27_103,27,103,-110.646,32.01,0.0,-4.068971680444297,2,75.01516209021389,75.38526312359129,-0.0,0.0,0.0,tucson,431012,12.973891210925675
27_103,27,103,-110.646,32.01,1.0,-4.068971680444297,0,75.01516209021389,75.38526312359129,-4.068971680444297,75.01516209021389,75.38526312359129,tucson,125527,11.740276153857035
27_104,27,104,-110.602,32.01,0.0,-3.7434583195370266,1,75.03290463653987,75.92107564818797,-0.0,0.0,0.0,tucson,431012,12.973891210925675
27_104,27,104,-110.602,32.01,1.0,-3.7434583195370266,0,75.03290463653987,75.92107564818797,-3.7434583195370266,75.03290463653987,75.92107564818797,tucson,125527,11.740276153857035
27_108,27,108,-110.426,32.01,0.0,-3.7625197439127245,1,75.03377083844974,80.22613373037079,-0.0,0.0,0.0,tucson,431012,12.973891210925675
27_108,27,108,-110.426,32.01,1.0,-3.7625197439127245,0,75.03377083844974,80.22613373037079,-3.7625197439127245,75.03377083844974,80.22613373037079,tucson,125527,11.740276153857035
27_116,27,116,-110.074,32.01,0.0,-3.1031189797663807,0,74.91634183045278,97.2157369841887,-0.0,0.0,0.0,tucson,431012,12.973891210925675
27_116,27,116,-110.074,32.01,1.0,-3.1031189797663807,1,74.91634183045278,97.2157369841887,-3.1031189797663807,74.91634183045278,97.2157369841887,tucson,125527,11.740276153857035
28_44,28,44,-113.242,32.054,0.0,1.790241710547496,0,4.675755623720238,165.45640918080124,0.0,0.0,0.0,yuma,84933,11.349617989357553
28_44,28,44,-113.242,32.054,1.0,1.790241710547496,1,4.675755623720238,165.45640918080124,1.790241710547496,4.675755623720238,165.45640918080124,yuma,14620,9.59014573330377
28_46,28,46,-113.154,32.054,0.0,2.0765606999343103,0,7.473228232605203,157.7322626940211,0.0,0.0,0.0,yuma,84933,11.349617989357553
28_46,28,46,-113.154,32.054,1.0,2.0765606999343103,1,7.473228232605203,157.7322626940211,2.0765606999343103,7.473228232605203,157.7322626940211,yuma,14620,9.59014573330377
28_49,28,49,-113.022,32.054,0.0,-0.048671864399349896,0,11.721097421114926,146.27263494145697,-0.0,0.0,0.0,yuma,84933,11.349617989357553
28_49,28,49,-113.022,32.054,1.0,-0.048671864399349896,10,11.721097421114926,146.27263494145697,-0.048671864399349896,11.721097421114926,146.27263494145697,yuma,14620,9.59014573330377
28_50,28,50,-112.97800000000001,32.054,0.0,0.838008747508985,0,13.127425386295352,142.49191876955499,0.0,0.0,0.0,tucson,431012,12.973891210925675
28_50,28,50,-112.97800000000001,32.054,1.0,0.838008747508985,8,13.127425386295352,142.49191876955499,0.838008747508985,13.127425386295352,142.49191876955499,tucson,125527,11.740276153857035
28_51,28,51,-112.934,32.054,0.0,-0.9231559904699429,0,14.502910647094623,138.73344332293047,-0.0,0.0,0.0,tucson,431012,12.973891210925675
28_51,28,51,-112.934,32.054,1.0,-0.9231559904699429,3,14.502910647094623,138.73344332293047,-0.9231559904699429,14.502910647094623,138.73344332293047,tucson,125527,11.740276153857035
28_52,28,52,-112.89,32.054,0.0,-1.1556472752871418,3,15.863688514607386,134.99905787424348,-0.0,0.0,0.0,tucson,431012,12.973891210925675
28_52,28,52,-112.89,32.054,1.0,-1.1556472752871418,4,15.863688514607386,134.99905787424348,-1.1556472752871418,15.863688514607386,134.99905787424348,tucson,125527,11.740276153857035
28_53,28,53,-112.846,32.054,0.0,-1.9365815901242058,0,17.620927469610898,131.2908096923137,-0.0,0.0,0.0,tucson,431012,12.973891210925675
28_53,28,53,-112.846,32.054,1.0,-1.9365815901242058,1,17.620927469610898,131.2908096923137,-1.9365815901242058,17.620927469610898,131.2908096923137,tucson,125527,11.740276153857035
28_54,28,54,-112.802,32.054,0.0,-2.3605402743923114,1,18.742457190882256,127.61096896785862,-0.0,0.0,0.0,tucson,431012,12.973891210925675
28_54,28,54,-112.802,32.054,1.0,-2.3605402743923114,0,18.742457190882256,127.61096896785862,-2.3605402743923114,18.742457190882256,127.61096896785862,tucson,125527,11.740276153857035
28_55,28,55,-112.75800000000001,32.054,0.0,-1.1600816802687173,0,20.050057919025456,123.96205714136538,-0.0,0.0,0.0,tucson,431012,12.973891210925675
28_55,28,55,-112.75800000000001,32.054,1.0,-1.1600816802687173,1,20.050057919025456,123.96205714136538,-1.1600816802687173,20.050057919025456,123.96205714136538,tucson,125527,11.740276153857035
28_56,28,56,-112.714,32.054,0.0,0.7077935738822647,1,21.453722776998408,120.34687907310133,0.0,0.0,0.0,tucson,431012,12.973891210925675
28_56,28,56,-112.714,32.054,1.0,0.7077935738822647,2,21.453722776998408,120.34687907310133,0.7077935738822647,21.453722776998408,120.34687907310133,tucson,125527,11.740276153857035
28_58,28,58,-112.626,32.054,0.0,-1.3957493963019139,1,24.313802583526858,113.2305844491727,-0.0,0.0,0.0,tucson,431012,12.973891210925675
28_58,28,58,-112.626,32.054,1.0,-1.3957493963019139,0,24.313802583526858,113.2305844491727,-1.3957493963019139,24.313802583526858,113.2305844491727,tucson,125527,11.740276153857035
28_59,28,59,-112.58200000000001,32.054,0.0,-1.1123360011053502,1,25.917644709813622,109.73684754721634,-0.0,0.0,0.0,tucson,431012,12.973891210925675
28_59,28,59,-112.58200000000001,32.054,1.0,-1.1123360011053502,1,25.917644709813622,109.73684754721634,-1.1123360011053502,25.917644709813622,109.73684754721634,tucson,125527,11.740276153857035
28_60,28,60,-112.538,32.054,0.0,-0.5932990193285257,0,27.013544585623528,106.2917025741252,-0.0,0.0,0.0,tucson,431012,12.973891210925675
28_60,28,60,-112.538,32.054,1.0,-0.5932990193285257,1,27.013544585623528,106.2917025741252,-0.5932990193285257,27.013544585623528,106.2917025741252,tucson,125527,11.740276153857035
28_61,28,61,-112.494,32.054,0.0,-1.2557643051000156,0,28.504157801451477,102.90002169765107,-0.0,0.0,0.0,tucson,431012,12.973891210925675
28_61,28,61,-112.494,32.054,1.0,-1.2557643051000156,4,28.504157801451477,102.90002169765107,-1.2557643051000156,28.504157801451477,102.90002169765107,tucson,125527,11.740276153857035
28_62,28,62,-112.45,32.054,0.0,-0.9544095291749104,1,29.907662375307236,99.56726009124844,-0.0,0.0,0.0,tucson,431012,12.973891210925675
28_62,28,62,-112.45,32.054,1.0,-0.9544095291749104,3,29.907662375307236,99.56726009124844,-0.9544095291749104,29.907662375307236,99.56726009124844,tucson,125527,11.740276153857035
28_63,28,63,-112.406,32.054,0.0,-1.047492360642121,1,31.437269306539992,96.29952660514981,-0.0,0.0,0.0,tucson,431012,12.973891210925675
28_63,28,63,-112.406,32.054,1.0,-1.047492360642121,1,31.437269306539992,96.29952660514981,-1.047492360642121,31.437269306539992,96.29952660514981,tucson,125527,11.740276153857035
28_64,28,64,-112.36200000000001,32.054,0.0,-1.3522987461080263,0,32.73955979702629,93.10365988473873,-0.0,0.0,0.0,tucson,431012,12.973891210925675
28_64,28,64,-112.36200000000001,32.054,1.0,-1.3522987461080263,4,32.73955979702629,93.10365988473873,-1.3522987461080263,32.73955979702629,93.10365988473873,tucson,125527,11.740276153857035
28_65,28,65,-112.318,32.054,0.0,-1.3554572029353509,2,34.15522088545411,89.98730858240253,-0.0,0.0,0.0,tucson,431012,12.973891210925675
28_65,28,65,-112.318,32.054,1.0,-1.3554572029353509,3,34.15522088545411,89.98730858240253,-1.3554572029353509,34.15522088545411,89.98730858240253,tucson,125527,11.740276153857035
28_66,28,66,-112.274,32.054,0.0,-1.5257291500726224,0,35.55087122962725,86.95901327024914,-0.0,0.0,0.0,tucson,431012,12.973891210925675
28_66,28,66,-112.274,32.054,1.0,-1.5257291500726224,1,35.55087122962725,86.95901327024914,-1.5257291500726224,35.55087122962725,86.95901327024914,tucson,125527,11.740276153857035
28_67,28,67,-112.23,32.054,0.0,-1.5810257291900354,0,36.99398999463982,84.02828622049859,-0.0,0.0,0.0,tucson,431012,12.973891210925675
28_67,28,67,-112.23,32.054,1.0,-1.5810257291900354,4,36.99398999463982,84.02828622049859,-1.5810257291900354,36.99398999463982,84.02828622049859,tucson,125527,11.740276153857035
28_68,28,68,-112.186,32.054,0.0,-1.7907660152041842,2,38.40923116645511,81.20568329969976,-0.0,0.0,0.0,tucson,431012,12.973891210925675
28_68,28,68,-112.186,32.054,1.0,-1.7907660152041842,2,38.40923116645511,81.20568329969976,-1.7907660152041842,38.40923116645511,81.20568329969976,tucson,125527,11.740276153857035
28_69,28,69,-112.142,32.054,0.0,-1.1205963853319492,0,39.8367259316145,78.50285977640559,-0.0,0.0,0.0,tucson,431012,12.973891210925675
28_69,28,69,-112.142,32.054,1.0,-1.1205963853319492,4,39.8367259316145,78.50285977640559,-1.1205963853319492,39.8367259316145,78.50285977640559,tucson,125527,11.740276153857035
28_70,28,70,-112.098,32.054,0.0,-2.5015107515083677,1,41.24707013733784,75.93259890471364,-0.0,0.0,0.0,tucson,431012,12.973891210925675
28_70,28,70,-112.098,32.054,1.0,-2.5015107515083677,3,41.24707013733784,75.93259890471364,-2.5015107515083677,41.24707013733784,75.93259890471364,tucson,125527,11.740276153857035
28_71,28,71,-112.054,32.054,0.0,-2.500259411870183,1,42.67711660228083,73.50879890362472,-0.0,0.0,0.0,tucson,431012,12.973891210925675
28_71,28,71,-112.054,32.054,1.0,-2.500259411870183,1,42.67711660228083,73.50879890362472,-2.500259411870183,42.67711660228083,73.50879890362472,tucson,125527,11.740276153857035
28_72,28,72,-112.01,32.054,0.0,-2.9695413277075358,2,44.10155881450905,71.24640083584177,-0.0,0.0,0.0,tucson,431012,12.973891210925675
28_72,28,72,-112.01,32.054,1.0,-2.9695413277075358,2,44.10155881450905,71.24640083584177,-2.9695413277075358,44.10155881450905,71.24640083584177,tucson,125527,11.740276153857035
28_73,28,73,-111.96600000000001,32.054,0.0,-2.3842398552165203,0,45.53228508714029,69.16123767553088,-0.0,0.0,0.0,tucson,431012,12.973891210925675
28_73,28,73,-111.96600000000001,32.054,1.0,-2.3842398552165203,1,45.53228508714029,69.16123767553088,-2.3842398552165203,45.53228508714029,69.16123767553088,tucson,125527,11.740276153857035
28_74,28,74,-111.922,32.054,0.0,-2.430611702457905,2,46.96970260227546,67.26978472484801,-0.0,0.0,0.0,tucson,431012,12.973891210925675
28_74,28,74,-111.922,32.054,1.0,-2.430611702457905,1,46.96970260227546,67.26978472484801,-2.430611702457905,46.96970260227546,67.26978472484801,tucson,125527,11.740276153857035
28_75,28,75,-111.878,32.054,0.0,-1.669466375949681,0,48.40256160014829,65.5887950208901,-0.0,0.0,0.0,tucson,431012,12.973891210925675
28_75,28,75,-111.878,32.054,1.0,-1.669466375949681,1,48.40256160014829,65.5887950208901,-1.669466375949681,48.40256160014829,65.5887950208901,tucson,125527,11.740276153857035
28_77,28,77,-111.79,32.054,0.0,-2.0006621446274484,4,51.288358209425375,62.92356693301879,-0.0,0.0,0.0,tucson,431012,12.973891210925675
28_77,28,77,-111.79,32.054,1.0,-2.0006621446274484,1,51.288358209425375,62.92356693301879,-2.0006621446274484,51.288358209425375,62.92356693301879,tucson,125527,11.740276153857035
28_78,28,78,-111.74600000000001,32.054,0.0,-3.5930913032666467,2,52.724959142852285,61.969287962040845,-0.0,0.0,0.0,tucson,431012,12.973891210925675
28_78,28,78,-111.74600000000001,32.054,1.0,-3.5930913032666467,1,52.724959142852285,61.969287962040845,-3.5930913032666467,52.724959142852285,61.969287962040845,tucson,125527,11.740276153857035
28_79,28,79,-111.702,32.054,0.0,-3.8822932061316417,1,54.160870867182226,61.28397371889361,-0.0,0.0,0.0,tucson,431012,12.973891210925675
28_79,28,79,-111.702,32.054,1.0,-3.8822932061316417,0,54.160870867182226,61.28397371889361,-3.8822932061316417,54.160870867182226,61.28397371889361,tucson,125527,11.740276153857035
28_80,28,80,-111.658,32.054,0.0,-4.166392517630994,2,55.5963725667362,60.876702238828145,-0.0,0.0,0.0,tucson,431012,12.973891210925675
28_80,28,80,-111.658,32.054,1.0,-4.166392517630994,0,55.5963725667362,60.876702238828145,-4.166392517630994,55.5963725667362,60.876702238828145,tucson,125527,11.740276153857035
28_81,28,81,-111.614,32.054,0.0,-4.283466133268804,0,57.04160613804043,60.7530597845994,-0.0,0.0,0.0,tucson,431012,12.973891210925675
28_81,28,81,-111.614,32.054,1.0,-4.283466133268804,1,57.04160613804043,60.7530597845994,-4.283466133268804,57.04160613804043,60.7530597845994,tucson,125527,11.740276153857035
28_82,28,82,-111.57000000000001,32.054,0.0,-4.553074783049805,2,58.485022752848025,60.91476817607467,-0.0,0.0,0.0,tucson,431012,12.973891210925675
28_82,28,82,-111.57000000000001,32.054,1.0,-4.553074783049805,1,58.485022752848025,60.91476817607467,-4.553074783049805,58.485022752848025,60.91476817607467,tucson,125527,11.740276153857035
28_83,28,83,-111.526,32.054,0.0,-4.437156098963826,2,59.93745527109768,61.35956656622132,-0.0,0.0,0.0,tucson,431012,12.973891210925675
28_83,28,83,-111.526,32.054,1.0,-4.437156098963826,1,59.93745527109768,61.35956656622132,-4.437156098963826,59.93745527109768,61.35956656622132,tucson,125527,11.740276153857035
28_84,28,84,-111.482,32.054,0.0,-5.219499652236821,3,61.39598803866825,62.08136609189217,-0.0,0.0,0.0,tucson,431012,12.973891210925675
28_84,28,84,-111.482,32.054,1.0,-5.219499652236821,0,61.39598803866825,62.08136609189217,-5.219499652236821,61.39598803866825,62.08136609189217,tucson,125527,11.740276153857035
28_85,28,85,-111.438,32.054,0.0,-4.603890156544655,3,62.83037650396404,63.070653367467706,-0.0,0.0,0.0,tucson,431012,12.973891210925675
28_85,28,85,-111.438,32.054,1.0,-4.603890156544655,0,62.83037650396404,63.070653367467706,-4.603890156544655,62.83037650396404,63.070653367467706,tucson,125527,11.740276153857035
28_86,28,86,-111.394,32.054,0.0,-5.137223662134394,3,64.27990456554986,64.31508281928492,-0.0,0.0,0.0,tucson,431012,12.973891210925675
28_86,28,86,-111.394,32.054,1.0,-5.137223662134394,0,64.27990456554986,64.31508281928492,-5.137223662134394,64.27990456554986,64.31508281928492,tucson,125527,11.740276153857035
28_87,28,87,-111.35000000000001,32.054,0.0,-5.603020138087931,2,65.74315116430472,65.76343199384662,-0.0,0.0,0.0,tucson,431012,12.973891210925675
28_87,28,87,-111.35000000000001,32.054,1.0,-5.603020138087931,2,65.74315116430472,65.76343199384662,-5.603020138087931,65.74315116430472,65.76343199384662,tucson,125527,11.740276153857035
28_88,28,88,-111.306,32.054,0.0,-4.452452085608281,0,67.1987397520254,67.39863126179212,-0.0,0.0,0.0,tucson,431012,12.973891210925675
28_88,28,88,-111.306,32.054,1.0,-4.452452085608281,2,67.1987397520254,67.39863126179212,-4.452452085608281,67.1987397520254,67.39863126179212,tucson,125527,11.740276153857035
28_89,28,89,-111.262,32.054,0.0,-4.448967709033168,1,68.65781975038574,69.24618310183912,-0.0,0.0,0.0,tucson,431012,12.973891210925675
28_89,28,89,-111.262,32.054,1.0,-4.448967709033168,0,68.65781975038574,69.24618310183912,-4.448967709033168,68.65781975038574,69.24618310183912,tucson,125527,11.740276153857035
28_90,28,90,-111.218,32.054,0.0,-3.9986197298356077,0,69.99737079214957,70.7730200247245,-0.0,0.0,0.0,tucson,431012,12.973891210925675
28_90,28,90,-111.218,32.054,1.0,-3.9986197298356077,1,69.99737079214957,70.7730200247245,-3.9986197298356077,69.99737079214957,70.7730200247245,tucson,125527,11.740276153857035
28_92,28,92,-111.13000000000001,32.054,0.0,-3.795628179716338,0,73.03213503674984,73.0559263705224,-0.0,0.0,0.0,tucson,431012,12.973891210925675
28_92,28,92,-111.13000000000001,32.054,1.0,-3.795628179716338,1,73.03213503674984,73.0559263705224,-3.795628179716338,73.03213503674984,73.0559263705224,tucson,125527,11.740276153857035
28_93,28,93,-111.086,32.054,0.0,-3.4695430779602923,0,74.49582791491514,74.51155488238071,-0.0,0.0,0.0,tucson,431012,12.973891210925675
28_93,28,93,-111.086,32.054,1.0,-3.4695430779602923,1,74.49582791491514,74.51155488238071,-3.4695430779602923,74.49582791491514,74.51155488238071,tucson,125527,11.740276153857035
28_95,28,95,-110.998,32.054,0.0,-4.8819295385356885,0,77.49425765241722,77.42053253131651,-0.0,0.0,0.0,tucson,431012,12.973891210925675
28_95,28,95,-110.998,32.054,1.0,-4.8819295385356885,1,77.49425765241722,77.42053253131651,-4.8819295385356885,77.49425765241722,77.42053253131651,tucson,125527,11.740276153857035
28_96,28,96,-110.95400000000001,32.054,0.0,-4.937882321438176,0,78.84723379508605,78.90393993263405,-0.0,0.0,0.0,tucson,431012,12.973891210925675
28_96,28,96,-110.95400000000001,32.054,1.0,-4.937882321438176,1,78.84723379508605,78.90393993263405,-4.937882321438176,78.84723379508605,78.90393993263405,tucson,125527,11.740276153857035
28_97,28,97,-110.91,32.054,0.0,-5.050810267142412,1,79.87346935905268,80.35612491113442,-0.0,0.0,0.0,tucson,431012,12.973891210925675
28_97,28,97,-110.91,32.054,1.0,-5.050810267142412,0,79.87346935905268,80.35612491113442,-5.050810267142412,79.87346935905268,80.35612491113442,tucson,125527,11.740276153857035
28_101,28,101,-110.73400000000001,32.054,0.0,-4.78318948009797,1,79.91588174891871,79.87103907639228,-0.0,0.0,0.0,tucson,431012,12.973891210925675
28_101,28,101,-110.73400000000001,32.054,1.0,-4.78318948009797,0,79.91588174891871,79.87103907639228,-4.78318948009797,79.91588174891871,79.87103907639228,tucson,125527,11.740276153857035
28_116,28,116,-110.074,32.054,0.0,-3.3774414209178545,0,79.79383646786955,101.01717712757825,-0.0,0.0,0.0,tucson,431012,12.973891210925675
28_116,28,116,-110.074,32.054,1.0,-3.3774414209178545,1,79.79383646786955,101.01717712757825,-3.3774414209178545,79.79383646786955,101.01717712757825,tucson,125527,11.740276153857035
28_138,28,138,-109.10600000000001,32.054,0.0,0.3602886545138828,0,79.39129152652657,50.62090653074439,0.0,0.0,0.0,tucson,431012,12.973891210925675
28_138,28,138,-109.10600000000001,32.054,1.0,0.3602886545138828,1,79.39129152652657,50.62090653074439,0.3602886545138828,79.39129152652657,50.62090653074439,tucson,125527,11.740276153857035
29_44,29,44,-113.242,32.098,0.0,2.374361076573236,0,9.180227102409898,167.2758022195938,0.0,0.0,0.0,yuma,84933,11.349617989357553
29_44,29,44,-113.242,32.098,1.0,2.374361076573236,1,9.180227102409898,167.2758022195938,2.374361076573236,9.180227102409898,167.2758022195938,yuma,14620,9.59014573330377
29_45,29,45,-113.19800000000001,32.098,0.0,1.492805642097077,0,10.600126461930143,163.45098420244776,0.0,0.0,0.0,yuma,84933,11.349617989357553
29_45,29,45,-113.19800000000001,32.098,1.0,1.492805642097077,1,10.600126461930143,163.45098420244776,1.492805642097077,10.600126461930143,163.45098420244776,yuma,14620,9.59014573330377
29_48,29,48,-113.066,32.098,0.0,-0.17585062983637278,0,14.894412267813324,152.08493603091043,-0.0,0.0,0.0,yuma,84933,11.349617989357553
29_48,29,48,-113.066,32.098,1.0,-0.17585062983637278,1,14.894412267813324,152.08493603091043,-0.17585062983637278,14.894412267813324,152.08493603091043,yuma,14620,9.59014573330377
29_49,29,49,-113.022,32.098,0.0,-0.04213358724705418,0,16.283480216835486,148.33697568781648,-0.0,0.0,0.0,yuma,84933,11.349617989357553
29_49,29,49,-113.022,32.098,1.0,-0.04213358724705418,4,16.283480216835486,148.33697568781648,-0.04213358724705418,16.283480216835486,148.33697568781648,yuma,14620,9.59014573330377
29_50,29,50,-112.97800000000001,32.098,0.0,1.0625751020799057,0,17.895281465859632,144.61200854755174,0.0,0.0,0.0,tucson,431012,12.973891210925675
29_50,29,50,-112.97800000000001,32.098,1.0,1.0625751020799057,7,17.895281465859632,144.61200854755174,1.0625751020799057,17.895281465859632,144.61200854755174,tucson,125527,11.740276153857035
29_51,29,51,-112.934,32.098,0.0,1.2462779605800205,0,19.089000354130732,140.911849916248,0.0,0.0,0.0,tucson,431012,12.973891210925675
29_51,29,51,-112.934,32.098,1.0,1.2462779605800205,2,19.089000354130732,140.911849916248,1.2462779605800205,19.089000354130732,140.911849916248,tucson,125527,11.740276153857035
29_52,29,52,-112.89,32.098,0.0,-1.1743750715977992,2,20.466810287158093,137.23849824704828,-0.0,0.0,0.0,tucson,431012,12.973891210925675
29_52,29,52,-112.89,32.098,1.0,-1.1743750715977992,2,20.466810287158093,137.23849824704828,-1.1743750715977992,20.466810287158093,137.23849824704828,tucson,125527,11.740276153857035
29_54,29,54,-112.802,32.098,0.0,-2.379390554705495,1,23.504953231857915,129.98125695456534,-0.0,0.0,0.0,tucson,431012,12.973891210925675
29_54,29,54,-112.802,32.098,1.0,-2.379390554705495,1,23.504953231857915,129.98125695456534,-2.379390554705495,23.504953231857915,129.98125695456534,tucson,125527,11.740276153857035
29_55,29,55,-112.75800000000001,32.098,0.0,-2.5032197547582586,0,24.631616191473046,126.40248706686131,-0.0,0.0,0.0,tucson,431012,12.973891210925675
29_55,29,55,-112.75800000000001,32.098,1.0,-2.5032197547582586,2,24.631616191473046,126.40248706686131,-2.5032197547582586,24.631616191473046,126.40248706686131,tucson,125527,11.740276153857035
29_56,29,56,-112.714,32.098,0.0,0.5770325166833237,0,26.046513165638753,122.86082119090773,0.0,0.0,0.0,tucson,431012,12.973891210925675
29_56,29,56,-112.714,32.098,1.0,0.5770325166833237,3,26.046513165638753,122.86082119090773,0.5770325166833237,26.046513165638753,122.86082119090773,tucson,125527,11.740276153857035
29_58,29,58,-112.626,32.098,0.0,-1.8819667097705601,0,28.862778953637694,115.90233829074177,-0.0,0.0,0.0,tucson,431012,12.973891210925675
29_58,29,58,-112.626,32.098,1.0,-1.8819667097705601,1,28.862778953637694,115.90233829074177,-1.8819667097705601,28.862778953637694,115.90233829074177,tucson,125527,11.740276153857035
29_59,29,59,-112.58200000000001,32.098,0.0,-1.296354386445831,0,30.492649563013583,112.4932274068977,-0.0,0.0,0.0,tucson,431012,12.973891210925675
29_59,29,59,-112.58200000000001,32.098,1.0,-1.296354386445831,3,30.492649563013583,112.4932274068977,-1.296354386445831,30.492649563013583,112.4932274068977,tucson,125527,11.740276153857035
29_60,29,60,-112.538,32.098,0.0,-1.9674395878367796,0,31.65152338797013,109.13672101827635,-0.0,0.0,0.0,tucson,431012,12.973891210925675
29_60,29,60,-112.538,32.098,1.0,-1.9674395878367796,1,31.65152338797013,109.13672101827635,-1.9674395878367796,31.65152338797013,109.13672101827635,tucson,125527,11.740276153857035
29_61,29,61,-112.494,32.098,0.0,-1.8062861406892636,1,33.08150032019553,105.83781574528848,-0.0,0.0,0.0,tucson,431012,12.973891210925675
29_61,29,61,-112.494,32.098,1.0,-1.8062861406892636,0,33.08150032019553,105.83781574528848,-1.8062861406892636,33.08150032019553,105.83781574528848,tucson,125527,11.740276153857035
29_62,29,62,-112.45,32.098,0.0,-1.6574976202800906,0,34.484774551941506,102.60205943860159,-0.0,0.0,0.0,tucson,431012,12.973891210925675
29_62,29,62,-112.45,32.098,1.0,-1.6574976202800906,1,34.484774551941506,102.60205943860159,-1.6574976202800906,34.484774551941506,102.60205943860159,tucson,125527,11.740276153857035
29_63,29,63,-112.406,32.098,0.0,-1.2321652512463996,0,35.92313019697509,99.43560877896348,-0.0,0.0,0.0,tucson,431012,12.973891210925675
29_63,29,63,-112.406,32.098,1.0,-1.2321652512463996,2,35.92313019697509,99.43560877896348,-1.2321652512463996,35.92313019697509,99.43560877896348,tucson,125527,11.740276153857035
29_65,29,65,-112.318,32.098,0.0,-2.046258148848315,0,38.73981379719764,93.3386538693233,-0.0,0.0,0.0,tucson,431012,12.973891210925675
29_65,29,65,-112.318,32.098,1.0,-2.046258148848315,3,38.73981379719764,93.3386538693233,-2.046258148848315,38.73981379719764,93.3386538693233,tucson,125527,11.740276153857035
29_67,29,67,-112.23,32.098,0.0,-2.165230135919441,0,41.56598744733445,87.61063333897835,-0.0,0.0,0.0,tucson,431012,12.973891210925675
29_67,29,67,-112.23,32.098,1.0,-2.165230135919441,3,41.56598744733445,87.61063333897835,-2.165230135919441,41.56598744733445,87.61063333897835,tucson,125527,11.740276153857035
29_70,29,70,-112.098,32.098,0.0,-2.2577543773129602,0,45.83332816158124,79.88259693206872,-0.0,0.0,0.0,tucson,431012,12.973891210925675
29_70,29,70,-112.098,32.098,1.0,-2.2577543773129602,1,45.83332816158124,79.88259693206872,-2.2577543773129602,45.83332816158124,79.88259693206872,tucson,125527,11.740276153857035
29_71,29,71,-112.054,32.098,0.0,-2.633583989455494,0,47.24771704580391,77.58337657673117,-0.0,0.0,0.0,tucson,431012,12.973891210925675
29_71,29,71,-112.054,32.098,1.0,-2.633583989455494,1,47.24771704580391,77.58337657673117,-2.633583989455494,47.24771704580391,77.58337657673117,tucson,125527,11.740276153857035
29_72,29,72,-112.01,32.098,0.0,-2.717176639561514,0,48.681100899675045,75.44426519954322,-0.0,0.0,0.0,tucson,431012,12.973891210925675
29_72,29,72,-112.01,32.098,1.0,-2.717176639561514,1,48.681100899675045,75.44426519954322,-2.717176639561514,48.681100899675045,75.44426519954322,tucson,125527,11.740276153857035
29_73,29,73,-111.96600000000001,32.098,0.0,-2.537234393279235,1,50.10790742203272,73.47923964335754,-0.0,0.0,0.0,tucson,431012,12.973891210925675
29_73,29,73,-111.96600000000001,32.098,1.0,-2.537234393279235,2,50.10790742203272,73.47923964335754,-2.537234393279235,50.10790742203272,73.47923964335754,tucson,125527,11.740276153857035
29_75,29,75,-111.878,32.098,0.0,-2.4984721845217877,1,52.985380827000334,70.12867792704719,-0.0,0.0,0.0,tucson,431012,12.973891210925675
29_75,29,75,-111.878,32.098,1.0,-2.4984721845217877,0,52.985380827000334,70.12867792704719,-2.4984721845217877,52.985380827000334,70.12867792704719,tucson,125527,11.740276153857035
29_76,29,76,-111.834,32.098,0.0,-2.4357931286742107,0,54.41207997432484,68.77136603268944,-0.0,0.0,0.0,tucson,431012,12.973891210925675
29_76,29,76,-111.834,32.098,1.0,-2.4357931286742107,1,54.41207997432484,68.77136603268944,-2.4357931286742107,54.41207997432484,68.77136603268944,tucson,125527,11.740276153857035
29_78,29,78,-111.74600000000001,32.098,0.0,-3.189049369305627,1,57.288982363979315,66.75732686334369,-0.0,0.0,0.0,tucson,431012,12.973891210925675
29_78,29,78,-111.74600000000001,32.098,1.0,-3.189049369305627,1,57.288982363979315,66.75732686334369,-3.189049369305627,57.288982363979315,66.75732686334369,tucson,125527,11.740276153857035
29_79,29,79,-111.702,32.098,0.0,-3.719889390166278,1,58.73816735597352,66.12192988628722,-0.0,0.0,0.0,tucson,431012,12.973891210925675
29_79,29,79,-111.702,32.098,1.0,-3.719889390166278,0,58.73816735597352,66.12192988628722,-3.719889390166278,58.73816735597352,66.12192988628722,tucson,125527,11.740276153857035
29_80,29,80,-111.658,32.098,0.0,-3.8229540719017443,2,60.18297599371364,65.74478554907742,-0.0,0.0,0.0,tucson,431012,12.973891210925675
29_80,29,80,-111.658,32.098,1.0,-3.8229540719017443,2,60.18297599371364,65.74478554907742,-3.8229540719017443,60.18297599371364,65.74478554907742,tucson,125527,11.740276153857035
29_81,29,81,-111.614,32.098,0.0,-3.9331096675848816,3,61.6134721521048,65.63034082235698,-0.0,0.0,0.0,tucson,431012,12.973891210925675
29_81,29,81,-111.614,32.098,1.0,-3.9331096675848816,1,61.6134721521048,65.63034082235698,-3.9331096675848816,61.6134721521048,65.63034082235698,tucson,125527,11.740276153857035
29_82,29,82,-111.57000000000001,32.098,0.0,-4.147450451453918,0,63.05841638752,65.7799619597839,-0.0,0.0,0.0,tucson,431012,12.973891210925675
29_82,29,82,-111.57000000000001,32.098,1.0,-4.147450451453918,1,63.05841638752,65.7799619597839,-4.147450451453918,63.05841638752,65.7799619597839,tucson,125527,11.740276153857035
29_83,29,83,-111.526,32.098,0.0,-4.509317746282636,0,64.51804185855282,66.19185381910549,-0.0,0.0,0.0,tucson,431012,12.973891210925675
29_83,29,83,-111.526,32.098,1.0,-4.509317746282636,1,64.51804185855282,66.19185381910549,-4.509317746282636,64.51804185855282,66.19185381910549,tucson,125527,11.740276153857035
29_84,29,84,-111.482,32.098,0.0,-4.5734173312406545,2,65.9517031079226,66.86116546804013,-0.0,0.0,0.0,tucson,431012,12.973891210925675
29_84,29,84,-111.482,32.098,1.0,-4.5734173312406545,1,65.9517031079226,66.86116546804013,-4.5734173312406545,65.9517031079226,66.86116546804013,tucson,125527,11.740276153857035
29_86,29,86,-111.394,32.098,0.0,-4.446585044976565,0,68.84259832568243,68.93916803679086,-0.0,0.0,0.0,tucson,431012,12.973891210925675
29_86,29,86,-111.394,32.098,1.0,-4.446585044976565,5,68.84259832568243,68.93916803679086,-4.446585044976565,68.84259832568243,68.93916803679086,tucson,125527,11.740276153857035
29_87,29,87,-111.35000000000001,32.098,0.0,-6.0849358500381605,0,70.35204683854907,70.32172236043996,-0.0,0.0,0.0,tucson,431012,12.973891210925675
29_87,29,87,-111.35000000000001,32.098,1.0,-6.0849358500381605,4,70.35204683854907,70.32172236043996,-6.0849358500381605,70.35204683854907,70.32172236043996,tucson,125527,11.740276153857035
29_88,29,88,-111.306,32.098,0.0,-4.779329354533455,5,71.76707809562853,71.85420292504398,-0.0,0.0,0.0,tucson,431012,12.973891210925675
29_88,29,88,-111.306,32.098,1.0,-4.779329354533455,3,71.76707809562853,71.85420292504398,-4.779329354533455,71.76707809562853,71.85420292504398,tucson,125527,11.740276153857035
29_89,29,89,-111.262,32.098,0.0,-5.361032308137256,1,73.2229803122977,73.58914499357911,-0.0,0.0,0.0,tucson,431012,12.973891210925675
29_89,29,89,-111.262,32.098,1.0,-5.361032308137256,1,73.2229803122977,73.58914499357911,-5.361032308137256,73.2229803122977,73.58914499357911,tucson,125527,11.740276153857035
29_90,29,90,-111.218,32.098,0.0,-5.243904875236307,0,74.5992696163766,75.51419293999413,-0.0,0.0,0.0,tucson,431012,12.973891210925675
29_90,29,90,-111.218,32.098,1.0,-5.243904875236307,2,74.5992696163766,75.51419293999413,-5.243904875236307,74.5992696163766,75.51419293999413,tucson,125527,11.740276153857035
29_91,29,91,-111.174,32.098,0.0,-4.690703681329278,1,76.03362590274688,76.50323034376056,-0.0,0.0,0.0,tucson,431012,12.973891210925675
29_91,29,91,-111.174,32.098,1.0,-4.690703681329278,1,76.03362590274688,76.50323034376056,-4.690703681329278,76.03362590274688,76.50323034376056,tucson,125527,11.740276153857035
29_92,29,92,-111.13000000000001,32.098,0.0,-4.562341987514899,3,77.5977432455714,77.68011014600225,-0.0,0.0,0.0,tucson,431012,12.973891210925675
29_92,29,92,-111.13000000000001,32.098,1.0,-4.562341987514899,1,77.5977432455714,77.68011014600225,-4.562341987514899,77.5977432455714,77.68011014600225,tucson,125527,11.740276153857035
29_93,29,93,-111.086,32.098,0.0,-3.998320852590043,1,79.08727759169071,79.05859548065945,-0.0,0.0,0.0,tucson,431012,12.973891210925675
29_93,29,93,-111.086,32.098,1.0,-3.998320852590043,1,79.08727759169071,79.05859548065945,-3.998320852590043,79.08727759169071,79.05859548065945,tucson,125527,11.740276153857035
29_95,29,95,-110.998,32.098,0.0,-3.925875675610854,0,82.13833990190494,81.98444011893669,-0.0,0.0,0.0,tucson,431012,12.973891210925675
29_95,29,95,-110.998,32.098,1.0,-3.925875675610854,1,82.13833990190494,81.98444011893669,-3.925875675610854,82.13833990190494,81.98444011893669,tucson,125527,11.740276153857035
29_96,29,96,-110.95400000000001,32.098,0.0,-5.030260061913092,1,83.4342541221995,83.44876861773585,-0.0,0.0,0.0,tucson,431012,12.973891210925675
29_96,29,96,-110.95400000000001,32.098,1.0,-5.030260061913092,1,83.4342541221995,83.44876861773585,-5.030260061913092,83.4342541221995,83.44876861773585,tucson,125527,11.740276153857035
29_97,29,97,-110.91,32.098,0.0,-5.234614132770101,0,84.74884734985538,84.9192740129917,-0.0,0.0,0.0,tucson,431012,12.973891210925675
29_97,29,97,-110.91,32.098,1.0,-5.234614132770101,2,84.74884734985538,84.9192740129917,-5.234614132770101,84.74884734985538,84.9192740129917,tucson,125527,11.740276153857035
29_98,29,98,-110.866,32.098,0.0,-5.6630424923268325,2,84.70635713042611,85.3992911986053,-0.0,0.0,0.0,tucson,431012,12.973891210925675
29_98,29,98,-110.866,32.098,1.0,-5.6630424923268325,0,84.70635713042611,85.3992911986053,-5.6630424923268325,84.70635713042611,85.3992911986053,tucson,125527,11.740276153857035
29_99,29,99,-110.822,32.098,0.0,-5.563834484099094,3,84.714376859839,84.9836344529235,-0.0,0.0,0.0,tucson,431012,12.973891210925675
29_99,29,99,-110.822,32.098,1.0,-5.563834484099094,1,84.714376859839,84.9836344529235,-5.563834484099094,84.714376859839,84.9836344529235,tucson,125527,11.740276153857035
29_120,29,120,-109.898,32.098,0.0,-3.5481377631368876,1,84.68132715316692,97.41551267828777,-0.0,0.0,0.0,tucson,431012,12.973891210925675
29_120,29,120,-109.898,32.098,1.0,-3.5481377631368876,0,84.68132715316692,97.41551267828777,-3.5481377631368876,84.68132715316692,97.41551267828777,tucson,125527,11.740276153857035
30_45,30,45,-113.19800000000001,32.142,0.0,1.2642687787313416,0,15.180570980374915,165.43814443585777,0.0,0.0,0.0,yuma,84933,11.349617989357553
30_45,30,45,-113.19800000000001,32.142,1.0,1.2642687787313416,2,15.180570980374915,165.43814443585777,1.2642687787313416,15.180570980374915,165.43814443585777,yuma,14620,9.59014573330377
30_46,30,46,-113.154,32.142,0.0,0.5892595417423409,0,16.620398055755118,161.6791286663292,0.0,0.0,0.0,yuma,84933,11.349617989357553
30_46,30,46,-113.154,32.142,1.0,0.5892595417423409,3,16.620398055755118,161.6791286663292,0.5892595417423409,16.620398055755118,161.6791286663292,yuma,14620,9.59014573330377
30_47,30,47,-113.11,32.142,0.0,0.28347191988314646,0,18.068394109009297,157.9406106973124,0.0,0.0,0.0,yuma,84933,11.349617989357553
30_47,30,47,-113.11,32.142,1.0,0.28347191988314646,1,18.068394109009297,157.9406106973124,0.28347191988314646,18.068394109009297,157.9406106973124,yuma,14620,9.59014573330377
30_48,30,48,-113.066,32.142,0.0,-0.13393011128514254,0,19.481216218071843,154.2240732203565,-0.0,0.0,0.0,yuma,84933,11.349617989357553
30_48,30,48,-113.066,32.142,1.0,-0.13393011128514254,1,19.481216218071843,154.2240732203565,-0.13393011128514254,19.481216218071843,154.2240732203565,yuma,14620,9.59014573330377
30_49,30,49,-113.022,32.142,0.0,-0.3788069129891788,0,20.91191080958064,150.53113632168993,-0.0,0.0,0.0,yuma,84933,11.349617989357553
30_49,30,49,-113.022,32.142,1.0,-0.3788069129891788,1,20.91191080958064,150.53113632168993,-0.3788069129891788,20.91191080958064,150.53113632168993,yuma,14620,9.59014573330377
30_50,30,50,-112.97800000000001,32.142,0.0,0.4063624759389992,0,22.325369589519717,146.8635723451286,0.0,0.0,0.0,tucson,431012,12.973891210925675
30_50,30,50,-112.97800000000001,32.142,1.0,0.4063624759389992,5,22.325369589519717,146.8635723451286,0.4063624759389992,22.325369589519717,146.8635723451286,tucson,125527,11.740276153857035
30_51,30,51,-112.934,32.142,0.0,0.8914458613277657,0,23.66545074586428,143.22332248188405,0.0,0.0,0.0,tucson,431012,12.973891210925675
30_51,30,51,-112.934,32.142,1.0,0.8914458613277657,4,23.66545074586428,143.22332248188405,0.8914458613277657,23.66545074586428,143.22332248188405,tucson,125527,11.740276153857035
30_52,30,52,-112.89,32.142,0.0,-0.9600506696325899,1,25.05434679100945,139.6125152737303,-0.0,0.0,0.0,tucson,431012,12.973891210925675
30_52,30,52,-112.89,32.142,1.0,-0.9600506696325899,3,25.05434679100945,139.6125152737303,-0.9600506696325899,25.05434679100945,139.6125152737303,tucson,125527,11.740276153857035
30_53,30,53,-112.846,32.142,0.0,-1.9854583374544121,0,26.44764074639371,136.03348722536646,-0.0,0.0,0.0,tucson,431012,12.973891210925675
30_53,30,53,-112.846,32.142,1.0,-1.9854583374544121,2,26.44764074639371,136.03348722536646,-1.9854583374544121,26.44764074639371,136.03348722536646,tucson,125527,11.740276153857035
30_54,30,54,-112.802,32.142,0.0,-2.511402207721008,1,28.15673992038441,132.4888057264534,-0.0,0.0,0.0,tucson,431012,12.973891210925675
30_54,30,54,-112.802,32.142,1.0,-2.511402207721008,1,28.15673992038441,132.4888057264534,-2.511402207721008,28.15673992038441,132.4888057264534,tucson,125527,11.740276153857035
30_55,30,55,-112.75800000000001,32.142,0.0,-2.7445268435365016,3,29.264096454055288,128.9812944808798,-0.0,0.0,0.0,tucson,431012,12.973891210925675
30_55,30,55,-112.75800000000001,32.142,1.0,-2.7445268435365016,0,29.264096454055288,128.9812944808798,-2.7445268435365016,29.264096454055288,128.9812944808798,tucson,125527,11.740276153857035
30_56,30,56,-112.714,32.142,0.0,-1.8379698193049179,3,30.638475487958907,125.51406162656129,-0.0,0.0,0.0,tucson,431012,12.973891210925675
30_56,30,56,-112.714,32.142,1.0,-1.8379698193049179,2,30.638475487958907,125.51406162656129,-1.8379698193049179,30.638475487958907,125.51406162656129,tucson,125527,11.740276153857035
30_57,30,57,-112.67,32.142,0.0,-0.7239283558660861,1,32.041588695105844,122.09053069811529,-0.0,0.0,0.0,tucson,431012,12.973891210925675
30_57,30,57,-112.67,32.142,1.0,-0.7239283558660861,0,32.041588695105844,122.09053069811529,-0.7239283558660861,32.041588695105844,122.09053069811529,tucson,125527,11.740276153857035
30_58,30,58,-112.626,32.142,0.0,-1.9655033135267332,2,33.44988084644624,118.71447453023035,-0.0,0.0,0.0,tucson,431012,12.973891210925675
30_58,30,58,-112.626,32.142,1.0,-1.9655033135267332,0,33.44988084644624,118.71447453023035,-1.9655033135267332,33.44988084644624,118.71447453023035,tucson,125527,11.740276153857035
30_59,30,59,-112.58200000000001,32.142,0.0,-2.235589864717183,0,34.917817322991986,115.39005211209626,-0.0,0.0,0.0,tucson,431012,12.973891210925675
30_59,30,59,-112.58200000000001,32.142,1.0,-2.235589864717183,2,34.917817322991986,115.39005211209626,-2.235589864717183,34.917817322991986,115.39005211209626,tucson,125527,11.740276153857035
30_62,30,62,-112.45,32.142,0.0,-2.296993394371566,1,39.07418068205147,105.77481995016437,-0.0,0.0,0.0,tucson,431012,12.973891210925675
30_62,30,62,-112.45,32.142,1.0,-2.296993394371566,0,39.07418068205147,105.77481995016437,-2.296993394371566,39.07418068205147,105.77481995016437,tucson,125527,11.740276153857035
30_63,30,63,-112.406,32.142,0.0,-2.1830085567209325,0,40.49426973644978,102.70768282408916,-0.0,0.0,0.0,tucson,431012,12.973891210925675
30_63,30,63,-112.406,32.142,1.0,-2.1830085567209325,4,40.49426973644978,102.70768282408916,-2.1830085567209325,40.49426973644978,102.70768282408916,tucson,125527,11.740276153857035
30_64,30,64,-112.36200000000001,32.142,0.0,-1.9586463987329206,1,42.03670861011623,99.72022875423441,-0.0,0.0,0.0,tucson,431012,12.973891210925675
30_64,30,64,-112.36200000000001,32.142,1.0,-1.9586463987329206,1,42.03670861011623,99.72022875423441,-1.9586463987329206,42.03670861011623,99.72022875423441,tucson,125527,11.740276153857035
30_65,30,65,-112.318,32.142,0.0,-2.488612411123804,0,43.32082154800469,96.81982607119278,-0.0,0.0,0.0,tucson,431012,12.973891210925675
30_65,30,65,-112.318,32.142,1.0,-2.488612411123804,3,43.32082154800469,96.81982607119278,-2.488612411123804,43.32082154800469,96.81982607119278,tucson,125527,11.740276153857035
30_66,30,66,-112.274,32.142,0.0,-2.6306983915397333,0,44.74206581457458,94.01452391645928,-0.0,0.0,0.0,tucson,431012,12.973891210925675
30_66,30,66,-112.274,32.142,1.0,-2.6306983915397333,1,44.74206581457458,94.01452391645928,-2.6306983915397333,44.74206581457458,94.01452391645928,tucson,125527,11.740276153857035
30_67,30,67,-112.23,32.142,0.0,-2.4339491177351724,0,46.13681399753397,91.31307978387557,-0.0,0.0,0.0,tucson,431012,12.973891210925675
30_67,30,67,-112.23,32.142,1.0,-2.4339491177351724,5,46.13681399753397,91.31307978387557,-2.4339491177351724,46.13681399753397,91.31307978387557,tucson,125527,11.740276153857035
30_68,30,68,-112.186,32.142,0.0,-1.4211145907340335,1,47.579765506422845,88.72497296344912,-0.0,0.0,0.0,tucson,431012,12.973891210925675
30_68,30,68,-112.186,32.142,1.0,-1.4211145907340335,0,47.579765506422845,88.72497296344912,-1.4211145907340335,47.579765506422845,88.72497296344912,tucson,125527,11.740276153857035
30_69,30,69,-112.142,32.142,0.0,-0.7441235704938114,0,49.001429846244555,86.2603978286477,-0.0,0.0,0.0,tucson,431012,12.973891210925675
30_69,30,69,-112.142,32.142,1.0,-0.7441235704938114,4,49.001429846244555,86.2603978286477,-0.7441235704938114,49.001429846244555,86.2603978286477,tucson,125527,11.740276153857035
30_70,30,70,-112.098,32.142,0.0,-2.917569376394944,0,50.420237056545865,83.9302298016628,-0.0,0.0,0.0,tucson,431012,12.973891210925675
30_70,30,70,-112.098,32.142,1.0,-2.917569376394944,1,50.420237056545865,83.9302298016628,-2.917569376394944,50.420237056545865,83.9302298016628,tucson,125527,11.740276153857035
30_71,30,71,-112.054,32.142,0.0,-2.877287608258867,2,51.83206677836823,81.74595598581666,-0.0,0.0,0.0,tucson,431012,12.973891210925675
30_71,30,71,-112.054,32.142,1.0,-2.877287608258867,0,51.83206677836823,81.74595598581666,-2.877287608258867,51.83206677836823,81.74595598581666,tucson,125527,11.740276153857035
30_72,30,72,-112.01,32.142,0.0,-2.591172952183861,1,53.26059459571134,79.71956217221839,-0.0,0.0,0.0,tucson,431012,12.973891210925675
30_72,30,72,-112.01,32.142,1.0,-2.591172952183861,1,53.26059459571134,79.71956217221839,-2.591172952183861,53.26059459571134,79.71956217221839,tucson,125527,11.740276153857035
30_74,30,74,-111.922,32.142,0.0,-2.3639955813740263,0,56.12029020199563,76.18980889329616,-0.0,0.0,0.0,tucson,431012,12.973891210925675
30_74,30,74,-111.922,32.142,1.0,-2.3639955813740263,1,56.12029020199563,76.18980889329616,-2.3639955813740263,56.12029020199563,76.18980889329616,tucson,125527,11.740276153857035
30_75,30,75,-111.878,32.142,0.0,-1.8454341020123524,0,57.56346694704955,74.71115047220216,-0.0,0.0,0.0,tucson,431012,12.973891210925675
30_75,30,75,-111.878,32.142,1.0,-1.8454341020123524,4,57.56346694704955,74.71115047220216,-1.8454341020123524,57.56346694704955,74.71115047220216,tucson,125527,11.740276153857035
30_77,30,77,-111.79,32.142,0.0,-0.45191201378414014,0,60.42728434805456,72.38472837348829,-0.0,0.0,0.0,tucson,431012,12.973891210925675
30_77,30,77,-111.79,32.142,1.0,-0.45191201378414014,1,60.42728434805456,72.38472837348829,-0.45191201378414014,60.42728434805456,72.38472837348829,tucson,125527,11.740276153857035
30_78,30,78,-111.74600000000001,32.142,0.0,-2.5013496807147098,0,61.873684224077714,71.55746645045389,-0.0,0.0,0.0,tucson,431012,12.973891210925675
30_78,30,78,-111.74600000000001,32.142,1.0,-2.5013496807147098,2,61.873684224077714,71.55746645045389,-2.5013496807147098,61.873684224077714,71.55746645045389,tucson,125527,11.740276153857035
30_79,30,79,-111.702,32.142,0.0,-3.3505368763421894,1,63.31263048388579,70.96531397661738,-0.0,0.0,0.0,tucson,431012,12.973891210925675
30_79,30,79,-111.702,32.142,1.0,-3.3505368763421894,2,63.31263048388579,70.96531397661738,-3.3505368763421894,63.31263048388579,70.96531397661738,tucson,125527,11.740276153857035
30_81,30,81,-111.614,32.142,0.0,-3.4528667232993153,1,66.18680918937346,70.50766230223486,-0.0,0.0,0.0,tucson,431012,12.973891210925675
30_81,30,81,-111.614,32.142,1.0,-3.4528667232993153,0,66.18680918937346,70.50766230223486,-3.4528667232993153,66.18680918937346,70.50766230223486,tucson,125527,11.740276153857035
30_82,30,82,-111.57000000000001,32.142,0.0,-3.7784913444605275,0,67.63117441934006,70.64686103401681,-0.0,0.0,0.0,tucson,431012,12.973891210925675
30_82,30,82,-111.57000000000001,32.142,1.0,-3.7784913444605275,1,67.63117441934006,70.64686103401681,-3.7784913444605275,67.63117441934006,70.64686103401681,tucson,125527,11.740276153857035
30_83,30,83,-111.526,32.142,0.0,-4.011740643769563,0,69.07655895738478,71.03032803440995,-0.0,0.0,0.0,tucson,431012,12.973891210925675
30_83,30,83,-111.526,32.142,1.0,-4.011740643769563,2,69.07655895738478,71.03032803440995,-4.011740643769563,69.07655895738478,71.03032803440995,tucson,125527,11.740276153857035
30_84,30,84,-111.482,32.142,0.0,-4.404318099496074,2,70.52338014934399,71.65413795221595,-0.0,0.0,0.0,tucson,431012,12.973891210925675
30_84,30,84,-111.482,32.142,1.0,-4.404318099496074,2,70.52338014934399,71.65413795221595,-4.404318099496074,70.52338014934399,71.65413795221595,tucson,125527,11.740276153857035
30_85,30,85,-111.438,32.142,0.0,-4.335186862627729,0,71.98218516345968,72.51208481636709,-0.0,0.0,0.0,tucson,431012,12.973891210925675
30_85,30,85,-111.438,32.142,1.0,-4.335186862627729,2,71.98218516345968,72.51208481636709,-4.335186862627729,71.98218516345968,72.51208481636709,tucson,125527,11.740276153857035
30_86,30,86,-111.394,32.142,0.0,-3.9890269761689425,0,73.4176096682574,73.59597778147855,-0.0,0.0,0.0,tucson,431012,12.973891210925675
30_86,30,86,-111.394,32.142,1.0,-3.9890269761689425,1,73.4176096682574,73.59597778147855,-3.9890269761689425,73.4176096682574,73.59597778147855,tucson,125527,11.740276153857035
30_87,30,87,-111.35000000000001,32.142,0.0,-4.979683903377018,0,74.87530785771018,74.89600530890078,-0.0,0.0,0.0,tucson,431012,12.973891210925675
30_87,30,87,-111.35000000000001,32.142,1.0,-4.979683903377018,2,74.87530785771018,74.89600530890078,-4.979683903377018,74.87530785771018,74.89600530890078,tucson,125527,11.740276153857035
30_88,30,88,-111.306,32.142,0.0,-4.006161108411124,2,76.32946869920494,76.36135756954694,-0.0,0.0,0.0,tucson,431012,12.973891210925675
30_88,30,88,-111.306,32.142,1.0,-4.006161108411124,1,76.32946869920494,76.36135756954694,-4.006161108411124,76.32946869920494,76.36135756954694,tucson,125527,11.740276153857035
30_89,30,89,-111.262,32.142,0.0,-4.5841942690375435,2,77.79111907764755,77.99531934968498,-0.0,0.0,0.0,tucson,431012,12.973891210925675
30_89,30,89,-111.262,32.142,1.0,-4.5841942690375435,0,77.79111907764755,77.99531934968498,-4.5841942690375435,77.79111907764755,77.99531934968498,tucson,125527,11.740276153857035
30_90,30,90,-111.218,32.142,0.0,-4.8245562543436264,0,79.234140741935,79.81329265812347,-0.0,0.0,0.0,tucson,431012,12.973891210925675
30_90,30,90,-111.218,32.142,1.0,-4.8245562543436264,1,79.234140741935,79.81329265812347,-4.8245562543436264,79.234140741935,79.81329265812347,tucson,125527,11.740276153857035
30_91,30,91,-111.174,32.142,0.0,-5.138299681303518,0,80.58539142496699,81.22463980280345,-0.0,0.0,0.0,tucson,431012,12.973891210925675
30_91,30,91,-111.174,32.142,1.0,-5.138299681303518,1,80.58539142496699,81.22463980280345,-5.138299681303518,80.58539142496699,81.22463980280345,tucson,125527,11.740276153857035
30_92,30,92,-111.13000000000001,32.142,0.0,-5.249859279755708,0,82.1258554446328,82.33352438744353,-0.0,0.0,0.0,tucson,431012,12.973891210925675
30_92,30,92,-111.13000000000001,32.142,1.0,-5.249859279755708,1,82.1258554446328,82.33352438744353,-5.249859279755708,82.1258554446328,82.33352438744353,tucson,125527,11.740276153857035
30_93,30,93,-111.086,32.142,0.0,-4.784041066086165,0,83.6254476834709,83.6354111622448,-0.0,0.0,0.0,tucson,431012,12.973891210925675
30_93,30,93,-111.086,32.142,1.0,-4.784041066086165,1,83.6254476834709,83.6354111622448,-4.784041066086165,83.6254476834709,83.6354111622448,tucson,125527,11.740276153857035
30_95,30,95,-110.998,32.142,0.0,-4.961008941668195,3,86.61148703590074,86.54812943731538,-0.0,0.0,0.0,tucson,431012,12.973891210925675
30_95,30,95,-110.998,32.142,1.0,-4.961008941668195,1,86.61148703590074,86.54812943731538,-4.961008941668195,86.61148703590074,86.54812943731538,tucson,125527,11.740276153857035
30_97,30,97,-110.91,32.142,0.0,-5.458655855971003,0,89.4387378210464,89.50313832319306,-0.0,0.0,0.0,tucson,431012,12.973891210925675
30_97,30,97,-110.91,32.142,1.0,-5.458655855971003,1,89.4387378210464,89.50313832319306,-5.458655855971003,89.4387378210464,89.50313832319306,tucson,125527,11.740276153857035
30_98,30,98,-110.866,32.142,0.0,-5.675171484035779,1,89.5834854794371,90.24062484187813,-0.0,0.0,0.0,tucson,431012,12.973891210925675
30_98,30,98,-110.866,32.142,1.0,-5.675171484035779,1,89.5834854794371,90.24062484187813,-5.675171484035779,89.5834854794371,90.24062484187813,tucson,125527,11.740276153857035
30_120,30,120,-109.898,32.142,0.0,-3.5355202437709545,0,89.55913566537511,100.2457522056997,-0.0,0.0,0.0,tucson,431012,12.973891210925675
30_120,30,120,-109.898,32.142,1.0,-3.5355202437709545,1,89.55913566537511,100.2457522056997,-3.5355202437709545,89.55913566537511,100.2457522056997,tucson,125527,11.740276153857035
31_43,31,43,-113.286,32.186,0.0,1.8907891486047155,1,16.861025264628637,175.02347513120887,0.0,0.0,0.0,yuma,84933,11.349617989357553
31_43,31,43,-113.286,32.186,1.0,1.8907891486047155,0,16.861025264628637,175.02347513120887,1.8907891486047155,16.861025264628637,175.02347513120887,yuma,14620,9.59014573330377
31_44,31,44,-113.242,32.186,0.0,1.3452272574802484,0,18.391055320255848,171.27378725137226,0.0,0.0,0.0,yuma,84933,11.349617989357553
31_44,31,44,-113.242,32.186,1.0,1.3452272574802484,4,18.391055320255848,171.27378725137226,1.3452272574802484,18.391055320255848,171.27378725137226,yuma,14620,9.59014573330377
31_46,31,46,-113.154,32.186,0.0,0.3120605331562758,0,21.193946066086966,163.83487038953643,0.0,0.0,0.0,yuma,84933,11.349617989357553
31_46,31,46,-113.154,32.186,1.0,0.3120605331562758,1,21.193946066086966,163.83487038953643,0.3120605331562758,21.193946066086966,163.83487038953643,yuma,14620,9.59014573330377
31_47,31,47,-113.11,32.186,0.0,0.09623008365967844,0,22.641571230157137,160.14843393819027,0.0,0.0,0.0,yuma,84933,11.349617989357553
31_47,31,47,-113.11,32.186,1.0,0.09623008365967844,1,22.641571230157137,160.14843393819027,0.09623008365967844,22.641571230157137,160.14843393819027,yuma,14620,9.59014573330377
31_48,31,48,-113.066,32.186,0.0,-0.20475224100906597,0,24.086915245676796,156.48607919202303,-0.0,0.0,0.0,yuma,84933,11.349617989357553
31_48,31,48,-113.066,32.186,1.0,-0.20475224100906597,2,24.086915245676796,156.48607919202303,-0.20475224100906597,24.086915245676796,156.48607919202303,yuma,14620,9.59014573330377
31_49,31,49,-113.022,32.186,0.0,-0.47222290306252546,0,25.476348037711187,152.84952934090248,-0.0,0.0,0.0,yuma,84933,11.349617989357553
31_49,31,49,-113.022,32.186,1.0,-0.47222290306252546,7,25.476348037711187,152.84952934090248,-0.47222290306252546,25.476348037711187,152.84952934090248,yuma,14620,9.59014573330377
31_50,31,50,-112.97800000000001,32.186,0.0,-0.008397358214362716,0,26.863405955528574,149.24066289972436,-0.0,0.0,0.0,tucson,431012,12.973891210925675
31_50,31,50,-112.97800000000001,32.186,1.0,-0.008397358214362716,11,26.863405955528574,149.24066289972436,-0.008397358214362716,26.863405955528574,149.24066289972436,tucson,125527,11.740276153857035
31_51,31,51,-112.934,32.186,0.0,0.17559375131675597,0,28.340289464826814,145.66152963837007,0.0,0.0,0.0,tucson,431012,12.973891210925675
31_51,31,51,-112.934,32.186,1.0,0.17559375131675597,1,28.340289464826814,145.66152963837007,0.17559375131675597,28.340289464826814,145.66152963837007,tucson,125527,11.740276153857035
31_52,31,52,-112.89,32.186,0.0,-1.2064127282470702,0,29.693393744819435,142.1143681729652,-0.0,0.0,0.0,tucson,431012,12.973891210925675
31_52,31,52,-112.89,32.186,1.0,-1.2064127282470702,3,29.693393744819435,142.1143681729652,-1.2064127282470702,29.693393744819435,142.1143681729652,tucson,125527,11.740276153857035
31_53,31,53,-112.846,32.186,0.0,-1.8130047996850551,4,31.06861405236183,138.6016253505221,-0.0,0.0,0.0,tucson,431012,12.973891210925675
31_53,31,53,-112.846,32.186,1.0,-1.8130047996850551,2,31.06861405236183,138.6016253505221,-1.8130047996850551,31.06861405236183,138.6016253505221,tucson,125527,11.740276153857035
31_54,31,54,-112.802,32.186,0.0,-2.3395802150139837,1,32.53707819311664,135.12597755023083,-0.0,0.0,0.0,tucson,431012,12.973891210925675
31_54,31,54,-112.802,32.186,1.0,-2.3395802150139837,2,32.53707819311664,135.12597755023083,-2.3395802150139837,32.53707819311664,135.12597755023083,tucson,125527,11.740276153857035
31_55,31,55,-112.75800000000001,32.186,0.0,-2.818156761523067,0,33.95259390049855,131.69035400615456,-0.0,0.0,0.0,tucson,431012,12.973891210925675
31_55,31,55,-112.75800000000001,32.186,1.0,-2.818156761523067,1,33.95259390049855,131.69035400615456,-2.818156761523067,33.95259390049855,131.69035400615456,tucson,125527,11.740276153857035
31_56,31,56,-112.714,32.186,0.0,-1.926308719878014,5,35.222189280603835,128.29796222436053,-0.0,0.0,0.0,tucson,431012,12.973891210925675
31_56,31,56,-112.714,32.186,1.0,-1.926308719878014,4,35.222189280603835,128.29796222436053,-1.926308719878014,35.222189280603835,128.29796222436053,tucson,125527,11.740276153857035
31_57,31,57,-112.67,32.186,0.0,-2.477285189538914,1,36.631559721055794,124.95231551744608,-0.0,0.0,0.0,tucson,431012,12.973891210925675
31_57,31,57,-112.67,32.186,1.0,-2.477285189538914,2,36.631559721055794,124.95231551744608,-2.477285189538914,36.631559721055794,124.95231551744608,tucson,125527,11.740276153857035
31_58,31,58,-112.626,32.186,0.0,-2.539022923630273,4,38.04059405156906,121.65726260506909,-0.0,0.0,0.0,tucson,431012,12.973891210925675
31_58,31,58,-112.626,32.186,1.0,-2.539022923630273,1,38.04059405156906,121.65726260506909,-2.539022923630273,38.04059405156906,121.65726260506909,tucson,125527,11.740276153857035
31_59,31,59,-112.58200000000001,32.186,0.0,-2.894318955931794,3,39.45010284015523,118.41701912261418,-0.0,0.0,0.0,tucson,431012,12.973891210925675
31_59,31,59,-112.58200000000001,32.186,1.0,-2.894318955931794,2,39.45010284015523,118.41701912261418,-2.894318955931794,39.45010284015523,118.41701912261418,tucson,125527,11.740276153857035
31_60,31,60,-112.538,32.186,0.0,-2.5708970185643447,2,41.079167153423775,115.23620073221723,-0.0,0.0,0.0,tucson,431012,12.973891210925675
31_60,31,60,-112.538,32.186,1.0,-2.5708970185643447,1,41.079167153423775,115.23620073221723,-2.5708970185643447,41.079167153423775,115.23620073221723,tucson,125527,11.740276153857035
31_61,31,61,-112.494,32.186,0.0,-2.8631129224022898,2,42.20505048084464,112.11985733034331,-0.0,0.0,0.0,tucson,431012,12.973891210925675
31_61,31,61,-112.494,32.186,1.0,-2.8631129224022898,1,42.20505048084464,112.11985733034331,-2.8631129224022898,42.20505048084464,112.11985733034331,tucson,125527,11.740276153857035
31_62,31,62,-112.45,32.186,0.0,-2.6903788038606877,2,43.68399001513105,109.07350758158442,-0.0,0.0,0.0,tucson,431012,12.973891210925675
31_62,31,62,-112.45,32.186,1.0,-2.6903788038606877,0,43.68399001513105,109.07350758158442,-2.6903788038606877,43.68399001513105,109.07350758158442,tucson,125527,11.740276153857035
31_63,31,63,-112.406,32.186,0.0,-2.7275820282154104,3,45.07431763925389,106.10317266732136,-0.0,0.0,0.0,tucson,431012,12.973891210925675
31_63,31,63,-112.406,32.186,1.0,-2.7275820282154104,0,45.07431763925389,106.10317266732136,-2.7275820282154104,45.07431763925389,106.10317266732136,tucson,125527,11.740276153857035
31_64,31,64,-112.36200000000001,32.186,0.0,-2.0264470784765605,1,46.522950103976434,103.2154077089472,-0.0,0.0,0.0,tucson,431012,12.973891210925675
31_64,31,64,-112.36200000000001,32.186,1.0,-2.0264470784765605,1,46.522950103976434,103.2154077089472,-2.0264470784765605,46.522950103976434,103.2154077089472,tucson,125527,11.740276153857035
31_65,31,65,-112.318,32.186,0.0,-2.5821043956900147,0,47.937285590854515,100.41732880193216,-0.0,0.0,0.0,tucson,431012,12.973891210925675
31_65,31,65,-112.318,32.186,1.0,-2.5821043956900147,1,47.937285590854515,100.41732880193216,-2.5821043956900147,47.937285590854515,100.41732880193216,tucson,125527,11.740276153857035
31_67,31,67,-112.23,32.186,0.0,-2.0323528429551634,0,50.73902232653587,95.12160774103944,-0.0,0.0,0.0,tucson,431012,12.973891210925675
31_67,31,67,-112.23,32.186,1.0,-2.0323528429551634,2,50.73902232653587,95.12160774103944,-2.0323528429551634,50.73902232653587,95.12160774103944,tucson,125527,11.740276153857035
31_68,31,68,-112.186,32.186,0.0,-2.3590642342734167,1,52.155729753557196,92.64112601903206,-0.0,0.0,0.0,tucson,431012,12.973891210925675
31_68,31,68,-112.186,32.186,1.0,-2.3590642342734167,3,52.155729753557196,92.64112601903206,-2.3590642342734167,52.155729753557196,92.64112601903206,tucson,125527,11.740276153857035
31_69,31,69,-112.142,32.186,0.0,-2.28676791094392,1,53.58486821636516,90.28462182808481,-0.0,0.0,0.0,tucson,431012,12.973891210925675
31_69,31,69,-112.142,32.186,1.0,-2.28676791094392,0,53.58486821636516,90.28462182808481,-2.28676791094392,53.58486821636516,90.28462182808481,tucson,125527,11.740276153857035
31_71,31,71,-112.054,32.186,0.0,-2.7203709127979385,1,56.420543028527405,85.98376297450913,-0.0,0.0,0.0,tucson,431012,12.973891210925675
31_71,31,71,-112.054,32.186,1.0,-2.7203709127979385,0,56.420543028527405,85.98376297450913,-2.7203709127979385,56.420543028527405,85.98376297450913,tucson,125527,11.740276153857035
31_72,31,72,-112.01,32.186,0.0,-2.351822994670342,1,57.83946077465741,84.060483816431,-0.0,0.0,0.0,tucson,431012,12.973891210925675
31_72,31,72,-112.01,32.186,1.0,-2.351822994670342,0,57.83946077465741,84.060483816431,-2.351822994670342,57.83946077465741,84.060483816431,tucson,125527,11.740276153857035
31_73,31,73,-111.96600000000001,32.186,0.0,-1.9801491858394673,0,59.270431596921796,82.30306381700841,-0.0,0.0,0.0,tucson,431012,12.973891210925675
31_73,31,73,-111.96600000000001,32.186,1.0,-1.9801491858394673,2,59.270431596921796,82.30306381700841,-1.9801491858394673,59.270431596921796,82.30306381700841,tucson,125527,11.740276153857035
31_74,31,74,-111.922,32.186,0.0,-2.019463439781904,1,60.69296343552542,80.72232992771926,-0.0,0.0,0.0,tucson,431012,12.973891210925675
31_74,31,74,-111.922,32.186,1.0,-2.019463439781904,3,60.69296343552542,80.72232992771926,-2.019463439781904,60.69296343552542,80.72232992771926,tucson,125527,11.740276153857035
31_75,31,75,-111.878,32.186,0.0,-1.3207557974208686,0,62.132072715016314,79.3288385745285,-0.0,0.0,0.0,tucson,431012,12.973891210925675
31_75,31,75,-111.878,32.186,1.0,-1.3207557974208686,9,62.132072715016314,79.3288385745285,-1.3207557974208686,62.132072715016314,79.3288385745285,tucson,125527,11.740276153857035
31_79,31,79,-111.702,32.186,0.0,-2.8548339205212603,1,67.87753928002935,75.81309221975062,-0.0,0.0,0.0,tucson,431012,12.973891210925675
31_79,31,79,-111.702,32.186,1.0,-2.8548339205212603,2,67.87753928002935,75.81309221975062,-2.8548339205212603,67.87753928002935,75.81309221975062,tucson,125527,11.740276153857035
31_80,31,80,-111.658,32.186,0.0,-3.1287394969422406,1,69.32635562471424,75.48464005636208,-0.0,0.0,0.0,tucson,431012,12.973891210925675
31_80,31,80,-111.658,32.186,1.0,-3.1287394969422406,0,69.32635562471424,75.48464005636208,-3.1287394969422406,69.32635562471424,75.48464005636208,tucson,125527,11.740276153857035
31_83,31,83,-111.526,32.186,0.0,-3.4398089625692734,1,73.64752295860148,75.87381213126932,-0.0,0.0,0.0,tucson,431012,12.973891210925675
31_83,31,83,-111.526,32.186,1.0,-3.4398089625692734,0,73.64752295860148,75.87381213126932,-3.4398089625692734,73.64752295860148,75.87381213126932,tucson,125527,11.740276153857035
31_84,31,84,-111.482,32.186,0.0,-3.7200928215101428,2,75.10490295640052,76.4578126966161,-0.0,0.0,0.0,tucson,431012,12.973891210925675
31_84,31,84,-111.482,32.186,1.0,-3.7200928215101428,3,75.10490295640052,76.4578126966161,-3.7200928215101428,75.10490295640052,76.4578126966161,tucson,125527,11.740276153857035
31_86,31,86,-111.394,32.186,0.0,-2.2470987984376665,0,78.00163303086117,78.2796783325473,-0.0,0.0,0.0,tucson,431012,12.973891210925675
31_86,31,86,-111.394,32.186,1.0,-2.2470987984376665,1,78.00163303086117,78.2796783325473,-2.2470987984376665,78.00163303086117,78.2796783325473,tucson,125527,11.740276153857035
31_87,31,87,-111.35000000000001,32.186,0.0,-3.456609262420614,1,79.43710950351957,79.50255589516571,-0.0,0.0,0.0,tucson,431012,12.973891210925675
31_87,31,87,-111.35000000000001,32.186,1.0,-3.456609262420614,4,79.43710950351957,79.50255589516571,-3.456609262420614,79.43710950351957,79.50255589516571,tucson,125527,11.740276153857035
31_88,31,88,-111.306,32.186,0.0,-4.048404472733735,5,80.92278710130694,80.91148154796366,-0.0,0.0,0.0,tucson,431012,12.973891210925675
31_88,31,88,-111.306,32.186,1.0,-4.048404472733735,2,80.92278710130694,80.91148154796366,-4.048404472733735,80.92278710130694,80.91148154796366,tucson,125527,11.740276153857035
31_89,31,89,-111.262,32.186,0.0,-3.8795868331064183,0,82.35806653386045,82.45457906016351,-0.0,0.0,0.0,tucson,431012,12.973891210925675
31_89,31,89,-111.262,32.186,1.0,-3.8795868331064183,1,82.35806653386045,82.45457906016351,-3.8795868331064183,82.35806653386045,82.45457906016351,tucson,125527,11.740276153857035
31_90,31,90,-111.218,32.186,0.0,-4.260848512337261,0,83.81155536114953,84.17547116093198,-0.0,0.0,0.0,tucson,431012,12.973891210925675
31_90,31,90,-111.218,32.186,1.0,-4.260848512337261,2,83.81155536114953,84.17547116093198,-4.260848512337261,83.81155536114953,84.17547116093198,tucson,125527,11.740276153857035
31_95,31,95,-110.998,32.186,0.0,-5.046849452928581,5,91.12609720005749,91.11258597795742,-0.0,0.0,0.0,tucson,431012,12.973891210925675
31_95,31,95,-110.998,32.186,1.0,-5.046849452928581,0,91.12609720005749,91.11258597795742,-5.046849452928581,91.12609720005749,91.11258597795742,tucson,125527,11.740276153857035
31_96,31,96,-110.95400000000001,32.186,0.0,-5.254222976121997,3,92.69728999491593,92.57576755943052,-0.0,0.0,0.0,tucson,431012,12.973891210925675
31_96,31,96,-110.95400000000001,32.186,1.0,-5.254222976121997,1,92.69728999491593,92.57576755943052,-5.254222976121997,92.69728999491593,92.57576755943052,tucson,125527,11.740276153857035
31_97,31,97,-110.91,32.186,0.0,-5.429313799915546,42,94.01444674226681,94.04099788999008,-0.0,0.0,0.0,tucson,431012,12.973891210925675
31_97,31,97,-110.91,32.186,1.0,-5.429313799915546,20,94.01444674226681,94.04099788999008,-5.429313799915546,94.01444674226681,94.04099788999008,tucson,125527,11.740276153857035
31_99,31,99,-110.822,32.186,0.0,-4.397868131085163,0,94.4686229914774,94.71289118791975,-0.0,0.0,0.0,tucson,431012,12.973891210925675
31_99,31,99,-110.822,32.186,1.0,-4.397868131085163,1,94.4686229914774,94.71289118791975,-4.397868131085163,94.4686229914774,94.71289118791975,tucson,125527,11.740276153857035
31_138,31,138,-109.10600000000001,32.186,0.0,1.3125906860569116,0,94.02709100858884,65.19534801003735,0.0,0.0,0.0,tucson,431012,12.973891210925675
31_138,31,138,-109.10600000000001,32.186,1.0,1.3125906860569116,1,94.02709100858884,65.19534801003735,1.3125906860569116,94.02709100858884,65.19534801003735,tucson,125527,11.740276153857035
32_42,32,42,-113.33,32.230000000000004,0.0,1.8764267033249478,0,19.99604056751139,180.86835481286272,0.0,0.0,0.0,yuma,84933,11.349617989357553
32_42,32,42,-113.33,32.230000000000004,1.0,1.8764267033249478,1,19.99604056751139,180.86835481286272,1.8764267033249478,19.99604056751139,180.86835481286272,yuma,14620,9.59014573330377
32_43,32,43,-113.286,32.230000000000004,0.0,1.7991600541284893,0,21.43540617691347,177.14613987698306,0.0,0.0,0.0,yuma,84933,11.349617989357553
32_43,32,43,-113.286,32.230000000000004,1.0,1.7991600541284893,1,21.43540617691347,177.14613987698306,1.7991600541284893,21.43540617691347,177.14613987698306,yuma,14620,9.59014573330377
32_44,32,44,-113.242,32.230000000000004,0.0,1.1047232493356693,1,22.8791993559012,173.44410511567358,0.0,0.0,0.0,yuma,84933,11.349617989357553
32_44,32,44,-113.242,32.230000000000004,1.0,1.1047232493356693,0,22.8791993559012,173.44410511567358,1.1047232493356693,22.8791993559012,173.44410511567358,yuma,14620,9.59014573330377
32_45,32,45,-113.19800000000001,32.230000000000004,0.0,0.5082200454747094,0,24.32427181462947,169.7635630571429,0.0,0.0,0.0,yuma,84933,11.349617989357553
32_45,32,45,-113.19800000000001,32.230000000000004,1.0,0.5082200454747094,2,24.32427181462947,169.7635630571429,0.5082200454747094,24.32427181462947,169.7635630571429,yuma,14620,9.59014573330377
32_46,32,46,-113.154,32.230000000000004,0.0,0.047450968535991955,0,25.76772225470653,166.10593470718737,0.0,0.0,0.0,yuma,84933,11.349617989357553
32_46,32,46,-113.154,32.230000000000004,1.0,0.047450968535991955,3,25.76772225470653,166.10593470718737,0.047450968535991955,25.76772225470653,166.10593470718737,yuma,14620,9.59014573330377
32_47,32,47,-113.11,32.230000000000004,0.0,-0.2735044882328159,1,27.21440655792252,162.47275988938142,-0.0,0.0,0.0,yuma,84933,11.349617989357553
32_47,32,47,-113.11,32.230000000000004,1.0,-0.2735044882328159,2,27.21440655792252,162.47275988938142,-0.2735044882328159,27.21440655792252,162.47275988938142,yuma,14620,9.59014573330377
32_48,32,48,-113.066,32.230000000000004,0.0,-0.504842492512236,1,28.663523163499434,158.86570862167605,-0.0,0.0,0.0,yuma,84933,11.349617989357553
32_48,32,48,-113.066,32.230000000000004,1.0,-0.504842492512236,0,28.663523163499434,158.86570862167605,-0.504842492512236,28.663523163499434,158.86570862167605,yuma,14620,9.59014573330377
32_50,32,50,-112.97800000000001,32.230000000000004,0.0,-0.3293278853049925,0,31.466335484988626,151.7373840228098,-0.0,0.0,0.0,tucson,431012,12.973891210925675
32_50,32,50,-112.97800000000001,32.230000000000004,1.0,-0.3293278853049925,1,31.466335484988626,151.7373840228098,-0.3293278853049925,31.466335484988626,151.7373840228098,tucson,125527,11.740276153857035
32_51,32,51,-112.934,32.230000000000004,0.0,-0.6796668710908383,0,32.92884803848366,148.22022042160944,-0.0,0.0,0.0,tucson,431012,12.973891210925675
32_51,32,51,-112.934,32.230000000000004,1.0,-0.6796668710908383,2,32.92884803848366,148.22022042160944,-0.6796668710908383,32.92884803848366,148.22022042160944,tucson,125527,11.740276153857035
32_52,32,52,-112.89,32.230000000000004,0.0,-1.614587675471682,1,34.24385036757411,144.73743129155915,-0.0,0.0,0.0,tucson,431012,12.973891210925675
32_52,32,52,-112.89,32.230000000000004,1.0,-1.614587675471682,0,34.24385036757411,144.73743129155915,-1.614587675471682,34.24385036757411,144.73743129155915,tucson,125527,11.740276153857035
32_53,32,53,-112.846,32.230000000000004,0.0,-2.003626608915078,1,35.636470003716994,141.29155088638282,-0.0,0.0,0.0,tucson,431012,12.973891210925675
32_53,32,53,-112.846,32.230000000000004,1.0,-2.003626608915078,0,35.636470003716994,141.29155088638282,-2.003626608915078,35.636470003716994,141.29155088638282,tucson,125527,11.740276153857035
32_54,32,54,-112.802,32.230000000000004,0.0,-2.827089864754505,1,37.0423237711242,137.88533865740607,-0.0,0.0,0.0,tucson,431012,12.973891210925675
32_54,32,54,-112.802,32.230000000000004,1.0,-2.827089864754505,0,37.0423237711242,137.88533865740607,-2.827089864754505,37.0423237711242,137.88533865740607,tucson,125527,11.740276153857035
32_55,32,55,-112.75800000000001,32.230000000000004,0.0,-2.9132770620719017,2,38.688245941636815,134.52180021936215,-0.0,0.0,0.0,tucson,431012,12.973891210925675
32_55,32,55,-112.75800000000001,32.230000000000004,1.0,-2.9132770620719017,0,38.688245941636815,134.52180021936215,-2.9132770620719017,38.688245941636815,134.52180021936215,tucson,125527,11.740276153857035
32_56,32,56,-112.714,32.230000000000004,0.0,-2.8128610164804337,5,39.824447363173526,131.20420984420028,-0.0,0.0,0.0,tucson,431012,12.973891210925675
32_56,32,56,-112.714,32.230000000000004,1.0,-2.8128610164804337,1,39.824447363173526,131.20420984420028,-2.8128610164804337,39.824447363173526,131.20420984420028,tucson,125527,11.740276153857035
32_57,32,57,-112.67,32.230000000000004,0.0,-2.8292329396893505,4,41.22036936480549,127.93613440220051,-0.0,0.0,0.0,tucson,431012,12.973891210925675
32_57,32,57,-112.67,32.230000000000004,1.0,-2.8292329396893505,1,41.22036936480549,127.93613440220051,-2.8292329396893505,41.22036936480549,127.93613440220051,tucson,125527,11.740276153857035
32_59,32,59,-112.58200000000001,32.230000000000004,0.0,-2.9928872641282482,2,44.034148158401045,121.5644111324459,-0.0,0.0,0.0,tucson,431012,12.973891210925675
32_59,32,59,-112.58200000000001,32.230000000000004,1.0,-2.9928872641282482,1,44.034148158401045,121.5644111324459,-2.9928872641282482,44.034148158401045,121.5644111324459,tucson,125527,11.740276153857035
32_60,32,60,-112.538,32.230000000000004,0.0,-2.551314525159853,3,45.5202260153388,118.4695916333425,-0.0,0.0,0.0,tucson,431012,12.973891210925675
32_60,32,60,-112.538,32.230000000000004,1.0,-2.551314525159853,1,45.5202260153388,118.4695916333425,-2.551314525159853,45.5202260153388,118.4695916333425,tucson,125527,11.740276153857035
32_72,32,72,-112.01,32.230000000000004,0.0,-2.0799295312340638,1,62.4154924641483,88.4573749053009,-0.0,0.0,0.0,tucson,431012,12.973891210925675
32_72,32,72,-112.01,32.230000000000004,1.0,-2.0799295312340638,1,62.4154924641483,88.4573749053009,-2.0799295312340638,62.4154924641483,88.4573749053009,tucson,125527,11.740276153857035
32_73,32,73,-111.96600000000001,32.230000000000004,0.0,-1.8279103898382887,1,63.847670423260695,86.78980398768584,-0.0,0.0,0.0,tucson,431012,12.973891210925675
32_73,32,73,-111.96600000000001,32.230000000000004,1.0,-1.8279103898382887,2,63.847670423260695,86.78980398768584,-1.8279103898382887,63.847670423260695,86.78980398768584,tucson,125527,11.740276153857035
32_74,32,74,-111.922,32.230000000000004,0.0,-1.794428740007369,0,65.27500366014436,85.29295085515368,-0.0,0.0,0.0,tucson,431012,12.973891210925675
32_74,32,74,-111.922,32.230000000000004,1.0,-1.794428740007369,5,65.27500366014436,85.29295085515368,-1.794428740007369,65.27500366014436,85.29295085515368,tucson,125527,11.740276153857035
32_75,32,75,-111.878,32.230000000000004,0.0,-1.549467298297151,1,66.71022512996998,83.97593898802737,-0.0,0.0,0.0,tucson,431012,12.973891210925675
32_75,32,75,-111.878,32.230000000000004,1.0,-1.549467298297151,0,66.71022512996998,83.97593898802737,-1.549467298297151,66.71022512996998,83.97593898802737,tucson,125527,11.740276153857035
32_77,32,77,-111.79,32.230000000000004,0.0,-1.4166521828587544,0,69.57759798217799,81.91493567029181,-0.0,0.0,0.0,tucson,431012,12.973891210925675
32_77,32,77,-111.79,32.230000000000004,1.0,-1.4166521828587544,1,69.57759798217799,81.91493567029181,-1.4166521828587544,69.57759798217799,81.91493567029181,tucson,125527,11.740276153857035
32_79,32,79,-111.702,32.230000000000004,0.0,-2.5026026589498973,0,72.4560531023746,80.66447851833628,-0.0,0.0,0.0,tucson,431012,12.973891210925675
32_79,32,79,-111.702,32.230000000000004,1.0,-2.5026026589498973,1,72.4560531023746,80.66447851833628,-2.5026026589498973,72.4560531023746,80.66447851833628,tucson,125527,11.740276153857035
32_82,32,82,-111.57000000000001,32.230000000000004,0.0,-2.705687328475074,0,76.77688506214741,80.38456066428472,-0.0,0.0,0.0,tucson,431012,12.973891210925675
32_82,32,82,-111.57000000000001,32.230000000000004,1.0,-2.705687328475074,3,76.77688506214741,80.38456066428472,-2.705687328475074,76.77688506214741,80.38456066428472,tucson,125527,11.740276153857035
32_83,32,83,-111.526,32.230000000000004,0.0,-2.9244587502342223,0,78.22006248388901,80.72141045039112,-0.0,0.0,0.0,tucson,431012,12.973891210925675
32_83,32,83,-111.526,32.230000000000004,1.0,-2.9244587502342223,2,78.22006248388901,80.72141045039112,-2.9244587502342223,78.22006248388901,80.72141045039112,tucson,125527,11.740276153857035
32_84,32,84,-111.482,32.230000000000004,0.0,-3.2396424758378672,1,79.66829452733336,81.27029808904388,-0.0,0.0,0.0,tucson,431012,12.973891210925675
32_84,32,84,-111.482,32.230000000000004,1.0,-3.2396424758378672,1,79.66829452733336,81.27029808904388,-3.2396424758378672,79.66829452733336,81.27029808904388,tucson,125527,11.740276153857035
32_85,32,85,-111.438,32.230000000000004,0.0,-2.796883960350975,0,81.11212868281754,82.02696415764399,-0.0,0.0,0.0,tucson,431012,12.973891210925675
32_85,32,85,-111.438,32.230000000000004,1.0,-2.796883960350975,2,81.11212868281754,82.02696415764399,-2.796883960350975,81.11212868281754,82.02696415764399,tucson,125527,11.740276153857035
32_86,32,86,-111.394,32.230000000000004,0.0,-2.8852906303533654,1,82.57111267012026,82.98572267006925,-0.0,0.0,0.0,tucson,431012,12.973891210925675
32_86,32,86,-111.394,32.230000000000004,1.0,-2.8852906303533654,0,82.57111267012026,82.98572267006925,-2.8852906303533654,82.57111267012026,82.98572267006925,tucson,125527,11.740276153857035
32_87,32,87,-111.35000000000001,32.230000000000004,0.0,-3.989355865231854,1,84.00089432379472,84.13966323133553,-0.0,0.0,0.0,tucson,431012,12.973891210925675
32_87,32,87,-111.35000000000001,32.230000000000004,1.0,-3.989355865231854,1,84.00089432379472,84.13966323133553,-3.989355865231854,84.00089432379472,84.13966323133553,tucson,125527,11.740276153857035
32_88,32,88,-111.306,32.230000000000004,0.0,-4.018028357550639,1,85.47088844376266,85.48087978932917,-0.0,0.0,0.0,tucson,431012,12.973891210925675
32_88,32,88,-111.306,32.230000000000004,1.0,-4.018028357550639,1,85.47088844376266,85.48087978932917,-4.018028357550639,85.47088844376266,85.48087978932917,tucson,125527,11.740276153857035
32_89,32,89,-111.262,32.230000000000004,0.0,-4.215207948990978,1,86.91828062490157,86.95876355813664,-0.0,0.0,0.0,tucson,431012,12.973891210925675
32_89,32,89,-111.262,32.230000000000004,1.0,-4.215207948990978,2,86.91828062490157,86.95876355813664,-4.215207948990978,86.91828062490157,86.95876355813664,tucson,125527,11.740276153857035
32_94,32,94,-111.042,32.230000000000004,0.0,-3.5317096101778067,1,94.21930924221854,94.21872393502795,-0.0,0.0,0.0,tucson,431012,12.973891210925675
32_94,32,94,-111.042,32.230000000000004,1.0,-3.5317096101778067,0,94.21930924221854,94.21872393502795,-3.5317096101778067,94.21930924221854,94.21872393502795,tucson,125527,11.740276153857035
32_95,32,95,-110.998,32.230000000000004,0.0,-4.429247133322362,2,95.67631830345397,95.69941575459448,-0.0,0.0,0.0,tucson,431012,12.973891210925675
32_95,32,95,-110.998,32.230000000000004,1.0,-4.429247133322362,0,95.67631830345397,95.69941575459448,-4.429247133322362,95.67631830345397,95.69941575459448,tucson,125527,11.740276153857035
32_96,32,96,-110.95400000000001,32.230000000000004,0.0,-4.885863053398173,1,97.2110374019683,97.1384743813632,-0.0,0.0,0.0,tucson,431012,12.973891210925675
32_96,32,96,-110.95400000000001,32.230000000000004,1.0,-4.885863053398173,0,97.2110374019683,97.1384743813632,-4.885863053398173,97.2110374019683,97.1384743813632,tucson,125527,11.740276153857035
32_98,32,98,-110.866,32.230000000000004,0.0,-4.434329787283456,0,99.33785639522718,99.93385153094992,-0.0,0.0,0.0,tucson,431012,12.973891210925675
32_98,32,98,-110.866,32.230000000000004,1.0,-4.434329787283456,1,99.33785639522718,99.93385153094992,-4.434329787283456,99.33785639522718,99.93385153094992,tucson,125527,11.740276153857035
33_34,33,34,-113.682,32.274,0.0,2.7701905459623184,1,13.681300458234752,213.10326893854602,0.0,0.0,0.0,yuma,84933,11.349617989357553
33_34,33,34,-113.682,32.274,1.0,2.7701905459623184,0,13.681300458234752,213.10326893854602,2.7701905459623184,13.681300458234752,213.10326893854602,yuma,14620,9.59014573330377
33_43,33,43,-113.286,32.274,0.0,1.4107304857649607,0,26.010300570250905,179.37638437292918,0.0,0.0,0.0,yuma,84933,11.349617989357553
33_43,33,43,-113.286,32.274,1.0,1.4107304857649607,4,26.010300570250905,179.37638437292918,1.4107304857649607,26.010300570250905,179.37638437292918,yuma,14620,9.59014573330377
33_44,33,44,-113.242,32.274,0.0,1.005408774180319,0,27.457068959598026,175.7230750992893,0.0,0.0,0.0,yuma,84933,11.349617989357553
33_44,33,44,-113.242,32.274,1.0,1.005408774180319,1,27.457068959598026,175.7230750992893,1.005408774180319,27.457068959598026,175.7230750992893,yuma,14620,9.59014573330377
33_46,33,46,-113.154,32.274,0.0,-0.06895861523313473,0,30.342633929765036,168.48766114772076,-0.0,0.0,0.0,yuma,84933,11.349617989357553
33_46,33,46,-113.154,32.274,1.0,-0.06895861523313473,1,30.342633929765036,168.48766114772076,-0.06895861523313473,30.342633929765036,168.48766114772076,yuma,14620,9.59014573330377
33_47,33,47,-113.11,32.274,0.0,-0.38684102044412216,0,31.787110502542003,164.90866530808677,-0.0,0.0,0.0,yuma,84933,11.349617989357553
33_47,33,47,-113.11,32.274,1.0,-0.38684102044412216,3,31.787110502542003,164.90866530808677,-0.38684102044412216,31.787110502542003,164.90866530808677,yuma,14620,9.59014573330377
33_48,33,48,-113.066,32.274,0.0,-0.18434376123204566,2,33.234969006270155,161.3577605639649,-0.0,0.0,0.0,yuma,84933,11.349617989357553
33_48,33,48,-113.066,32.274,1.0,-0.18434376123204566,7,33.234969006270155,161.3577605639649,-0.18434376123204566,33.234969006270155,161.3577605639649,yuma,14620,9.59014573330377
33_50,33,50,-112.97800000000001,32.274,0.0,-1.440146837339852,1,36.07049220854368,154.3479335025385,-0.0,0.0,0.0,tucson,431012,12.973891210925675
33_50,33,50,-112.97800000000001,32.274,1.0,-1.440146837339852,2,36.07049220854368,154.3479335025385,-1.440146837339852,36.07049220854368,154.3479335025385,tucson,125527,11.740276153857035
33_52,33,52,-112.89,32.274,0.0,-1.657214488487702,0,38.87103179707839,147.47524030955208,-0.0,0.0,0.0,tucson,431012,12.973891210925675
33_52,33,52,-112.89,32.274,1.0,-1.657214488487702,2,38.87103179707839,147.47524030955208,-1.657214488487702,38.87103179707839,147.47524030955208,tucson,125527,11.740276153857035
33_53,33,53,-112.846,32.274,0.0,-2.3203118535704066,0,40.256262493777314,144.09644690621903,-0.0,0.0,0.0,tucson,431012,12.973891210925675
33_53,33,53,-112.846,32.274,1.0,-2.3203118535704066,3,40.256262493777314,144.09644690621903,-2.3203118535704066,40.256262493777314,144.09644690621903,tucson,125527,11.740276153857035
33_54,33,54,-112.802,32.274,0.0,-2.8470578256605923,5,41.63195681254083,140.75970668471754,-0.0,0.0,0.0,tucson,431012,12.973891210925675
33_54,33,54,-112.802,32.274,1.0,-2.8470578256605923,0,41.63195681254083,140.75970668471754,-2.8470578256605923,41.63195681254083,140.75970668471754,tucson,125527,11.740276153857035
33_55,33,55,-112.75800000000001,32.274,0.0,-3.1245231467615406,2,43.13802040931805,137.4680743865028,-0.0,0.0,0.0,tucson,431012,12.973891210925675
33_55,33,55,-112.75800000000001,32.274,1.0,-3.1245231467615406,0,43.13802040931805,137.4680743865028,-3.1245231467615406,43.13802040931805,137.4680743865028,tucson,125527,11.740276153857035
33_57,33,57,-112.67,32.274,0.0,-2.5803798016893382,0,45.81379694282515,131.0336546422881,-0.0,0.0,0.0,tucson,431012,12.973891210925675
33_57,33,57,-112.67,32.274,1.0,-2.5803798016893382,1,45.81379694282515,131.0336546422881,-2.5803798016893382,45.81379694282515,131.0336546422881,tucson,125527,11.740276153857035
33_58,33,58,-112.626,32.274,0.0,-2.2966240116839796,1,47.21286003973569,127.89834045311424,-0.0,0.0,0.0,tucson,431012,12.973891210925675
33_58,33,58,-112.626,32.274,1.0,-2.2966240116839796,0,47.21286003973569,127.89834045311424,-2.2966240116839796,47.21286003973569,127.89834045311424,tucson,125527,11.740276153857035
33_59,33,59,-112.58200000000001,32.274,0.0,-1.9415664827237231,0,48.63518899950419,124.8231228693301,-0.0,0.0,0.0,tucson,431012,12.973891210925675
33_59,33,59,-112.58200000000001,32.274,1.0,-1.9415664827237231,1,48.63518899950419,124.8231228693301,-1.9415664827237231,48.63518899950419,124.8231228693301,tucson,125527,11.740276153857035
33_61,33,61,-112.494,32.274,0.0,-1.724569684598103,0,51.56119526531298,118.87151407376892,-0.0,0.0,0.0,tucson,431012,12.973891210925675
33_61,33,61,-112.494,32.274,1.0,-1.724569684598103,1,51.56119526531298,118.87151407376892,-1.724569684598103,51.56119526531298,118.87151407376892,tucson,125527,11.740276153857035
33_71,33,71,-112.054,32.274,0.0,-1.939526573087396,2,65.59463621045082,94.64448904931982,-0.0,0.0,0.0,tucson,431012,12.973891210925675
33_71,33,71,-112.054,32.274,1.0,-1.939526573087396,0,65.59463621045082,94.64448904931982,-1.939526573087396,65.59463621045082,94.64448904931982,tucson,125527,11.740276153857035
33_72,33,72,-112.01,32.274,0.0,-1.6310936947300574,3,67.0061133516754,92.90229429363863,-0.0,0.0,0.0,tucson,431012,12.973891210925675
33_72,33,72,-112.01,32.274,1.0,-1.6310936947300574,1,67.0061133516754,92.90229429363863,-1.6310936947300574,67.0061133516754,92.90229429363863,tucson,125527,11.740276153857035
33_73,33,73,-111.96600000000001,32.274,0.0,-1.5539769258077194,1,68.43295714965983,91.3166602718393,-0.0,0.0,0.0,tucson,431012,12.973891210925675
33_73,33,73,-111.96600000000001,32.274,1.0,-1.5539769258077194,2,68.43295714965983,91.3166602718393,-1.5539769258077194,68.43295714965983,91.3166602718393,tucson,125527,11.740276153857035
33_74,33,74,-111.922,32.274,0.0,-1.4836013811768458,0,69.85975678975461,89.89586595667492,-0.0,0.0,0.0,tucson,431012,12.973891210925675
33_74,33,74,-111.922,32.274,1.0,-1.4836013811768458,1,69.85975678975461,89.89586595667492,-1.4836013811768458,69.85975678975461,89.89586595667492,tucson,125527,11.740276153857035
33_75,33,75,-111.878,32.274,0.0,-1.0676828116871073,0,71.28166658563626,88.64783184533427,-0.0,0.0,0.0,tucson,431012,12.973891210925675
33_75,33,75,-111.878,32.274,1.0,-1.0676828116871073,1,71.28166658563626,88.64783184533427,-1.0676828116871073,71.28166658563626,88.64783184533427,tucson,125527,11.740276153857035
33_76,33,76,-111.834,32.274,0.0,-1.1340442908556865,0,72.72114582395866,87.57993838607608,-0.0,0.0,0.0,tucson,431012,12.973891210925675
33_76,33,76,-111.834,32.274,1.0,-1.1340442908556865,1,72.72114582395866,87.57993838607608,-1.1340442908556865,72.72114582395866,87.57993838607608,tucson,125527,11.740276153857035
33_79,33,79,-111.702,32.274,0.0,-1.6229500091277296,1,77.03498822681581,85.51886462826114,-0.0,0.0,0.0,tucson,431012,12.973891210925675
33_79,33,79,-111.702,32.274,1.0,-1.6229500091277296,3,77.03498822681581,85.51886462826114,-1.6229500091277296,77.03498822681581,85.51886462826114,tucson,125527,11.740276153857035
33_80,33,80,-111.658,32.274,0.0,-1.9727684940207062,0,78.46822927439214,85.22804558447173,-0.0,0.0,0.0,tucson,431012,12.973891210925675
33_80,33,80,-111.658,32.274,1.0,-1.9727684940207062,3,78.46822927439214,85.22804558447173,-1.9727684940207062,78.46822927439214,85.22804558447173,tucson,125527,11.740276153857035
33_81,33,81,-111.614,32.274,0.0,-1.971142542671902,2,79.91156786148343,85.13985810973128,-0.0,0.0,0.0,tucson,431012,12.973891210925675
33_81,33,81,-111.614,32.274,1.0,-1.971142542671902,1,79.91156786148343,85.13985810973128,-1.971142542671902,79.91156786148343,85.13985810973128,tucson,125527,11.740276153857035
33_82,33,82,-111.57000000000001,32.274,0.0,-2.127326064215922,0,81.34959549949733,85.25492724687355,-0.0,0.0,0.0,tucson,431012,12.973891210925675
33_82,33,82,-111.57000000000001,32.274,1.0,-2.127326064215922,1,81.34959549949733,85.25492724687355,-2.127326064215922,81.34959549949733,85.25492724687355,tucson,125527,11.740276153857035
33_83,33,83,-111.526,32.274,0.0,-2.4349205965578364,1,82.79173190857263,85.57242960258213,-0.0,0.0,0.0,tucson,431012,12.973891210925675
33_83,33,83,-111.526,32.274,1.0,-2.4349205965578364,1,82.79173190857263,85.57242960258213,-2.4349205965578364,82.79173190857263,85.57242960258213,tucson,125527,11.740276153857035
33_84,33,84,-111.482,32.274,0.0,-2.6128492964603605,0,84.23531560545426,86.09012235884211,-0.0,0.0,0.0,tucson,431012,12.973891210925675
33_84,33,84,-111.482,32.274,1.0,-2.6128492964603605,1,84.23531560545426,86.09012235884211,-2.6128492964603605,84.23531560545426,86.09012235884211,tucson,125527,11.740276153857035
33_85,33,85,-111.438,32.274,0.0,-2.3299027313609004,0,85.69115643401786,86.80442106270557,-0.0,0.0,0.0,tucson,431012,12.973891210925675
33_85,33,85,-111.438,32.274,1.0,-2.3299027313609004,1,85.69115643401786,86.80442106270557,-2.3299027313609004,85.69115643401786,86.80442106270557,tucson,125527,11.740276153857035
33_86,33,86,-111.394,32.274,0.0,-3.4769348326809957,0,87.13575550902527,87.71052002489321,-0.0,0.0,0.0,tucson,431012,12.973891210925675
33_86,33,86,-111.394,32.274,1.0,-3.4769348326809957,1,87.13575550902527,87.71052002489321,-3.4769348326809957,87.13575550902527,87.71052002489321,tucson,125527,11.740276153857035
33_87,33,87,-111.35000000000001,32.274,0.0,-3.478009358018202,1,88.58383814594727,88.8025462016721,-0.0,0.0,0.0,tucson,431012,12.973891210925675
33_87,33,87,-111.35000000000001,32.274,1.0,-3.478009358018202,3,88.58383814594727,88.8025462016721,-3.478009358018202,88.58383814594727,88.8025462016721,tucson,125527,11.740276153857035
33_88,33,88,-111.306,32.274,0.0,-2.931356374060701,3,90.02517990380399,90.07373567653717,-0.0,0.0,0.0,tucson,431012,12.973891210925675
33_88,33,88,-111.306,32.274,1.0,-2.931356374060701,5,90.02517990380399,90.07373567653717,-2.931356374060701,90.02517990380399,90.07373567653717,tucson,125527,11.740276153857035
33_89,33,89,-111.262,32.274,0.0,-3.425827768419977,0,91.49942544562833,91.50124421144426,-0.0,0.0,0.0,tucson,431012,12.973891210925675
33_89,33,89,-111.262,32.274,1.0,-3.425827768419977,1,91.49942544562833,91.50124421144426,-3.425827768419977,91.49942544562833,91.50124421144426,tucson,125527,11.740276153857035
33_94,33,94,-111.042,32.274,0.0,-4.533724397033135,1,98.77698726023712,98.81443763938185,-0.0,0.0,0.0,tucson,431012,12.973891210925675
33_94,33,94,-111.042,32.274,1.0,-4.533724397033135,0,98.77698726023712,98.81443763938185,-4.533724397033135,98.77698726023712,98.81443763938185,tucson,125527,11.740276153857035
33_95,33,95,-110.998,32.274,0.0,-5.109083542826113,1,100.2475836001107,100.24239498201912,-0.0,0.0,0.0,tucson,431012,12.973891210925675
33_95,33,95,-110.998,32.274,1.0,-5.109083542826113,0,100.2475836001107,100.24239498201912,-5.109083542826113,100.2475836001107,100.24239498201912,tucson,125527,11.740276153857035
33_122,33,122,-109.81,32.274,0.0,-2.7496524164297553,0,104.19518929532971,103.67466387307562,-0.0,0.0,0.0,tucson,431012,12.973891210925675
33_122,33,122,-109.81,32.274,1.0,-2.7496524164297553,1,104.19518929532971,103.67466387307562,-2.7496524164297553,104.19518929532971,103.67466387307562,tucson,125527,11.740276153857035
34_42,34,42,-113.33,32.318,0.0,1.840088519843375,4,29.150172329767837,185.3374515683478,0.0,0.0,0.0,yuma,84933,11.349617989357553
34_42,34,42,-113.33,32.318,1.0,1.840088519843375,0,29.150172329767837,185.3374515683478,1.840088519843375,29.150172329767837,185.3374515683478,yuma,14620,9.59014573330377
34_43,34,43,-113.286,32.318,0.0,1.8729222949003992,6,30.594723802498475,181.71025006373551,0.0,0.0,0.0,yuma,84933,11.349617989357553
34_43,34,43,-113.286,32.318,1.0,1.8729222949003992,1,30.594723802498475,181.71025006373551,1.8729222949003992,30.594723802498475,181.71025006373551,yuma,14620,9.59014573330377
34_44,34,44,-113.242,32.318,0.0,1.5187437275984446,0,32.03641100813024,178.10652910428811,0.0,0.0,0.0,yuma,84933,11.349617989357553
34_44,34,44,-113.242,32.318,1.0,1.5187437275984446,3,32.03641100813024,178.10652910428811,1.5187437275984446,32.03641100813024,178.10652910428811,yuma,14620,9.59014573330377
34_46,34,46,-113.154,32.318,0.0,-0.23889240182023053,2,34.92342859141549,170.97542789317762,-0.0,0.0,0.0,yuma,84933,11.349617989357553
34_46,34,46,-113.154,32.318,1.0,-0.23889240182023053,3,34.92342859141549,170.97542789317762,-0.23889240182023053,34.92342859141549,170.97542789317762,yuma,14620,9.59014573330377
34_47,34,47,-113.11,32.318,0.0,-0.5296280986194561,1,36.35984461632235,167.4512836714989,-0.0,0.0,0.0,yuma,84933,11.349617989357553
34_47,34,47,-113.11,32.318,1.0,-0.5296280986194561,9,36.35984461632235,167.4512836714989,-0.5296280986194561,36.35984461632235,167.4512836714989,yuma,14620,9.59014573330377
34_48,34,48,-113.066,32.318,0.0,1.5839157383616638,2,37.80666180972849,163.95711172581576,0.0,0.0,0.0,yuma,84933,11.349617989357553
34_48,34,48,-113.066,32.318,1.0,1.5839157383616638,2,37.80666180972849,163.95711172581576,1.5839157383616638,37.80666180972849,163.95711172581576,yuma,14620,9.59014573330377
34_49,34,49,-113.022,32.318,0.0,-1.006981885587303,3,39.25491159260637,160.49486222740234,-0.0,0.0,0.0,yuma,84933,11.349617989357553
34_49,34,49,-113.022,32.318,1.0,-1.006981885587303,0,39.25491159260637,160.49486222740234,-1.006981885587303,39.25491159260637,160.49486222740234,yuma,14620,9.59014573330377
34_51,34,51,-112.934,32.318,0.0,-2.1872156831573704,0,42.044641876345345,153.6747111436909,-0.0,0.0,0.0,tucson,431012,12.973891210925675
34_51,34,51,-112.934,32.318,1.0,-2.1872156831573704,1,42.044641876345345,153.6747111436909,-2.1872156831573704,42.044641876345345,153.6747111436909,tucson,125527,11.740276153857035
34_52,34,52,-112.89,32.318,0.0,-2.3447406140588547,1,43.53090842247362,150.3215289332804,-0.0,0.0,0.0,tucson,431012,12.973891210925675
34_52,34,52,-112.89,32.318,1.0,-2.3447406140588547,0,43.53090842247362,150.3215289332804,-2.3447406140588547,43.53090842247362,150.3215289332804,tucson,125527,11.740276153857035
34_53,34,53,-112.846,32.318,0.0,-1.4323479818198859,7,44.83197401449354,147.00973602510106,-0.0,0.0,0.0,tucson,431012,12.973891210925675
34_53,34,53,-112.846,32.318,1.0,-1.4323479818198859,1,44.83197401449354,147.00973602510106,-1.4323479818198859,44.83197401449354,147.00973602510106,tucson,125527,11.740276153857035
34_54,34,54,-112.802,32.318,0.0,-2.8374022885315684,2,46.22135308721574,143.74218586620535,-0.0,0.0,0.0,tucson,431012,12.973891210925675
34_54,34,54,-112.802,32.318,1.0,-2.8374022885315684,0,46.22135308721574,143.74218586620535,-2.8374022885315684,46.22135308721574,143.74218586620535,tucson,125527,11.740276153857035
34_56,34,56,-112.714,32.318,0.0,-0.6469271811281085,0,49.16369881552921,137.35237183880284,-0.0,0.0,0.0,tucson,431012,12.973891210925675
34_56,34,56,-112.714,32.318,1.0,-0.6469271811281085,1,49.16369881552921,137.35237183880284,-0.6469271811281085,49.16369881552921,137.35237183880284,tucson,125527,11.740276153857035
34_58,34,58,-112.626,32.318,0.0,-1.130210408965846,0,51.808059827971825,131.1797251455409,-0.0,0.0,0.0,tucson,431012,12.973891210925675
34_58,34,58,-112.626,32.318,1.0,-1.130210408965846,1,51.808059827971825,131.1797251455409,-1.130210408965846,51.808059827971825,131.1797251455409,tucson,125527,11.740276153857035
34_60,34,60,-112.538,32.318,0.0,-0.9198711038668628,0,54.623696914970374,125.25629579341553,-0.0,0.0,0.0,tucson,431012,12.973891210925675
34_60,34,60,-112.538,32.318,1.0,-0.9198711038668628,1,54.623696914970374,125.25629579341553,-0.9198711038668628,54.623696914970374,125.25629579341553,tucson,125527,11.740276153857035
34_62,34,62,-112.45,32.318,0.0,-2.3501222537001705,0,57.40583239765619,119.61905306850693,-0.0,0.0,0.0,tucson,431012,12.973891210925675
34_62,34,62,-112.45,32.318,1.0,-2.3501222537001705,1,57.40583239765619,119.61905306850693,-2.3501222537001705,57.40583239765619,119.61905306850693,tucson,125527,11.740276153857035
34_63,34,63,-112.406,32.318,0.0,-1.7344832766906917,0,58.79419191357433,116.92075234766516,-0.0,0.0,0.0,tucson,431012,12.973891210925675
34_63,34,63,-112.406,32.318,1.0,-1.7344832766906917,1,58.79419191357433,116.92075234766516,-1.7344832766906917,58.79419191357433,116.92075234766516,tucson,125527,11.740276153857035
34_64,34,64,-112.36200000000001,32.318,0.0,-1.8421370705379059,0,60.24228192745415,114.31028635902511,-0.0,0.0,0.0,tucson,431012,12.973891210925675
34_64,34,64,-112.36200000000001,32.318,1.0,-1.8421370705379059,2,60.24228192745415,114.31028635902511,-1.8421370705379059,60.24228192745415,114.31028635902511,tucson,125527,11.740276153857035
34_65,34,65,-112.318,32.318,0.0,-1.8455351051497617,0,61.66827205555857,111.79380139380113,-0.0,0.0,0.0,tucson,431012,12.973891210925675
34_65,34,65,-112.318,32.318,1.0,-1.8455351051497617,1,61.66827205555857,111.79380139380113,-1.8455351051497617,61.66827205555857,111.79380139380113,tucson,125527,11.740276153857035
34_68,34,68,-112.186,32.318,0.0,-1.5172011979400604,0,65.91183231478082,104.87457343235732,-0.0,0.0,0.0,tucson,431012,12.973891210925675
34_68,34,68,-112.186,32.318,1.0,-1.5172011979400604,1,65.91183231478082,104.87457343235732,-1.5172011979400604,65.91183231478082,104.87457343235732,tucson,125527,11.740276153857035
34_70,34,70,-112.098,32.318,0.0,-1.3403870067908181,0,68.75004894566722,100.85814044136573,-0.0,0.0,0.0,tucson,431012,12.973891210925675
34_70,34,70,-112.098,32.318,1.0,-1.3403870067908181,1,68.75004894566722,100.85814044136573,-1.3403870067908181,68.75004894566722,100.85814044136573,tucson,125527,11.740276153857035
34_71,34,71,-112.054,32.318,0.0,-1.3761700250409226,4,70.17551556972305,99.05123377954938,-0.0,0.0,0.0,tucson,431012,12.973891210925675
34_71,34,71,-112.054,32.318,1.0,-1.3761700250409226,1,70.17551556972305,99.05123377954938,-1.3761700250409226,70.17551556972305,99.05123377954938,tucson,125527,11.740276153857035
34_73,34,73,-111.96600000000001,32.318,0.0,-1.2281046867991843,0,73.0020149186379,95.87795576480734,-0.0,0.0,0.0,tucson,431012,12.973891210925675
34_73,34,73,-111.96600000000001,32.318,1.0,-1.2281046867991843,1,73.0020149186379,95.87795576480734,-1.2281046867991843,73.0020149186379,95.87795576480734,tucson,125527,11.740276153857035
34_75,34,75,-111.878,32.318,0.0,-0.6012209551314138,0,75.86428961684231,93.34079978450998,-0.0,0.0,0.0,tucson,431012,12.973891210925675
34_75,34,75,-111.878,32.318,1.0,-0.6012209551314138,1,75.86428961684231,93.34079978450998,-0.6012209551314138,75.86428961684231,93.34079978450998,tucson,125527,11.740276153857035
34_76,34,76,-111.834,32.318,0.0,-0.7593691299934748,0,77.2981480769479,92.32765723667866,-0.0,0.0,0.0,tucson,431012,12.973891210925675
34_76,34,76,-111.834,32.318,1.0,-0.7593691299934748,1,77.2981480769479,92.32765723667866,-0.7593691299934748,77.2981480769479,92.32765723667866,tucson,125527,11.740276153857035
34_77,34,77,-111.79,32.318,0.0,-0.5982126408234725,1,78.73866187487016,91.49265840597742,-0.0,0.0,0.0,tucson,431012,12.973891210925675
34_77,34,77,-111.79,32.318,1.0,-0.5982126408234725,2,78.73866187487016,91.49265840597742,-0.5982126408234725,78.73866187487016,91.49265840597742,tucson,125527,11.740276153857035
34_78,34,78,-111.74600000000001,32.318,0.0,-0.5641753022002601,0,80.16305355994808,90.84071117025952,-0.0,0.0,0.0,tucson,431012,12.973891210925675
34_78,34,78,-111.74600000000001,32.318,1.0,-0.5641753022002601,2,80.16305355994808,90.84071117025952,-0.5641753022002601,80.16305355994808,90.84071117025952,tucson,125527,11.740276153857035
34_79,34,79,-111.702,32.318,0.0,-0.9794436120576588,4,81.60913803800818,90.37577265103504,-0.0,0.0,0.0,tucson,431012,12.973891210925675
34_79,34,79,-111.702,32.318,1.0,-0.9794436120576588,1,81.60913803800818,90.37577265103504,-0.9794436120576588,81.60913803800818,90.37577265103504,tucson,125527,11.740276153857035
34_80,34,80,-111.658,32.318,0.0,-1.1265683767371306,0,83.04101571237831,90.10073376195618,-0.0,0.0,0.0,tucson,431012,12.973891210925675
34_80,34,80,-111.658,32.318,1.0,-1.1265683767371306,1,83.04101571237831,90.10073376195618,-1.1265683767371306,83.04101571237831,90.10073376195618,tucson,125527,11.740276153857035
34_82,34,82,-111.57000000000001,32.318,0.0,-1.9180483291976427,0,85.9378227397491,90.1260937994142,-0.0,0.0,0.0,tucson,431012,12.973891210925675
34_82,34,82,-111.57000000000001,32.318,1.0,-1.9180483291976427,1,85.9378227397491,90.1260937994142,-1.9180483291976427,85.9378227397491,90.1260937994142,tucson,125527,11.740276153857035
34_84,34,84,-111.482,32.318,0.0,-2.214987275141404,0,88.80680041722046,90.9161238002099,-0.0,0.0,0.0,tucson,431012,12.973891210925675
34_84,34,84,-111.482,32.318,1.0,-2.214987275141404,1,88.80680041722046,90.9161238002099,-2.214987275141404,88.80680041722046,90.9161238002099,tucson,125527,11.740276153857035
34_85,34,85,-111.438,32.318,0.0,-2.712554689049007,1,90.26071342568517,91.59244776552497,-0.0,0.0,0.0,tucson,431012,12.973891210925675
34_85,34,85,-111.438,32.318,1.0,-2.712554689049007,0,90.26071342568517,91.59244776552497,-2.712554689049007,90.26071342568517,91.59244776552497,tucson,125527,11.740276153857035
34_86,34,86,-111.394,32.318,0.0,-2.870720911320387,0,91.6993969020329,92.45120066534064,-0.0,0.0,0.0,tucson,431012,12.973891210925675
34_86,34,86,-111.394,32.318,1.0,-2.870720911320387,6,91.6993969020329,92.45120066534064,-2.870720911320387,91.6993969020329,92.45120066534064,tucson,125527,11.740276153857035
34_87,34,87,-111.35000000000001,32.318,0.0,-3.3274738635054586,0,93.16133269839945,93.4873533731155,-0.0,0.0,0.0,tucson,431012,12.973891210925675
34_87,34,87,-111.35000000000001,32.318,1.0,-3.3274738635054586,1,93.16133269839945,93.4873533731155,-3.3274738635054586,93.16133269839945,93.4873533731155,tucson,125527,11.740276153857035
34_89,34,89,-111.262,32.318,0.0,-3.9424800935963886,0,96.06609862516399,96.06791155271284,-0.0,0.0,0.0,tucson,431012,12.973891210925675
34_89,34,89,-111.262,32.318,1.0,-3.9424800935963886,1,96.06609862516399,96.06791155271284,-3.9424800935963886,96.06609862516399,96.06791155271284,tucson,125527,11.740276153857035
34_93,34,93,-111.086,32.318,0.0,-4.557579121396799,0,101.76610544418268,102.21891763142192,-0.0,0.0,0.0,tucson,431012,12.973891210925675
34_93,34,93,-111.086,32.318,1.0,-4.557579121396799,1,101.76610544418268,102.21891763142192,-4.557579121396799,101.76610544418268,102.21891763142192,tucson,125527,11.740276153857035
35_42,35,42,-113.33,32.362,0.0,1.9745593193628936,2,33.723140487780725,187.72232103559767,0.0,0.0,0.0,yuma,84933,11.349617989357553
35_42,35,42,-113.33,32.362,1.0,1.9745593193628936,0,33.723140487780725,187.72232103559767,1.9745593193628936,33.723140487780725,187.72232103559767,yuma,14620,9.59014573330377
35_43,35,43,-113.286,32.362,0.0,3.6687779506390354,0,35.165345302087765,184.14379961276242,0.0,0.0,0.0,yuma,84933,11.349617989357553
35_43,35,43,-113.286,32.362,1.0,3.6687779506390354,6,35.165345302087765,184.14379961276242,3.6687779506390354,35.165345302087765,184.14379961276242,yuma,14620,9.59014573330377
35_46,35,46,-113.154,32.362,0.0,-0.3283939480553484,1,39.500533000989115,173.56467798485892,-0.0,0.0,0.0,yuma,84933,11.349617989357553
35_46,35,46,-113.154,32.362,1.0,-0.3283939480553484,4,39.500533000989115,173.56467798485892,-0.3283939480553484,39.500533000989115,173.56467798485892,yuma,14620,9.59014573330377
35_47,35,47,-113.11,32.362,0.0,0.15442595514985225,0,40.94028171430817,170.09583235078554,0.0,0.0,0.0,yuma,84933,11.349617989357553
35_47,35,47,-113.11,32.362,1.0,0.15442595514985225,10,40.94028171430817,170.09583235078554,0.15442595514985225,40.94028171430817,170.09583235078554,yuma,14620,9.59014573330377
35_50,35,50,-112.97800000000001,32.362,0.0,-2.0350043055193363,0,45.246025451203764,159.88798573145394,-0.0,0.0,0.0,tucson,431012,12.973891210925675
35_50,35,50,-112.97800000000001,32.362,1.0,-2.0350043055193363,1,45.246025451203764,159.88798573145394,-2.0350043055193363,45.246025451203764,159.88798573145394,tucson,125527,11.740276153857035
35_52,35,52,-112.89,32.362,0.0,-1.9296189392132144,3,48.04714286010453,153.27025688120443,-0.0,0.0,0.0,tucson,431012,12.973891210925675
35_52,35,52,-112.89,32.362,1.0,-1.9296189392132144,1,48.04714286010453,153.27025688120443,-1.9296189392132144,48.04714286010453,153.27025688120443,tucson,125527,11.740276153857035
35_53,35,53,-112.846,32.362,0.0,-2.415082658115357,1,49.43169058469106,150.02510702323605,-0.0,0.0,0.0,tucson,431012,12.973891210925675
35_53,35,53,-112.846,32.362,1.0,-2.415082658115357,1,49.43169058469106,150.02510702323605,-2.415082658115357,49.43169058469106,150.02510702323605,tucson,125527,11.740276153857035
35_54,35,54,-112.802,32.362,0.0,-3.030029090075519,4,50.82057334911772,146.8261914416606,-0.0,0.0,0.0,tucson,431012,12.973891210925675
35_54,35,54,-112.802,32.362,1.0,-3.030029090075519,0,50.82057334911772,146.8261914416606,-3.030029090075519,50.82057334911772,146.8261914416606,tucson,125527,11.740276153857035
35_56,35,56,-112.714,32.362,0.0,-1.5001141571301946,0,53.73788029503847,140.57961366468518,-0.0,0.0,0.0,tucson,431012,12.973891210925675
35_56,35,56,-112.714,32.362,1.0,-1.5001141571301946,1,53.73788029503847,140.57961366468518,-1.5001141571301946,53.73788029503847,140.57961366468518,tucson,125527,11.740276153857035
35_61,35,61,-112.494,32.362,0.0,-2.277781229320016,2,60.63740164239847,126.0173574003344,-0.0,0.0,0.0,tucson,431012,12.973891210925675
35_61,35,61,-112.494,32.362,1.0,-2.277781229320016,2,60.63740164239847,126.0173574003344,-2.277781229320016,60.63740164239847,126.0173574003344,tucson,125527,11.740276153857035
35_62,35,62,-112.45,32.362,0.0,-2.1054242927811333,3,62.07267610343632,123.31989072673645,-0.0,0.0,0.0,tucson,431012,12.973891210925675
35_62,35,62,-112.45,32.362,1.0,-2.1054242927811333,0,62.07267610343632,123.31989072673645,-2.1054242927811333,62.07267610343632,123.31989072673645,tucson,125527,11.740276153857035
35_64,35,64,-112.36200000000001,32.362,0.0,-1.8286331419639839,1,64.83596181803719,118.17993022930183,-0.0,0.0,0.0,tucson,431012,12.973891210925675
35_64,35,64,-112.36200000000001,32.362,1.0,-1.8286331419639839,0,64.83596181803719,118.17993022930183,-1.8286331419639839,64.83596181803719,118.17993022930183,tucson,125527,11.740276153857035
35_65,35,65,-112.318,32.362,0.0,-1.7150415944690485,1,66.25164369744542,115.74874581093758,-0.0,0.0,0.0,tucson,431012,12.973891210925675
35_65,35,65,-112.318,32.362,1.0,-1.7150415944690485,3,66.25164369744542,115.74874581093758,-1.7150415944690485,66.25164369744542,115.74874581093758,tucson,125527,11.740276153857035
35_66,35,66,-112.274,32.362,0.0,-0.5826090717758944,1,67.72072221428074,113.41809269878233,-0.0,0.0,0.0,tucson,431012,12.973891210925675
35_66,35,66,-112.274,32.362,1.0,-0.5826090717758944,0,67.72072221428074,113.41809269878233,-0.5826090717758944,67.72072221428074,113.41809269878233,tucson,125527,11.740276153857035
35_69,35,69,-112.142,32.362,0.0,-1.1103550424990645,0,71.89194494820137,107.09349445120218,-0.0,0.0,0.0,tucson,431012,12.973891210925675
35_69,35,69,-112.142,32.362,1.0,-1.1103550424990645,1,71.89194494820137,107.09349445120218,-1.1103550424990645,71.89194494820137,107.09349445120218,tucson,125527,11.740276153857035
35_71,35,71,-112.054,32.362,0.0,-1.2073985057004921,0,74.75048041637248,103.5002590970362,-0.0,0.0,0.0,tucson,431012,12.973891210925675
35_71,35,71,-112.054,32.362,1.0,-1.2073985057004921,2,74.75048041637248,103.5002590970362,-1.2073985057004921,74.75048041637248,103.5002590970362,tucson,125527,11.740276153857035
35_72,35,72,-112.01,32.362,0.0,-0.741183454353468,0,76.17583045917955,101.91103508632037,-0.0,0.0,0.0,tucson,431012,12.973891210925675
35_72,35,72,-112.01,32.362,1.0,-0.741183454353468,1,76.17583045917955,101.91103508632037,-0.741183454353468,76.17583045917955,101.91103508632037,tucson,125527,11.740276153857035
35_77,35,77,-111.79,32.362,0.0,-0.129702859111001,0,83.30777014687112,96.29492315190663,-0.0,0.0,0.0,tucson,431012,12.973891210925675
35_77,35,77,-111.79,32.362,1.0,-0.129702859111001,1,83.30777014687112,96.29492315190663,-0.129702859111001,83.30777014687112,96.29492315190663,tucson,125527,11.740276153857035
35_78,35,78,-111.74600000000001,32.362,0.0,-0.14814022624905182,1,84.74150461631362,95.67597058258664,-0.0,0.0,0.0,tucson,431012,12.973891210925675
35_78,35,78,-111.74600000000001,32.362,1.0,-0.14814022624905182,1,84.74150461631362,95.67597058258664,-0.14814022624905182,84.74150461631362,95.67597058258664,tucson,125527,11.740276153857035
35_79,35,79,-111.702,32.362,0.0,-0.8910506608020037,1,86.17490975559225,95.23482195518365,-0.0,0.0,0.0,tucson,431012,12.973891210925675
35_79,35,79,-111.702,32.362,1.0,-0.8910506608020037,1,86.17490975559225,95.23482195518365,-0.8910506608020037,86.17490975559225,95.23482195518365,tucson,125527,11.740276153857035
35_80,35,80,-111.658,32.362,0.0,-1.3258697084081739,1,87.62300742944025,94.97395104331366,-0.0,0.0,0.0,tucson,431012,12.973891210925675
35_80,35,80,-111.658,32.362,1.0,-1.3258697084081739,0,87.62300742944025,94.97395104331366,-1.3258697084081739,87.62300742944025,94.97395104331366,tucson,125527,11.740276153857035
35_81,35,81,-111.614,32.362,0.0,-1.5159194547823798,1,89.05975108282927,94.89484098603339,-0.0,0.0,0.0,tucson,431012,12.973891210925675
35_81,35,81,-111.614,32.362,1.0,-1.5159194547823798,3,89.05975108282927,94.89484098603339,-1.5159194547823798,89.05975108282927,94.89484098603339,tucson,125527,11.740276153857035
35_82,35,82,-111.57000000000001,32.362,0.0,-1.4302142987299655,0,90.4985969434817,94.9979425020939,-0.0,0.0,0.0,tucson,431012,12.973891210925675
35_82,35,82,-111.57000000000001,32.362,1.0,-1.4302142987299655,1,90.4985969434817,94.9979425020939,-1.4302142987299655,90.4985969434817,94.9979425020939,tucson,125527,11.740276153857035
35_83,35,83,-111.526,32.362,0.0,-2.1283593713276967,3,91.93398814245539,95.28266101986077,-0.0,0.0,0.0,tucson,431012,12.973891210925675
35_83,35,83,-111.526,32.362,1.0,-2.1283593713276967,2,91.93398814245539,95.28266101986077,-2.1283593713276967,91.93398814245539,95.28266101986077,tucson,125527,11.740276153857035
35_84,35,84,-111.482,32.362,0.0,-1.0344594888081033,2,93.37833678458338,95.74737356925563,-0.0,0.0,0.0,tucson,431012,12.973891210925675
35_84,35,84,-111.482,32.362,1.0,-1.0344594888081033,4,93.37833678458338,95.74737356925563,-1.0344594888081033,93.37833678458338,95.74737356925563,tucson,125527,11.740276153857035
35_85,35,85,-111.438,32.362,0.0,-2.9134884075677174,0,94.82162336715048,96.38947432712114,-0.0,0.0,0.0,tucson,431012,12.973891210925675
35_85,35,85,-111.438,32.362,1.0,-2.9134884075677174,1,94.82162336715048,96.38947432712114,-2.9134884075677174,94.82162336715048,96.38947432712114,tucson,125527,11.740276153857035
35_87,35,87,-111.35000000000001,32.362,0.0,-4.081994493019881,1,97.72844947326624,98.19095178926675,-0.0,0.0,0.0,tucson,431012,12.973891210925675
35_87,35,87,-111.35000000000001,32.362,1.0,-4.081994493019881,1,97.72844947326624,98.19095178926675,-4.081994493019881,97.72844947326624,98.19095178926675,tucson,125527,11.740276153857035
35_88,35,88,-111.306,32.362,0.0,-3.2496005267887695,1,99.16727826801184,99.34094498466386,-0.0,0.0,0.0,tucson,431012,12.973891210925675
35_88,35,88,-111.306,32.362,1.0,-3.2496005267887695,1,99.16727826801184,99.34094498466386,-3.2496005267887695,99.16727826801184,99.34094498466386,tucson,125527,11.740276153857035
35_93,35,93,-111.086,32.362,0.0,-4.8122518271433385,1,106.33381671290674,106.91641325533048,-0.0,0.0,0.0,tucson,431012,12.973891210925675
35_93,35,93,-111.086,32.362,1.0,-4.8122518271433385,1,106.33381671290674,106.91641325533048,-4.8122518271433385,106.33381671290674,106.91641325533048,tucson,125527,11.740276153857035
36_19,36,19,-114.342,32.406,0.0,2.268704844793027,1,5.804198925157573,276.29303826674084,0.0,0.0,0.0,yuma,84933,11.349617989357553
36_19,36,19,-114.342,32.406,1.0,2.268704844793027,0,5.804198925157573,276.29303826674084,2.268704844793027,5.804198925157573,276.29303826674084,yuma,14620,9.59014573330377
36_42,36,42,-113.33,32.406,0.0,2.3307051602056994,2,38.30418614620916,190.20243454728168,0.0,0.0,0.0,yuma,84933,11.349617989357553
36_42,36,42,-113.33,32.406,1.0,2.3307051602056994,0,38.30418614620916,190.20243454728168,2.3307051602056994,38.30418614620916,190.20243454728168,yuma,14620,9.59014573330377
36_43,36,43,-113.286,32.406,0.0,2.549538268773378,0,39.74137136965641,186.67313701854357,0.0,0.0,0.0,yuma,84933,11.349617989357553
36_43,36,43,-113.286,32.406,1.0,2.549538268773378,1,39.74137136965641,186.67313701854357,2.549538268773378,39.74137136965641,186.67313701854357,yuma,14620,9.59014573330377
36_44,36,44,-113.242,32.406,0.0,0.8449055586374129,0,41.179192278585724,183.17040657863214,0.0,0.0,0.0,yuma,84933,11.349617989357553
36_44,36,44,-113.242,32.406,1.0,0.8449055586374129,2,41.179192278585724,183.17040657863214,0.8449055586374129,41.179192278585724,183.17040657863214,yuma,14620,9.59014573330377
36_45,36,45,-113.19800000000001,32.406,0.0,0.19457719393193007,0,42.625327302934814,179.69578960220508,0.0,0.0,0.0,yuma,84933,11.349617989357553
36_45,36,45,-113.19800000000001,32.406,1.0,0.19457719393193007,3,42.625327302934814,179.69578960220508,0.19457719393193007,42.625327302934814,179.69578960220508,yuma,14620,9.59014573330377
36_46,36,46,-113.154,32.406,0.0,-0.2285421808946808,0,44.07562282922416,176.2509415818469,-0.0,0.0,0.0,yuma,84933,11.349617989357553
36_46,36,46,-113.154,32.406,1.0,-0.2285421808946808,20,44.07562282922416,176.2509415818469,-0.2285421808946808,44.07562282922416,176.2509415818469,yuma,14620,9.59014573330377
36_47,36,47,-113.11,32.406,0.0,2.0231726199205555,0,45.51588681382081,172.83763531892663,0.0,0.0,0.0,yuma,84933,11.349617989357553
36_47,36,47,-113.11,32.406,1.0,2.0231726199205555,10,45.51588681382081,172.83763531892663,2.0231726199205555,45.51588681382081,172.83763531892663,yuma,14620,9.59014573330377
36_48,36,48,-113.066,32.406,0.0,-0.9756614919830651,0,46.950665195111405,169.45776963404447,-0.0,0.0,0.0,yuma,84933,11.349617989357553
36_48,36,48,-113.066,32.406,1.0,-0.9756614919830651,1,46.950665195111405,169.45776963404447,-0.9756614919830651,46.950665195111405,169.45776963404447,yuma,14620,9.59014573330377
36_49,36,49,-113.022,32.406,0.0,-2.0249533839079215,0,48.39876138915277,166.1133785930407,-0.0,0.0,0.0,yuma,84933,11.349617989357553
36_49,36,49,-113.022,32.406,1.0,-2.0249533839079215,2,48.39876138915277,166.1133785930407,-2.0249533839079215,48.39876138915277,166.1133785930407,yuma,14620,9.59014573330377
36_51,36,51,-112.934,32.406,0.0,-1.7780559215814078,2,51.23903978823432,159.53989174782464,-0.0,0.0,0.0,tucson,431012,12.973891210925675
36_51,36,51,-112.934,32.406,1.0,-1.7780559215814078,0,51.23903978823432,159.53989174782464,-1.7780559215814078,51.23903978823432,159.53989174782464,tucson,125527,11.740276153857035
36_53,36,53,-112.846,32.406,0.0,-2.997659983537692,0,54.07950831637751,153.13653295455083,-0.0,0.0,0.0,tucson,431012,12.973891210925675
36_53,36,53,-112.846,32.406,1.0,-2.997659983537692,2,54.07950831637751,153.13653295455083,-2.997659983537692,54.07950831637751,153.13653295455083,tucson,125527,11.740276153857035
36_54,36,54,-112.802,32.406,0.0,-2.666901409817153,1,55.42412496883961,150.00546481915126,-0.0,0.0,0.0,tucson,431012,12.973891210925675
36_54,36,54,-112.802,32.406,1.0,-2.666901409817153,1,55.42412496883961,150.00546481915126,-2.666901409817153,55.42412496883961,150.00546481915126,tucson,125527,11.740276153857035
36_55,36,55,-112.75800000000001,32.406,0.0,-2.592937466793521,0,56.81009206801933,146.92548928272026,-0.0,0.0,0.0,tucson,431012,12.973891210925675
36_55,36,55,-112.75800000000001,32.406,1.0,-2.592937466793521,1,56.81009206801933,146.92548928272026,-2.592937466793521,56.81009206801933,146.92548928272026,tucson,125527,11.740276153857035
36_57,36,57,-112.67,32.406,0.0,-1.7085013067632588,0,59.68298743543749,140.9321318401347,-0.0,0.0,0.0,tucson,431012,12.973891210925675
36_57,36,57,-112.67,32.406,1.0,-1.7085013067632588,1,59.68298743543749,140.9321318401347,-1.7085013067632588,59.68298743543749,140.9321318401347,tucson,125527,11.740276153857035
36_64,36,64,-112.36200000000001,32.406,0.0,-0.26857403488249065,0,69.39014660400046,122.12183337877856,-0.0,0.0,0.0,tucson,431012,12.973891210925675
36_64,36,64,-112.36200000000001,32.406,1.0,-0.26857403488249065,2,69.39014660400046,122.12183337877856,-0.26857403488249065,69.39014660400046,122.12183337877856,tucson,125527,11.740276153857035
36_72,36,72,-112.01,32.406,0.0,-0.576029787856973,1,80.75669423528781,106.46480509871601,-0.0,0.0,0.0,tucson,431012,12.973891210925675
36_72,36,72,-112.01,32.406,1.0,-0.576029787856973,0,80.75669423528781,106.46480509871601,-0.576029787856973,80.75669423528781,106.46480509871601,tucson,125527,11.740276153857035
36_74,36,74,-111.922,32.406,0.0,-0.33806043251049844,0,83.58579061255391,103.85534341568611,-0.0,0.0,0.0,tucson,431012,12.973891210925675
36_74,36,74,-111.922,32.406,1.0,-0.33806043251049844,1,83.58579061255391,103.85534341568611,-0.33806043251049844,83.58579061255391,103.85534341568611,tucson,125527,11.740276153857035
36_77,36,77,-111.79,32.406,0.0,0.07016761872357358,0,87.88212397421373,101.10443313891393,0.0,0.0,0.0,tucson,431012,12.973891210925675
36_77,36,77,-111.79,32.406,1.0,0.07016761872357358,1,87.88212397421373,101.10443313891393,0.07016761872357358,87.88212397421373,101.10443313891393,tucson,125527,11.740276153857035
36_78,36,78,-111.74600000000001,32.406,0.0,-0.227533204236194,2,89.32214342000161,100.51535260709737,-0.0,0.0,0.0,tucson,431012,12.973891210925675
36_78,36,78,-111.74600000000001,32.406,1.0,-0.227533204236194,0,89.32214342000161,100.51535260709737,-0.227533204236194,89.32214342000161,100.51535260709737,tucson,125527,11.740276153857035
36_79,36,79,-111.702,32.406,0.0,-0.8484307300962601,2,90.74792406148674,100.09570566847431,-0.0,0.0,0.0,tucson,431012,12.973891210925675
36_79,36,79,-111.702,32.406,1.0,-0.8484307300962601,3,90.74792406148674,100.09570566847431,-0.8484307300962601,90.74792406148674,100.09570566847431,tucson,125527,11.740276153857035
36_80,36,80,-111.658,32.406,0.0,-1.2951750379386215,1,92.19573533926443,99.84762494006388,-0.0,0.0,0.0,tucson,431012,12.973891210925675
36_80,36,80,-111.658,32.406,1.0,-1.2951750379386215,3,92.19573533926443,99.84762494006388,-1.2951750379386215,92.19573533926443,99.84762494006388,tucson,125527,11.740276153857035
36_82,36,82,-111.57000000000001,32.406,0.0,-1.8395834196888252,3,95.07425712370504,99.87037851403441,-0.0,0.0,0.0,tucson,431012,12.973891210925675
36_82,36,82,-111.57000000000001,32.406,1.0,-1.8395834196888252,2,95.07425712370504,99.87037851403441,-1.8395834196888252,95.07425712370504,99.87037851403441,tucson,125527,11.740276153857035
36_83,36,83,-111.526,32.406,0.0,-1.9733297181399232,1,96.51716607037855,100.14108879004132,-0.0,0.0,0.0,tucson,431012,12.973891210925675
36_83,36,83,-111.526,32.406,1.0,-1.9733297181399232,0,96.51716607037855,100.14108879004132,-1.9733297181399232,96.51716607037855,100.14108879004132,tucson,125527,11.740276153857035
36_86,36,86,-111.394,32.406,0.0,-4.183419888922883,1,100.85139621013072,101.9713633108666,-0.0,0.0,0.0,tucson,431012,12.973891210925675
36_86,36,86,-111.394,32.406,1.0,-4.183419888922883,0,100.85139621013072,101.9713633108666,-4.183419888922883,100.85139621013072,101.9713633108666,tucson,125527,11.740276153857035
36_87,36,87,-111.35000000000001,32.406,0.0,-4.666139577784954,1,102.2859934901901,102.91076974135727,-0.0,0.0,0.0,tucson,431012,12.973891210925675
36_87,36,87,-111.35000000000001,32.406,1.0,-4.666139577784954,1,102.2859934901901,102.91076974135727,-4.666139577784954,102.2859934901901,102.91076974135727,tucson,125527,11.740276153857035
36_90,36,90,-111.218,32.406,0.0,-3.384469169914851,0,106.66060863026998,106.65517779674808,-0.0,0.0,0.0,tucson,431012,12.973891210925675
36_90,36,90,-111.218,32.406,1.0,-3.384469169914851,1,106.66060863026998,106.65517779674808,-3.384469169914851,106.66060863026998,106.65517779674808,tucson,125527,11.740276153857035
36_91,36,91,-111.174,32.406,0.0,-4.75662489540743,1,108.09872404923009,108.15089492986029,-0.0,0.0,0.0,tucson,431012,12.973891210925675
36_91,36,91,-111.174,32.406,1.0,-4.75662489540743,0,108.09872404923009,108.15089492986029,-4.75662489540743,108.09872404923009,108.15089492986029,tucson,125527,11.740276153857035
36_94,36,94,-111.042,32.406,0.0,-4.33076774242804,0,112.35709242532162,112.74380656416326,-0.0,0.0,0.0,tucson,431012,12.973891210925675
36_94,36,94,-111.042,32.406,1.0,-4.33076774242804,1,112.35709242532162,112.74380656416326,-4.33076774242804,112.35709242532162,112.74380656416326,tucson,125527,11.740276153857035
37_17,37,17,-114.43,32.45,0.0,1.4247814525741862,0,8.001462392813428,285.76463781560795,0.0,0.0,0.0,yuma,84933,11.349617989357553
37_17,37,17,-114.43,32.45,1.0,1.4247814525741862,1,8.001462392813428,285.76463781560795,1.4247814525741862,8.001462392813428,285.76463781560795,yuma,14620,9.59014573330377
37_45,37,45,-113.19800000000001,32.45,0.0,-0.03409491466639958,1,47.19212651824243,182.42065654453356,-0.0,0.0,0.0,yuma,84933,11.349617989357553
37_45,37,45,-113.19800000000001,32.45,1.0,-0.03409491466639958,5,47.19212651824243,182.42065654453356,-0.03409491466639958,47.19212651824243,182.42065654453356,yuma,14620,9.59014573330377
37_46,37,46,-113.154,32.45,0.0,-0.49242614108953064,0,48.63653820478769,179.0298544514653,-0.0,0.0,0.0,yuma,84933,11.349617989357553
37_46,37,46,-113.154,32.45,1.0,-0.49242614108953064,6,48.63653820478769,179.0298544514653,-0.49242614108953064,48.63653820478769,179.0298544514653,yuma,14620,9.59014573330377
37_47,37,47,-113.11,32.45,0.0,0.9484533817026712,0,50.08189939633813,175.6721416504322,0.0,0.0,0.0,yuma,84933,11.349617989357553
37_47,37,47,-113.11,32.45,1.0,0.9484533817026712,6,50.08189939633813,175.6721416504322,0.9484533817026712,50.08189939633813,175.6721416504322,yuma,14620,9.59014573330377
37_57,37,57,-112.67,32.45,0.0,-1.4373914659487543,0,64.33638768008295,144.410536105958,-0.0,0.0,0.0,tucson,431012,12.973891210925675
37_57,37,57,-112.67,32.45,1.0,-1.4373914659487543,1,64.33638768008295,144.410536105958,-1.4373914659487543,64.33638768008295,144.410536105958,tucson,125527,11.740276153857035
37_58,37,58,-112.626,32.45,0.0,-0.17952644047909927,0,65.58594181111116,141.5771295488343,-0.0,0.0,0.0,tucson,431012,12.973891210925675
37_58,37,58,-112.626,32.45,1.0,-0.17952644047909927,2,65.58594181111116,141.5771295488343,-0.17952644047909927,65.58594181111116,141.5771295488343,tucson,125527,11.740276153857035
37_66,37,66,-112.274,32.45,0.0,-0.8746578679366522,1,76.83406308053169,121.68307206817077,-0.0,0.0,0.0,tucson,431012,12.973891210925675
37_66,37,66,-112.274,32.45,1.0,-0.8746578679366522,1,76.83406308053169,121.68307206817077,-0.8746578679366522,76.83406308053169,121.68307206817077,tucson,125527,11.740276153857035
37_71,37,71,-112.054,32.45,0.0,-0.43294119991208235,1,83.9164276246404,112.50505927957539,-0.0,0.0,0.0,tucson,431012,12.973891210925675
37_71,37,71,-112.054,32.45,1.0,-0.43294119991208235,1,83.9164276246404,112.50505927957539,-0.43294119991208235,83.9164276246404,112.50505927957539,tucson,125527,11.740276153857035
37_72,37,72,-112.01,32.45,0.0,-0.2045330049124635,1,85.33644082179592,111.04612195394833,-0.0,0.0,0.0,tucson,431012,12.973891210925675
37_72,37,72,-112.01,32.45,1.0,-0.2045330049124635,0,85.33644082179592,111.04612195394833,-0.2045330049124635,85.33644082179592,111.04612195394833,tucson,125527,11.740276153857035
37_74,37,74,-111.922,32.45,0.0,-0.1584024228359585,1,88.16766137345425,108.54799321884543,-0.0,0.0,0.0,tucson,431012,12.973891210925675
37_74,37,74,-111.922,32.45,1.0,-0.1584024228359585,0,88.16766137345425,108.54799321884543,-0.1584024228359585,88.16766137345425,108.54799321884543,tucson,125527,11.740276153857035
37_76,37,76,-111.834,32.45,0.0,-0.2000293419310416,0,91.02187002920515,106.6413565924292,-0.0,0.0,0.0,tucson,431012,12.973891210925675
37_76,37,76,-111.834,32.45,1.0,-0.2000293419310416,1,91.02187002920515,106.6413565924292,-0.2000293419310416,91.02187002920515,106.6413565924292,tucson,125527,11.740276153857035
37_77,37,77,-111.79,32.45,0.0,0.07699449720015714,1,92.45567236778747,105.9202061097744,0.0,0.0,0.0,tucson,431012,12.973891210925675
37_77,37,77,-111.79,32.45,1.0,0.07699449720015714,4,92.45567236778747,105.9202061097744,0.07699449720015714,92.45567236778747,105.9202061097744,tucson,125527,11.740276153857035
37_78,37,78,-111.74600000000001,32.45,0.0,0.274956136537965,1,93.89500133957718,105.35829387755923,0.0,0.0,0.0,tucson,431012,12.973891210925675
37_78,37,78,-111.74600000000001,32.45,1.0,0.274956136537965,4,93.89500133957718,105.35829387755923,0.274956136537965,93.89500133957718,105.35829387755923,tucson,125527,11.740276153857035
37_79,37,79,-111.702,32.45,0.0,-0.9129054420985694,0,95.32541035983662,104.95817366364605,-0.0,0.0,0.0,tucson,431012,12.973891210925675
37_79,37,79,-111.702,32.45,1.0,-0.9129054420985694,3,95.32541035983662,104.95817366364605,-0.9129054420985694,95.32541035983662,104.95817366364605,tucson,125527,11.740276153857035
37_80,37,80,-111.658,32.45,0.0,-1.2192306782893345,1,96.76106648160577,104.72169645592929,-0.0,0.0,0.0,tucson,431012,12.973891210925675
37_80,37,80,-111.658,32.45,1.0,-1.2192306782893345,2,96.76106648160577,104.72169645592929,-1.2192306782893345,96.76106648160577,104.72169645592929,tucson,125527,11.740276153857035
37_81,37,81,-111.614,32.45,0.0,-0.9683952253116467,1,98.20719315935393,104.64996830886525,-0.0,0.0,0.0,tucson,431012,12.973891210925675
37_81,37,81,-111.614,32.45,1.0,-0.9683952253116467,7,98.20719315935393,104.64996830886525,-0.9683952253116467,98.20719315935393,104.64996830886525,tucson,125527,11.740276153857035
37_82,37,82,-111.57000000000001,32.45,0.0,-1.624812202981436,4,99.64680560712542,104.74332463512461,-0.0,0.0,0.0,tucson,431012,12.973891210925675
37_82,37,82,-111.57000000000001,32.45,1.0,-1.624812202981436,2,99.64680560712542,104.74332463512461,-1.624812202981436,99.64680560712542,104.74332463512461,tucson,125527,11.740276153857035
37_83,37,83,-111.526,32.45,0.0,-1.4799889543332427,0,101.08395441235967,105.00132231766,-0.0,0.0,0.0,tucson,431012,12.973891210925675
37_83,37,83,-111.526,32.45,1.0,-1.4799889543332427,1,101.08395441235967,105.00132231766,-1.4799889543332427,101.08395441235967,105.00132231766,tucson,125527,11.740276153857035
37_90,37,90,-111.218,32.45,0.0,-3.8320329652500806,0,111.20159556025399,111.22889641449751,-0.0,0.0,0.0,tucson,431012,12.973891210925675
37_90,37,90,-111.218,32.45,1.0,-3.8320329652500806,1,111.20159556025399,111.22889641449751,-3.8320329652500806,111.20159556025399,111.22889641449751,tucson,125527,11.740276153857035
37_91,37,91,-111.174,32.45,0.0,-5.077090172977275,0,112.6620900672705,112.68232883150979,-0.0,0.0,0.0,tucson,431012,12.973891210925675
37_91,37,91,-111.174,32.45,1.0,-5.077090172977275,1,112.6620900672705,112.68232883150979,-5.077090172977275,112.6620900672705,112.68232883150979,tucson,125527,11.740276153857035
38_9,38,9,-114.782,32.494,0.0,2.6756350269447085,1,0.8544222502355878,318.5645132992825,0.0,0.0,0.0,yuma,84933,11.349617989357553
38_9,38,9,-114.782,32.494,1.0,2.6756350269447085,0,0.8544222502355878,318.5645132992825,2.6756350269447085,0.8544222502355878,318.5645132992825,yuma,14620,9.59014573330377
38_11,38,11,-114.694,32.494,0.0,0.9394303512158312,1,3.6670199412445563,310.7610884372917,0.0,0.0,0.0,yuma,84933,11.349617989357553
38_11,38,11,-114.694,32.494,1.0,0.9394303512158312,0,3.6670199412445563,310.7610884372917,0.9394303512158312,3.6670199412445563,310.7610884372917,yuma,14620,9.59014573330377
38_43,38,43,-113.286,32.494,0.0,0.8228506197893716,1,48.89400724061328,192.00390027791804,0.0,0.0,0.0,yuma,84933,11.349617989357553
38_43,38,43,-113.286,32.494,1.0,0.8228506197893716,0,48.89400724061328,192.00390027791804,0.8228506197893716,48.89400724061328,192.00390027791804,yuma,14620,9.59014573330377
38_45,38,45,-113.19800000000001,32.494,0.0,0.004444494826485346,1,51.76896651533537,185.23394307612946,0.0,0.0,0.0,yuma,84933,11.349617989357553
38_45,38,45,-113.19800000000001,32.494,1.0,0.004444494826485346,1,51.76896651533537,185.23394307612946,0.004444494826485346,51.76896651533537,185.23394307612946,yuma,14620,9.59014573330377
38_46,38,46,-113.154,32.494,0.0,0.26047272273848754,2,53.21074137020922,181.89717293656742,0.0,0.0,0.0,yuma,84933,11.349617989357553
38_46,38,46,-113.154,32.494,1.0,0.26047272273848754,0,53.21074137020922,181.89717293656742,0.26047272273848754,53.21074137020922,181.89717293656742,yuma,14620,9.59014573330377
38_48,38,48,-113.066,32.494,0.0,-1.084806901126013,0,56.098033499403705,175.3291892465112,-0.0,0.0,0.0,yuma,84933,11.349617989357553
38_48,38,48,-113.066,32.494,1.0,-1.084806901126013,1,56.098033499403705,175.3291892465112,-1.084806901126013,56.098033499403705,175.3291892465112,yuma,14620,9.59014573330377
38_49,38,49,-113.022,32.494,0.0,-1.8891278610555595,0,57.5410427044416,172.10199018897754,-0.0,0.0,0.0,yuma,84933,11.349617989357553
38_49,38,49,-113.022,32.494,1.0,-1.8891278610555595,1,57.5410427044416,172.10199018897754,-1.8891278610555595,57.5410427044416,172.10199018897754,yuma,14620,9.59014573330377
38_50,38,50,-112.97800000000001,32.494,0.0,-1.0311684964576195,0,58.98745523294825,168.91554575344028,-0.0,0.0,0.0,tucson,431012,12.973891210925675
38_50,38,50,-112.97800000000001,32.494,1.0,-1.0311684964576195,1,58.98745523294825,168.91554575344028,-1.0311684964576195,58.98745523294825,168.91554575344028,tucson,125527,11.740276153857035
38_51,38,51,-112.934,32.494,0.0,-1.7514324071466971,0,60.43267618605704,165.77219925020339,-0.0,0.0,0.0,tucson,431012,12.973891210925675
38_51,38,51,-112.934,32.494,1.0,-1.7514324071466971,1,60.43267618605704,165.77219925020339,-1.7514324071466971,60.43267618605704,165.77219925020339,tucson,125527,11.740276153857035
38_52,38,52,-112.89,32.494,0.0,-2.967083328961514,1,61.82232888444176,162.67444222356738,-0.0,0.0,0.0,tucson,431012,12.973891210925675
38_52,38,52,-112.89,32.494,1.0,-2.967083328961514,0,61.82232888444176,162.67444222356738,-2.967083328961514,61.82232888444176,162.67444222356738,tucson,125527,11.740276153857035
38_54,38,54,-112.802,32.494,0.0,-2.219697320780848,1,64.62918976055785,156.6264497314141,-0.0,0.0,0.0,tucson,431012,12.973891210925675
38_54,38,54,-112.802,32.494,1.0,-2.219697320780848,0,64.62918976055785,156.6264497314141,-2.219697320780848,64.62918976055785,156.6264497314141,tucson,125527,11.740276153857035
38_55,38,55,-112.75800000000001,32.494,0.0,-1.0219556066038895,1,66.01567380302875,153.6820063703273,-0.0,0.0,0.0,tucson,431012,12.973891210925675
38_55,38,55,-112.75800000000001,32.494,1.0,-1.0219556066038895,0,66.01567380302875,153.6820063703273,-1.0219556066038895,66.01567380302875,153.6820063703273,tucson,125527,11.740276153857035
38_59,38,59,-112.58200000000001,32.494,0.0,0.3995636842030258,0,71.56250826306982,142.51045712344526,0.0,0.0,0.0,tucson,431012,12.973891210925675
38_59,38,59,-112.58200000000001,32.494,1.0,0.3995636842030258,1,71.56250826306982,142.51045712344526,0.3995636842030258,71.56250826306982,142.51045712344526,tucson,125527,11.740276153857035
38_65,38,65,-112.318,32.494,0.0,-0.4172157708954078,0,79.98545266225192,127.99640825219662,-0.0,0.0,0.0,tucson,431012,12.973891210925675
38_65,38,65,-112.318,32.494,1.0,-0.4172157708954078,1,79.98545266225192,127.99640825219662,-0.4172157708954078,79.98545266225192,127.99640825219662,tucson,125527,11.740276153857035
38_66,38,66,-112.274,32.494,0.0,-0.26972828815333916,1,81.41121264491456,125.89564228855863,-0.0,0.0,0.0,tucson,431012,12.973891210925675
38_66,38,66,-112.274,32.494,1.0,-0.26972828815333916,1,81.41121264491456,125.89564228855863,-0.26972828815333916,81.41121264491456,125.89564228855863,tucson,125527,11.740276153857035
38_67,38,67,-112.23,32.494,0.0,0.11732845362207572,0,82.84862884807532,123.8987881868839,0.0,0.0,0.0,tucson,431012,12.973891210925675
38_67,38,67,-112.23,32.494,1.0,0.11732845362207572,1,82.84862884807532,123.8987881868839,0.11732845362207572,82.84862884807532,123.8987881868839,tucson,125527,11.740276153857035
38_71,38,71,-112.054,32.494,0.0,-0.2012210995979702,0,88.49026367187255,117.0526306859652,-0.0,0.0,0.0,tucson,431012,12.973891210925675
38_71,38,71,-112.054,32.494,1.0,-0.2012210995979702,1,88.49026367187255,117.0526306859652,-0.2012210995979702,88.49026367187255,117.0526306859652,tucson,125527,11.740276153857035
38_72,38,72,-112.01,32.494,0.0,-0.14190980678433307,0,89.92029924711233,115.65171633442986,-0.0,0.0,0.0,tucson,431012,12.973891210925675
38_72,38,72,-112.01,32.494,1.0,-0.14190980678433307,1,89.92029924711233,115.65171633442986,-0.14190980678433307,89.92029924711233,115.65171633442986,tucson,125527,11.740276153857035
38_73,38,73,-111.96600000000001,32.494,0.0,-0.011261934367797044,1,91.34057968508515,114.38478012416267,-0.0,0.0,0.0,tucson,431012,12.973891210925675
38_73,38,73,-111.96600000000001,32.494,1.0,-0.011261934367797044,1,91.34057968508515,114.38478012416267,-0.011261934367797044,91.34057968508515,114.38478012416267,tucson,125527,11.740276153857035
38_74,38,74,-111.922,32.494,0.0,-0.37937964044636907,0,92.75474745933312,113.25631369261366,-0.0,0.0,0.0,tucson,431012,12.973891210925675
38_74,38,74,-111.922,32.494,1.0,-0.37937964044636907,4,92.75474745933312,113.25631369261366,-0.37937964044636907,92.75474745933312,113.25631369261366,tucson,125527,11.740276153857035
38_75,38,75,-111.878,32.494,0.0,-0.13055560347870587,0,94.1713044854477,112.27048805050167,-0.0,0.0,0.0,tucson,431012,12.973891210925675
38_75,38,75,-111.878,32.494,1.0,-0.13055560347870587,4,94.1713044854477,112.27048805050167,-0.13055560347870587,94.1713044854477,112.27048805050167,tucson,125527,11.740276153857035
38_77,38,77,-111.79,32.494,0.0,-0.37865210545621925,2,97.02658763757255,110.74142948955912,-0.0,0.0,0.0,tucson,431012,12.973891210925675
38_77,38,77,-111.79,32.494,1.0,-0.37865210545621925,1,97.02658763757255,110.74142948955912,-0.37865210545621925,97.02658763757255,110.74142948955912,tucson,125527,11.740276153857035
38_79,38,79,-111.702,32.494,0.0,-0.9351498428467204,5,99.90672544154388,109.8220200398888,-0.0,0.0,0.0,tucson,431012,12.973891210925675
38_79,38,79,-111.702,32.494,1.0,-0.9351498428467204,1,99.90672544154388,109.8220200398888,-0.9351498428467204,99.90672544154388,109.8220200398888,tucson,125527,11.740276153857035
38_80,38,80,-111.658,32.494,0.0,-0.3288222921396061,2,101.33369277132302,109.59611708919043,-0.0,0.0,0.0,tucson,431012,12.973891210925675
38_80,38,80,-111.658,32.494,1.0,-0.3288222921396061,4,101.33369277132302,109.59611708919043,-0.3288222921396061,101.33369277132302,109.59611708919043,tucson,125527,11.740276153857035
38_82,38,82,-111.57000000000001,32.494,0.0,-1.635988066028426,1,104.2089057108535,109.61671738927707,-0.0,0.0,0.0,tucson,431012,12.973891210925675
38_82,38,82,-111.57000000000001,32.494,1.0,-1.635988066028426,2,104.2089057108535,109.61671738927707,-1.635988066028426,104.2089057108535,109.61671738927707,tucson,125527,11.740276153857035
38_83,38,83,-111.526,32.494,0.0,-2.4575821803171936,1,105.65812356548703,109.86312649467382,-0.0,0.0,0.0,tucson,431012,12.973891210925675
38_83,38,83,-111.526,32.494,1.0,-2.4575821803171936,0,105.65812356548703,109.86312649467382,-2.4575821803171936,105.65812356548703,109.86312649467382,tucson,125527,11.740276153857035
38_84,38,84,-111.482,32.494,0.0,-2.4010984353526004,0,107.09633126765038,110.265755966249,-0.0,0.0,0.0,tucson,431012,12.973891210925675
38_84,38,84,-111.482,32.494,1.0,-2.4010984353526004,2,107.09633126765038,110.265755966249,-2.4010984353526004,107.09633126765038,110.265755966249,tucson,125527,11.740276153857035
38_90,38,90,-111.218,32.494,0.0,-4.740492216458109,1,115.76179762960076,115.82666102693722,-0.0,0.0,0.0,tucson,431012,12.973891210925675
38_90,38,90,-111.218,32.494,1.0,-4.740492216458109,0,115.76179762960076,115.82666102693722,-4.740492216458109,115.76179762960076,115.82666102693722,tucson,125527,11.740276153857035
38_94,38,94,-111.042,32.494,0.0,-1.1753413033103546,0,121.5023084956351,122.12154733146537,-0.0,0.0,0.0,tucson,431012,12.973891210925675
38_94,38,94,-111.042,32.494,1.0,-1.1753413033103546,1,121.5023084956351,122.12154733146537,-1.1753413033103546,121.5023084956351,122.12154733146537,tucson,125527,11.740276153857035
39_43,39,43,-113.286,32.538000000000004,0.0,0.33527819938220094,1,53.470674565216775,194.7978852480374,0.0,0.0,0.0,yuma,84933,11.349617989357553
39_43,39,43,-113.286,32.538000000000004,1.0,0.33527819938220094,0,53.470674565216775,194.7978852480374,0.33527819938220094,53.470674565216775,194.7978852480374,yuma,14620,9.59014573330377
39_44,39,44,-113.242,32.538000000000004,0.0,0.09081591796707711,2,54.909992777325684,191.4486291805518,0.0,0.0,0.0,yuma,84933,11.349617989357553
39_44,39,44,-113.242,32.538000000000004,1.0,0.09081591796707711,0,54.909992777325684,191.4486291805518,0.09081591796707711,54.909992777325684,191.4486291805518,yuma,14620,9.59014573330377
39_47,39,47,-113.11,32.538000000000004,0.0,-0.2517040189786226,0,59.22616738635465,181.60177038200402,-0.0,0.0,0.0,yuma,84933,11.349617989357553
39_47,39,47,-113.11,32.538000000000004,1.0,-0.2517040189786226,1,59.22616738635465,181.60177038200402,-0.2517040189786226,59.22616738635465,181.60177038200402,yuma,14620,9.59014573330377
39_52,39,52,-112.89,32.538000000000004,0.0,-3.4438289466127205,1,66.41516233183688,165.97761729887932,-0.0,0.0,0.0,tucson,431012,12.973891210925675
39_52,39,52,-112.89,32.538000000000004,1.0,-3.4438289466127205,0,66.41516233183688,165.97761729887932,-3.4438289466127205,66.41516233183688,165.97761729887932,tucson,125527,11.740276153857035
39_53,39,53,-112.846,32.538000000000004,0.0,-2.943995149210961,1,67.80459048121418,162.99132103481202,-0.0,0.0,0.0,tucson,431012,12.973891210925675
39_53,39,53,-112.846,32.538000000000004,1.0,-2.943995149210961,0,67.80459048121418,162.99132103481202,-2.943995149210961,67.80459048121418,162.99132103481202,tucson,125527,11.740276153857035
39_58,39,58,-112.626,32.538000000000004,0.0,-0.6022241401127446,2,74.89148376933713,148.90500764948513,-0.0,0.0,0.0,tucson,431012,12.973891210925675
39_58,39,58,-112.626,32.538000000000004,1.0,-0.6022241401127446,0,74.89148376933713,148.90500764948513,-0.6022241401127446,74.89148376933713,148.90500764948513,tucson,125527,11.740276153857035
39_65,39,65,-112.318,32.538000000000004,0.0,-0.9520416437649586,1,84.53030809447806,132.18688002030018,-0.0,0.0,0.0,tucson,431012,12.973891210925675
39_65,39,65,-112.318,32.538000000000004,1.0,-0.9520416437649586,1,84.53030809447806,132.18688002030018,-0.9520416437649586,84.53030809447806,132.18688002030018,tucson,125527,11.740276153857035
39_68,39,68,-112.186,32.538000000000004,0.0,0.4341364369443818,0,88.89150831278077,126.40273211413466,0.0,0.0,0.0,tucson,431012,12.973891210925675
39_68,39,68,-112.186,32.538000000000004,1.0,0.4341364369443818,2,88.89150831278077,126.40273211413466,0.4341364369443818,88.89150831278077,126.40273211413466,tucson,125527,11.740276153857035
39_69,39,69,-112.142,32.538000000000004,0.0,-0.08045423778241273,1,90.24324063558423,124.692302356573,-0.0,0.0,0.0,tucson,431012,12.973891210925675
39_69,39,69,-112.142,32.538000000000004,1.0,-0.08045423778241273,2,90.24324063558423,124.692302356573,-0.08045423778241273,90.24324063558423,124.692302356573,tucson,125527,11.740276153857035
39_71,39,71,-112.054,32.538000000000004,0.0,-0.770796713177076,1,93.05957376934153,121.62582540184067,-0.0,0.0,0.0,tucson,431012,12.973891210925675
39_71,39,71,-112.054,32.538000000000004,1.0,-0.770796713177076,0,93.05957376934153,121.62582540184067,-0.770796713177076,93.05957376934153,121.62582540184067,tucson,125527,11.740276153857035
39_72,39,72,-112.01,32.538000000000004,0.0,-0.6697933903216015,1,94.4971605443306,120.27880355964967,-0.0,0.0,0.0,tucson,431012,12.973891210925675
39_72,39,72,-112.01,32.538000000000004,1.0,-0.6697933903216015,1,94.4971605443306,120.27880355964967,-0.6697933903216015,94.4971605443306,120.27880355964967,tucson,125527,11.740276153857035
39_73,39,73,-111.96600000000001,32.538000000000004,0.0,-0.5392923394231808,0,95.92299733132431,119.0616675454491,-0.0,0.0,0.0,tucson,431012,12.973891210925675
39_73,39,73,-111.96600000000001,32.538000000000004,1.0,-0.5392923394231808,1,95.92299733132431,119.0616675454491,-0.5392923394231808,95.92299733132431,119.0616675454491,tucson,125527,11.740276153857035
39_74,39,74,-111.922,32.538000000000004,0.0,-0.6042361487367346,2,97.3407418436999,117.97843288916702,-0.0,0.0,0.0,tucson,431012,12.973891210925675
39_74,39,74,-111.922,32.538000000000004,1.0,-0.6042361487367346,1,97.3407418436999,117.97843288916702,-0.6042361487367346,97.3407418436999,117.97843288916702,tucson,125527,11.740276153857035
39_75,39,75,-111.878,32.538000000000004,0.0,1.451143122435792,0,98.74802534931658,117.03281346047912,0.0,0.0,0.0,tucson,431012,12.973891210925675
39_75,39,75,-111.878,32.538000000000004,1.0,1.451143122435792,2,98.74802534931658,117.03281346047912,1.451143122435792,98.74802534931658,117.03281346047912,tucson,125527,11.740276153857035
39_76,39,76,-111.834,32.538000000000004,0.0,-0.5363062096315057,0,100.17923899228445,116.22816408058786,-0.0,0.0,0.0,tucson,431012,12.973891210925675
39_76,39,76,-111.834,32.538000000000004,1.0,-0.5363062096315057,3,100.17923899228445,116.22816408058786,-0.5363062096315057,100.17923899228445,116.22816408058786,tucson,125527,11.740276153857035
39_79,39,79,-111.702,32.538000000000004,0.0,-0.8197987501497996,1,104.48147804668035,114.68707377431991,-0.0,0.0,0.0,tucson,431012,12.973891210925675
39_79,39,79,-111.702,32.538000000000004,1.0,-0.8197987501497996,0,104.48147804668035,114.68707377431991,-0.8197987501497996,104.48147804668035,114.68707377431991,tucson,125527,11.740276153857035
39_80,39,80,-111.658,32.538000000000004,0.0,-0.9513352888391362,4,105.90834229493151,114.47084660003176,-0.0,0.0,0.0,tucson,431012,12.973891210925675
39_80,39,80,-111.658,32.538000000000004,1.0,-0.9513352888391362,1,105.90834229493151,114.47084660003176,-0.9513352888391362,105.90834229493151,114.47084660003176,tucson,125527,11.740276153857035
39_81,39,81,-111.614,32.538000000000004,0.0,-1.6321879918957871,1,107.34640144434,114.40523799266266,-0.0,0.0,0.0,tucson,431012,12.973891210925675
39_81,39,81,-111.614,32.538000000000004,1.0,-1.6321879918957871,0,107.34640144434,114.40523799266266,-1.6321879918957871,107.34640144434,114.40523799266266,tucson,125527,11.740276153857035
39_82,39,82,-111.57000000000001,32.538000000000004,0.0,-1.9380607350993726,0,108.78669066318055,114.49050410650042,-0.0,0.0,0.0,tucson,431012,12.973891210925675
39_82,39,82,-111.57000000000001,32.538000000000004,1.0,-1.9380607350993726,2,108.78669066318055,114.49050410650042,-1.9380607350993726,108.78669066318055,114.49050410650042,tucson,125527,11.740276153857035
39_83,39,83,-111.526,32.538000000000004,0.0,-2.3283973805555154,0,110.23032118573299,114.72630599888126,-0.0,0.0,0.0,tucson,431012,12.973891210925675
39_83,39,83,-111.526,32.538000000000004,1.0,-2.3283973805555154,2,110.23032118573299,114.72630599888126,-2.3283973805555154,110.23032118573299,114.72630599888126,tucson,125527,11.740276153857035
39_85,39,85,-111.438,32.538000000000004,0.0,-2.3780423662943493,3,113.10487003161406,115.64523703816198,-0.0,0.0,0.0,tucson,431012,12.973891210925675
39_85,39,85,-111.438,32.538000000000004,1.0,-2.3780423662943493,0,113.10487003161406,115.64523703816198,-2.3780423662943493,113.10487003161406,115.64523703816198,tucson,125527,11.740276153857035
39_86,39,86,-111.394,32.538000000000004,0.0,-1.5149958780075803,0,114.54897310010634,116.32482859212213,-0.0,0.0,0.0,tucson,431012,12.973891210925675
39_86,39,86,-111.394,32.538000000000004,1.0,-1.5149958780075803,1,114.54897310010634,116.32482859212213,-1.5149958780075803,114.54897310010634,116.32482859212213,tucson,125527,11.740276153857035
39_87,39,87,-111.35000000000001,32.538000000000004,0.0,-4.40353180320017,0,115.99419027212447,117.14794722291077,-0.0,0.0,0.0,tucson,431012,12.973891210925675
39_87,39,87,-111.35000000000001,32.538000000000004,1.0,-4.40353180320017,1,115.99419027212447,117.14794722291077,-4.40353180320017,115.99419027212447,117.14794722291077,tucson,125527,11.740276153857035
40_16,40,16,-114.474,32.582,0.0,0.8425623238516022,1,19.86243490883971,295.0703607920598,0.0,0.0,0.0,yuma,84933,11.349617989357553
40_16,40,16,-114.474,32.582,1.0,0.8425623238516022,0,19.86243490883971,295.0703607920598,0.8425623238516022,19.86243490883971,295.0703607920598,yuma,14620,9.59014573330377
40_49,40,49,-113.022,32.582,0.0,-1.6658943961148631,1,66.68462582523892,178.42345665374773,-0.0,0.0,0.0,yuma,84933,11.349617989357553
40_49,40,49,-113.022,32.582,1.0,-1.6658943961148631,0,66.68462582523892,178.42345665374773,-1.6658943961148631,66.68462582523892,178.42345665374773,yuma,14620,9.59014573330377
40_53,40,53,-112.846,32.582,0.0,-2.9978897961040487,1,72.40904589243449,166.4326419151307,-0.0,0.0,0.0,tucson,431012,12.973891210925675
40_53,40,53,-112.846,32.582,1.0,-2.9978897961040487,0,72.40904589243449,166.4326419151307,-2.9978897961040487,72.40904589243449,166.4326419151307,tucson,125527,11.740276153857035
40_57,40,57,-112.67,32.582,0.0,-0.2162606317100429,0,77.96622138414776,155.29839759964736,-0.0,0.0,0.0,tucson,431012,12.973891210925675
40_57,40,57,-112.67,32.582,1.0,-0.2162606317100429,1,77.96622138414776,155.29839759964736,-0.2162606317100429,77.96622138414776,155.29839759964736,tucson,125527,11.740276153857035
40_67,40,67,-112.23,32.582,0.0,-0.6815208610386303,1,91.99730878166837,132.58973910254207,-0.0,0.0,0.0,tucson,431012,12.973891210925675
40_67,40,67,-112.23,32.582,1.0,-0.6815208610386303,0,91.99730878166837,132.58973910254207,-0.6815208610386303,91.99730878166837,132.58973910254207,tucson,125527,11.740276153857035
40_68,40,68,-112.186,32.582,0.0,-0.7138657460436214,0,93.43940393752739,130.82899585110601,-0.0,0.0,0.0,tucson,431012,12.973891210925675
40_68,40,68,-112.186,32.582,1.0,-0.7138657460436214,2,93.43940393752739,130.82899585110601,-0.7138657460436214,93.43940393752739,130.82899585110601,tucson,125527,11.740276153857035
40_70,40,70,-112.098,32.582,0.0,0.9929553039564998,0,96.24604267466056,127.64085237302696,0.0,0.0,0.0,tucson,431012,12.973891210925675
40_70,40,70,-112.098,32.582,1.0,0.9929553039564998,1,96.24604267466056,127.64085237302696,0.9929553039564998,96.24604267466056,127.64085237302696,tucson,125527,11.740276153857035
40_71,40,71,-112.054,32.582,0.0,-0.6021750260090515,0,97.64324362324128,126.22186227694355,-0.0,0.0,0.0,tucson,431012,12.973891210925675
40_71,40,71,-112.054,32.582,1.0,-0.6021750260090515,1,97.64324362324128,126.22186227694355,-0.6021750260090515,97.64324362324128,126.22186227694355,tucson,125527,11.740276153857035
40_72,40,72,-112.01,32.582,0.0,-1.0008071432362367,0,99.07600845809584,124.92499940622183,-0.0,0.0,0.0,tucson,431012,12.973891210925675
40_72,40,72,-112.01,32.582,1.0,-1.0008071432362367,2,99.07600845809584,124.92499940622183,-1.0008071432362367,99.07600845809584,124.92499940622183,tucson,125527,11.740276153857035
40_73,40,73,-111.96600000000001,32.582,0.0,-0.9706923438871016,0,100.49827597401159,123.75409878884484,-0.0,0.0,0.0,tucson,431012,12.973891210925675
40_73,40,73,-111.96600000000001,32.582,1.0,-0.9706923438871016,1,100.49827597401159,123.75409878884484,-0.9706923438871016,100.49827597401159,123.75409878884484,tucson,125527,11.740276153857035
40_74,40,74,-111.922,32.582,0.0,-0.6901553106698395,1,101.92534690790397,122.71276189869003,-0.0,0.0,0.0,tucson,431012,12.973891210925675
40_74,40,74,-111.922,32.582,1.0,-0.6901553106698395,6,101.92534690790397,122.71276189869003,-0.6901553106698395,101.92534690790397,122.71276189869003,tucson,125527,11.740276153857035
40_77,40,77,-111.79,32.582,0.0,-1.0976912817980056,0,106.18828151688537,120.39762421955939,-0.0,0.0,0.0,tucson,431012,12.973891210925675
40_77,40,77,-111.79,32.582,1.0,-1.0976912817980056,1,106.18828151688537,120.39762421955939,-1.0976912817980056,106.18828151688537,120.39762421955939,tucson,125527,11.740276153857035
40_78,40,78,-111.74600000000001,32.582,0.0,0.08419342858205026,0,107.60982060244426,119.90420043626764,0.0,0.0,0.0,tucson,431012,12.973891210925675
40_78,40,78,-111.74600000000001,32.582,1.0,0.08419342858205026,9,107.60982060244426,119.90420043626764,0.08419342858205026,107.60982060244426,119.90420043626764,tucson,125527,11.740276153857035
40_79,40,79,-111.702,32.582,0.0,-0.07928479317707882,0,109.04913943262434,119.55319164592616,-0.0,0.0,0.0,tucson,431012,12.973891210925675
40_79,40,79,-111.702,32.582,1.0,-0.07928479317707882,2,109.04913943262434,119.55319164592616,-0.07928479317707882,109.04913943262434,119.55319164592616,tucson,125527,11.740276153857035
40_80,40,80,-111.658,32.582,0.0,-0.9735361433717952,0,110.4879203814833,119.34585132444558,-0.0,0.0,0.0,tucson,431012,12.973891210925675
40_80,40,80,-111.658,32.582,1.0,-0.9735361433717952,1,110.4879203814833,119.34585132444558,-0.9735361433717952,110.4879203814833,119.34585132444558,tucson,125527,11.740276153857035
40_82,40,82,-111.57000000000001,32.582,0.0,-1.6552553482675465,3,113.36318251707779,119.36464071881062,-0.0,0.0,0.0,tucson,431012,12.973891210925675
40_82,40,82,-111.57000000000001,32.582,1.0,-1.6552553482675465,2,113.36318251707779,119.36464071881062,-1.6552553482675465,113.36318251707779,119.36464071881062,tucson,125527,11.740276153857035
40_83,40,83,-111.526,32.582,0.0,-2.528634633988672,1,114.79353012696885,119.59069723107065,-0.0,0.0,0.0,tucson,431012,12.973891210925675
40_83,40,83,-111.526,32.582,1.0,-2.528634633988672,1,114.79353012696885,119.59069723107065,-2.528634633988672,114.79353012696885,119.59069723107065,tucson,125527,11.740276153857035
40_84,40,84,-111.482,32.582,0.0,-2.133752067465634,0,116.23952293645624,119.96027709342815,-0.0,0.0,0.0,tucson,431012,12.973891210925675
40_84,40,84,-111.482,32.582,1.0,-2.133752067465634,1,116.23952293645624,119.96027709342815,-2.133752067465634,116.23952293645624,119.96027709342815,tucson,125527,11.740276153857035
40_87,40,87,-111.35000000000001,32.582,0.0,-4.917481863266874,2,120.5620340507681,121.91455219279884,-0.0,0.0,0.0,tucson,431012,12.973891210925675
40_87,40,87,-111.35000000000001,32.582,1.0,-4.917481863266874,0,120.5620340507681,121.91455219279884,-4.917481863266874,120.5620340507681,121.91455219279884,tucson,125527,11.740276153857035
40_88,40,88,-111.306,32.582,0.0,-4.443342336602367,2,122.01890301487408,122.84034439187921,-0.0,0.0,0.0,tucson,431012,12.973891210925675
40_88,40,88,-111.306,32.582,1.0,-4.443342336602367,0,122.01890301487408,122.84034439187921,-4.443342336602367,122.01890301487408,122.84034439187921,tucson,125527,11.740276153857035
41_9,41,9,-114.782,32.626,0.0,3.947061970032114,2,0.2710104996104687,323.69254010686694,0.0,0.0,0.0,yuma,84933,11.349617989357553
41_9,41,9,-114.782,32.626,1.0,3.947061970032114,0,0.2710104996104687,323.69254010686694,3.947061970032114,0.2710104996104687,323.69254010686694,yuma,14620,9.59014573330377
41_24,41,24,-114.122,32.626,0.0,-0.24598196881039003,1,35.7514082609135,267.163682126782,-0.0,0.0,0.0,yuma,84933,11.349617989357553
41_24,41,24,-114.122,32.626,1.0,-0.24598196881039003,0,35.7514082609135,267.163682126782,-0.24598196881039003,35.7514082609135,267.163682126782,yuma,14620,9.59014573330377
41_45,41,45,-113.19800000000001,32.626,0.0,-0.7089733951289268,1,65.49504588325878,194.16531088357868,-0.0,0.0,0.0,yuma,84933,11.349617989357553
41_45,41,45,-113.19800000000001,32.626,1.0,-0.7089733951289268,0,65.49504588325878,194.16531088357868,-0.7089733951289268,65.49504588325878,194.16531088357868,yuma,14620,9.59014573330377
41_48,41,48,-113.066,32.626,0.0,-0.13108912158887476,0,69.81450050105681,184.753624094384,-0.0,0.0,0.0,yuma,84933,11.349617989357553
41_48,41,48,-113.066,32.626,1.0,-0.13108912158887476,1,69.81450050105681,184.753624094384,-0.13108912158887476,69.81450050105681,184.753624094384,yuma,14620,9.59014573330377
41_65,41,65,-112.318,32.626,0.0,-1.2862784360970219,0,93.72084358431714,140.7008901822803,-0.0,0.0,0.0,tucson,431012,12.973891210925675
41_65,41,65,-112.318,32.626,1.0,-1.2862784360970219,1,93.72084358431714,140.7008901822803,-1.2862784360970219,93.72084358431714,140.7008901822803,tucson,125527,11.740276153857035
41_68,41,68,-112.186,32.626,0.0,-1.4082145868112224,2,97.9989817458443,135.28635352193027,-0.0,0.0,0.0,tucson,431012,12.973891210925675
41_68,41,68,-112.186,32.626,1.0,-1.4082145868112224,0,97.9989817458443,135.28635352193027,-1.4082145868112224,97.9989817458443,135.28635352193027,tucson,125527,11.740276153857035
41_69,41,69,-112.142,32.626,0.0,-0.12931306256342162,0,99.4486307087138,133.69110157438055,-0.0,0.0,0.0,tucson,431012,12.973891210925675
41_69,41,69,-112.142,32.626,1.0,-0.12931306256342162,2,99.4486307087138,133.69110157438055,-0.12931306256342162,99.4486307087138,133.69110157438055,tucson,125527,11.740276153857035
41_72,41,72,-112.01,32.626,0.0,-1.283596086498152,1,103.64545176863795,129.58825238600798,-0.0,0.0,0.0,tucson,431012,12.973891210925675
41_72,41,72,-112.01,32.626,1.0,-1.283596086498152,0,103.64545176863795,129.58825238600798,-1.283596086498152,103.64545176863795,129.58825238600798,tucson,125527,11.740276153857035
41_73,41,73,-111.96600000000001,32.626,0.0,-0.9734773376699615,4,105.07913473427003,128.46037436791028,-0.0,0.0,0.0,tucson,431012,12.973891210925675
41_73,41,73,-111.96600000000001,32.626,1.0,-0.9734773376699615,0,105.07913473427003,128.46037436791028,-0.9734773376699615,105.07913473427003,128.46037436791028,tucson,125527,11.740276153857035
41_75,41,75,-111.878,32.626,0.0,-0.5560776254288646,0,107.91983930690725,126.58393783243203,-0.0,0.0,0.0,tucson,431012,12.973891210925675
41_75,41,75,-111.878,32.626,1.0,-0.5560776254288646,3,107.91983930690725,126.58393783243203,-0.5560776254288646,107.91983930690725,126.58393783243203,tucson,125527,11.740276153857035
41_76,41,76,-111.834,32.626,0.0,-1.5224022531490067,0,109.3301438748246,125.84102778982688,-0.0,0.0,0.0,tucson,431012,12.973891210925675
41_76,41,76,-111.834,32.626,1.0,-1.5224022531490067,1,109.3301438748246,125.84102778982688,-1.5224022531490067,109.3301438748246,125.84102778982688,tucson,125527,11.740276153857035
41_80,41,80,-111.658,32.626,0.0,-1.0776856855568362,0,115.06509621588671,124.2211028847716,-0.0,0.0,0.0,tucson,431012,12.973891210925675
41_80,41,80,-111.658,32.626,1.0,-1.0776856855568362,1,115.06509621588671,124.2211028847716,-1.0776856855568362,115.06509621588671,124.2211028847716,tucson,125527,11.740276153857035
41_82,41,82,-111.57000000000001,32.626,0.0,-0.6621150549273767,1,117.93226188360347,124.23909007431148,-0.0,0.0,0.0,tucson,431012,12.973891210925675
41_82,41,82,-111.57000000000001,32.626,1.0,-0.6621150549273767,0,117.93226188360347,124.23909007431148,-0.6621150549273767,117.93226188360347,124.23909007431148,tucson,125527,11.740276153857035
41_87,41,87,-111.35000000000001,32.626,0.0,-2.9141982804685442,2,125.13159462215292,126.68964159419394,-0.0,0.0,0.0,tucson,431012,12.973891210925675
41_87,41,87,-111.35000000000001,32.626,1.0,-2.9141982804685442,1,125.13159462215292,126.68964159419394,-2.9141982804685442,125.13159462215292,126.68964159419394,tucson,125527,11.740276153857035
41_88,41,88,-111.306,32.626,0.0,-3.9440665575584424,1,126.58011136097409,127.58033937050116,-0.0,0.0,0.0,tucson,431012,12.973891210925675
41_88,41,88,-111.306,32.626,1.0,-3.9440665575584424,0,126.58011136097409,127.58033937050116,-3.9440665575584424,126.58011136097409,127.58033937050116,tucson,125527,11.740276153857035
42_10,42,10,-114.738,32.67,0.0,3.3392307645768087,0,0.6698128863442632,321.71693520174796,0.0,0.0,0.0,yuma,84933,11.349617989357553
42_10,42,10,-114.738,32.67,1.0,3.3392307645768087,1,0.6698128863442632,321.71693520174796,3.3392307645768087,0.6698128863442632,321.71693520174796,yuma,14620,9.59014573330377
42_43,42,43,-113.286,32.67,0.0,-1.1058947929845762,1,67.20029198567171,203.6516162057421,-0.0,0.0,0.0,yuma,84933,11.349617989357553
42_43,42,43,-113.286,32.67,1.0,-1.1058947929845762,0,67.20029198567171,203.6516162057421,-1.1058947929845762,67.20029198567171,203.6516162057421,yuma,14620,9.59014573330377
42_45,42,45,-113.19800000000001,32.67,0.0,-0.451221901648332,1,70.0655745817579,197.2939167108189,-0.0,0.0,0.0,yuma,84933,11.349617989357553
42_45,42,45,-113.19800000000001,32.67,1.0,-0.451221901648332,0,70.0655745817579,197.2939167108189,-0.451221901648332,70.0655745817579,197.2939167108189,yuma,14620,9.59014573330377
42_69,42,69,-112.142,32.67,0.0,-1.6873411324819823,1,104.02977184090646,138.22906773780088,-0.0,0.0,0.0,tucson,431012,12.973891210925675
42_69,42,69,-112.142,32.67,1.0,-1.6873411324819823,2,104.02977184090646,138.22906773780088,-1.6873411324819823,104.02977184090646,138.22906773780088,tucson,125527,11.740276153857035
42_70,42,70,-112.098,32.67,0.0,-1.3828513937765263,1,105.40718396327395,136.79502919372575,-0.0,0.0,0.0,tucson,431012,12.973891210925675
42_70,42,70,-112.098,32.67,1.0,-1.3828513937765263,1,105.40718396327395,136.79502919372575,-1.3828513937765263,105.40718396327395,136.79502919372575,tucson,125527,11.740276153857035
42_71,42,71,-112.054,32.67,0.0,-1.7869374930157405,3,106.82620928313634,135.4731666466599,-0.0,0.0,0.0,tucson,431012,12.973891210925675
42_71,42,71,-112.054,32.67,1.0,-1.7869374930157405,2,106.82620928313634,135.4731666466599,-1.7869374930157405,106.82620928313634,135.4731666466599,tucson,125527,11.740276153857035
42_72,42,72,-112.01,32.67,0.0,-1.5925397284921197,3,108.2199300448704,134.26678896424303,-0.0,0.0,0.0,tucson,431012,12.973891210925675
42_72,42,72,-112.01,32.67,1.0,-1.5925397284921197,2,108.2199300448704,134.26678896424303,-1.5925397284921197,108.2199300448704,134.26678896424303,tucson,125527,11.740276153857035
42_74,42,74,-111.922,32.67,0.0,-0.9425560776252362,0,111.07768143995267,132.21281456166605,-0.0,0.0,0.0,tucson,431012,12.973891210925675
42_74,42,74,-111.922,32.67,1.0,-0.9425560776252362,1,111.07768143995267,132.21281456166605,-0.9425560776252362,111.07768143995267,132.21281456166605,tucson,125527,11.740276153857035
42_75,42,75,-111.878,32.67,0.0,-0.11279636739026683,0,112.50257036113895,131.37081966964408,-0.0,0.0,0.0,tucson,431012,12.973891210925675
42_75,42,75,-111.878,32.67,1.0,-0.11279636739026683,1,112.50257036113895,131.37081966964408,-0.11279636739026683,112.50257036113895,131.37081966964408,tucson,125527,11.740276153857035
42_76,42,76,-111.834,32.67,0.0,-1.432224273531482,0,113.91370792318006,130.6554436369357,-0.0,0.0,0.0,tucson,431012,12.973891210925675
42_76,42,76,-111.834,32.67,1.0,-1.432224273531482,1,113.91370792318006,130.6554436369357,-1.432224273531482,113.91370792318006,130.6554436369357,tucson,125527,11.740276153857035
42_79,42,79,-111.702,32.67,0.0,-1.0994372966901818,1,118.19371757326955,129.2881546123718,-0.0,0.0,0.0,tucson,431012,12.973891210925675
42_79,42,79,-111.702,32.67,1.0,-1.0994372966901818,0,118.19371757326955,129.2881546123718,-1.0994372966901818,118.19371757326955,129.2881546123718,tucson,125527,11.740276153857035
42_80,42,80,-111.658,32.67,0.0,-1.744248572788254,1,119.63248373898094,129.09657719213814,-0.0,0.0,0.0,tucson,431012,12.973891210925675
42_80,42,80,-111.658,32.67,1.0,-1.744248572788254,0,119.63248373898094,129.09657719213814,-1.744248572788254,119.63248373898094,129.09657719213814,tucson,125527,11.740276153857035
42_85,42,85,-111.438,32.67,0.0,-3.7502296066154157,0,126.8215375289035,130.13717028664308,-0.0,0.0,0.0,tucson,431012,12.973891210925675
42_85,42,85,-111.438,32.67,1.0,-3.7502296066154157,1,126.8215375289035,130.13717028664308,-3.7502296066154157,126.8215375289035,130.13717028664308,tucson,125527,11.740276153857035
42_86,42,86,-111.394,32.67,0.0,-3.2958681311217615,1,128.2581027792647,130.74051705461704,-0.0,0.0,0.0,tucson,431012,12.973891210925675
42_86,42,86,-111.394,32.67,1.0,-3.2958681311217615,1,128.2581027792647,130.74051705461704,-3.2958681311217615,128.2581027792647,130.74051705461704,tucson,125527,11.740276153857035
43_14,43,14,-114.562,32.714,0.0,2.716212147411554,2,15.428188993732528,308.5808857301519,0.0,0.0,0.0,yuma,84933,11.349617989357553
43_14,43,14,-114.562,32.714,1.0,2.716212147411554,0,15.428188993732528,308.5808857301519,2.716212147411554,15.428188993732528,308.5808857301519,yuma,14620,9.59014573330377
43_43,43,43,-113.286,32.714,0.0,-1.5237350415209356,1,71.77721383272484,206.74890250208756,-0.0,0.0,0.0,yuma,84933,11.349617989357553
43_43,43,43,-113.286,32.714,1.0,-1.5237350415209356,0,71.77721383272484,206.74890250208756,-1.5237350415209356,71.77721383272484,206.74890250208756,yuma,14620,9.59014573330377
43_44,43,44,-113.242,32.714,0.0,-1.4584126145742629,2,73.209852300434,203.60230507097108,-0.0,0.0,0.0,yuma,84933,11.349617989357553
43_44,43,44,-113.242,32.714,1.0,-1.4584126145742629,0,73.209852300434,203.60230507097108,-1.4584126145742629,73.209852300434,203.60230507097108,yuma,14620,9.59014573330377
43_68,43,68,-112.186,32.714,0.0,-2.1566065646257644,1,107.15428562787139,144.28281764345576,-0.0,0.0,0.0,tucson,431012,12.973891210925675
43_68,43,68,-112.186,32.714,1.0,-2.1566065646257644,0,107.15428562787139,144.28281764345576,-2.1566065646257644,107.15428562787139,144.28281764345576,tucson,125527,11.740276153857035
43_70,43,70,-112.098,32.714,0.0,-1.7656785061434297,2,110.01197513904945,141.40234037486226,-0.0,0.0,0.0,tucson,431012,12.973891210925675
43_70,43,70,-112.098,32.714,1.0,-1.7656785061434297,2,110.01197513904945,141.40234037486226,-1.7656785061434297,110.01197513904945,141.40234037486226,tucson,125527,11.740276153857035
43_72,43,72,-112.01,32.714,0.0,-1.3753480714105695,0,112.8199008588563,138.95906900264845,-0.0,0.0,0.0,tucson,431012,12.973891210925675
43_72,43,72,-112.01,32.714,1.0,-1.3753480714105695,1,112.8199008588563,138.95906900264845,-1.3753480714105695,112.8199008588563,138.95906900264845,tucson,125527,11.740276153857035
43_73,43,73,-111.96600000000001,32.714,0.0,-0.9855757288421578,1,114.231616556952,137.90879948595855,-0.0,0.0,0.0,tucson,431012,12.973891210925675
43_73,43,73,-111.96600000000001,32.714,1.0,-0.9855757288421578,0,114.231616556952,137.90879948595855,-0.9855757288421578,114.231616556952,137.90879948595855,tucson,125527,11.740276153857035
43_74,43,74,-111.922,32.714,0.0,-2.049767882426081,0,115.6613708944975,136.9763681156948,-0.0,0.0,0.0,tucson,431012,12.973891210925675
43_74,43,74,-111.922,32.714,1.0,-2.049767882426081,2,115.6613708944975,136.9763681156948,-2.049767882426081,115.6613708944975,136.9763681156948,tucson,125527,11.740276153857035
43_78,43,78,-111.74600000000001,32.714,0.0,-1.049426591407233,2,121.34248591700695,134.4693396779568,-0.0,0.0,0.0,tucson,431012,12.973891210925675
43_78,43,78,-111.74600000000001,32.714,1.0,-1.049426591407233,1,121.34248591700695,134.4693396779568,-1.049426591407233,121.34248591700695,134.4693396779568,tucson,125527,11.740276153857035
43_82,43,82,-111.57000000000001,32.714,0.0,-1.8632759867217046,0,127.07030155437354,133.98880544525235,-0.0,0.0,0.0,tucson,431012,12.973891210925675
43_82,43,82,-111.57000000000001,32.714,1.0,-1.8632759867217046,1,127.07030155437354,133.98880544525235,-1.8632759867217046,127.07030155437354,133.98880544525235,tucson,125527,11.740276153857035
43_83,43,83,-111.526,32.714,0.0,-1.9857894889001673,2,128.51750495164663,134.18986072683455,-0.0,0.0,0.0,tucson,431012,12.973891210925675
43_83,43,83,-111.526,32.714,1.0,-1.9857894889001673,0,128.51750495164663,134.18986072683455,-1.9857894889001673,128.51750495164663,134.18986072683455,tucson,125527,11.740276153857035
43_84,43,84,-111.482,32.714,0.0,-2.72531013444644,0,129.9481231773981,134.51878734995225,-0.0,0.0,0.0,tucson,431012,12.973891210925675
43_84,43,84,-111.482,32.714,1.0,-2.72531013444644,1,129.9481231773981,134.51878734995225,-2.72531013444644,129.9481231773981,134.51878734995225,tucson,125527,11.740276153857035
43_88,43,88,-111.306,32.714,0.0,-3.243160542035066,0,135.71401713393942,137.0894015216317,-0.0,0.0,0.0,tucson,431012,12.973891210925675
43_88,43,88,-111.306,32.714,1.0,-3.243160542035066,1,135.71401713393942,137.0894015216317,-3.243160542035066,135.71401713393942,137.0894015216317,tucson,125527,11.740276153857035
44_44,44,44,-113.242,32.758,0.0,-1.7751533878945351,2,77.7860918623875,206.8169186098936,-0.0,0.0,0.0,yuma,84933,11.349617989357553
44_44,44,44,-113.242,32.758,1.0,-1.7751533878945351,0,77.7860918623875,206.8169186098936,-1.7751533878945351,77.7860918623875,206.8169186098936,yuma,14620,9.59014573330377
44_49,44,49,-113.022,32.758,0.0,-1.5896701901149317,1,84.97335290163838,191.93179356838294,-0.0,0.0,0.0,yuma,84933,11.349617989357553
44_49,44,49,-113.022,32.758,1.0,-1.5896701901149317,0,84.97335290163838,191.93179356838294,-1.5896701901149317,84.97335290163838,191.93179356838294,yuma,14620,9.59014573330377
44_67,44,67,-112.23,32.758,0.0,-2.595722465007762,0,110.26897451409961,150.3644179748407,-0.0,0.0,0.0,tucson,431012,12.973891210925675
44_67,44,67,-112.23,32.758,1.0,-2.595722465007762,2,110.26897451409961,150.3644179748407,-2.595722465007762,110.26897451409961,150.3644179748407,tucson,125527,11.740276153857035
44_68,44,68,-112.186,32.758,0.0,-1.369607162743863,0,111.73841402525723,148.81698885546334,-0.0,0.0,0.0,tucson,431012,12.973891210925675
44_68,44,68,-112.186,32.758,1.0,-1.369607162743863,2,111.73841402525723,148.81698885546334,-1.369607162743863,111.73841402525723,148.81698885546334,tucson,125527,11.740276153857035
44_70,44,70,-112.098,32.758,0.0,-0.9691983736297787,2,114.61940829890209,146.02726457959238,-0.0,0.0,0.0,tucson,431012,12.973891210925675
44_70,44,70,-112.098,32.758,1.0,-0.9691983736297787,1,114.61940829890209,146.02726457959238,-0.9691983736297787,114.61940829890209,146.02726457959238,tucson,125527,11.740276153857035
44_71,44,71,-112.054,32.758,0.0,-2.4087650600851083,1,115.98450107752574,144.7908401388376,-0.0,0.0,0.0,tucson,431012,12.973891210925675
44_71,44,71,-112.054,32.758,1.0,-2.4087650600851083,1,115.98450107752574,144.7908401388376,-2.4087650600851083,115.98450107752574,144.7908401388376,tucson,125527,11.740276153857035
44_72,44,72,-112.01,32.758,0.0,-2.2906199817562873,1,117.40492015983615,143.66374932404568,-0.0,0.0,0.0,tucson,431012,12.973891210925675
44_72,44,72,-112.01,32.758,1.0,-2.2906199817562873,0,117.40492015983615,143.66374932404568,-2.2906199817562873,117.40492015983615,143.66374932404568,tucson,125527,11.740276153857035
44_73,44,73,-111.96600000000001,32.758,0.0,-2.4231936319842013,0,118.79846657493162,142.64857989091487,-0.0,0.0,0.0,tucson,431012,12.973891210925675
44_73,44,73,-111.96600000000001,32.758,1.0,-2.4231936319842013,2,118.79846657493162,142.64857989091487,-2.4231936319842013,118.79846657493162,142.64857989091487,tucson,125527,11.740276153857035
44_75,44,75,-111.878,32.758,0.0,-2.8280907715199426,0,121.65833464208283,140.96339642446708,-0.0,0.0,0.0,tucson,431012,12.973891210925675
44_75,44,75,-111.878,32.758,1.0,-2.8280907715199426,2,121.65833464208283,140.96339642446708,-2.8280907715199426,121.65833464208283,140.96339642446708,tucson,125527,11.740276153857035
44_80,44,80,-111.658,32.758,0.0,-2.7639596222579397,1,128.77612347678456,138.84811462097502,-0.0,0.0,0.0,tucson,431012,12.973891210925675
44_80,44,80,-111.658,32.758,1.0,-2.7639596222579397,0,128.77612347678456,138.84811462097502,-2.7639596222579397,128.77612347678456,138.84811462097502,tucson,125527,11.740276153857035
44_81,44,81,-111.614,32.758,0.0,-2.9999634351693394,2,130.21405329062944,138.79402712785432,-0.0,0.0,0.0,tucson,431012,12.973891210925675
44_81,44,81,-111.614,32.758,1.0,-2.9999634351693394,0,130.21405329062944,138.79402712785432,-2.9999634351693394,130.21405329062944,138.79402712785432,tucson,125527,11.740276153857035
44_82,44,82,-111.57000000000001,32.758,0.0,-2.715223670846879,2,131.64641950807433,138.86402134934622,-0.0,0.0,0.0,tucson,431012,12.973891210925675
44_82,44,82,-111.57000000000001,32.758,1.0,-2.715223670846879,0,131.64641950807433,138.86402134934622,-2.715223670846879,131.64641950807433,138.86402134934622,tucson,125527,11.740276153857035
44_84,44,84,-111.482,32.758,0.0,-1.6581352842695485,0,134.5280541464279,139.37516762895012,-0.0,0.0,0.0,tucson,431012,12.973891210925675
44_84,44,84,-111.482,32.758,1.0,-1.6581352842695485,1,134.5280541464279,139.37516762895012,-1.6581352842695485,134.5280541464279,139.37516762895012,tucson,125527,11.740276153857035
44_85,44,85,-111.438,32.758,0.0,-2.7610095467191518,0,135.96355917701294,139.81495919106425,-0.0,0.0,0.0,tucson,431012,12.973891210925675
44_85,44,85,-111.438,32.758,1.0,-2.7610095467191518,1,135.96355917701294,139.81495919106425,-2.7610095467191518,135.96355917701294,139.81495919106425,tucson,125527,11.740276153857035
45_42,45,42,-113.33,32.802,0.0,-1.3981097847958943,1,79.50135431453779,216.22828785962994,-0.0,0.0,0.0,yuma,84933,11.349617989357553
45_42,45,42,-113.33,32.802,1.0,-1.3981097847958943,0,79.50135431453779,216.22828785962994,-1.3981097847958943,79.50135431453779,216.22828785962994,yuma,14620,9.59014573330377
45_43,45,43,-113.286,32.802,0.0,-2.377677328839209,1,80.92584034334115,213.14356590725896,-0.0,0.0,0.0,yuma,84933,11.349617989357553
45_43,45,43,-113.286,32.802,1.0,-2.377677328839209,0,80.92584034334115,213.14356590725896,-2.377677328839209,80.92584034334115,213.14356590725896,yuma,14620,9.59014573330377
45_51,45,51,-112.934,32.802,0.0,-2.4010903485553,3,92.43180128238463,189.93649073665057,-0.0,0.0,0.0,tucson,431012,12.973891210925675
45_51,45,51,-112.934,32.802,1.0,-2.4010903485553,0,92.43180128238463,189.93649073665057,-2.4010903485553,92.43180128238463,189.93649073665057,tucson,125527,11.740276153857035
45_52,45,52,-112.89,32.802,0.0,-2.795596178921315,1,93.87192467114582,187.24783151616714,-0.0,0.0,0.0,tucson,431012,12.973891210925675
45_52,45,52,-112.89,32.802,1.0,-2.795596178921315,0,93.87192467114582,187.24783151616714,-2.795596178921315,93.87192467114582,187.24783151616714,tucson,125527,11.740276153857035
45_63,45,63,-112.406,32.802,0.0,-2.747609515199519,0,109.2957848146242,161.80639841677814,-0.0,0.0,0.0,tucson,431012,12.973891210925675
45_63,45,63,-112.406,32.802,1.0,-2.747609515199519,1,109.2957848146242,161.80639841677814,-2.747609515199519,109.2957848146242,161.80639841677814,tucson,125527,11.740276153857035
45_67,45,67,-112.23,32.802,0.0,-2.9468758892521776,1,114.85775616658576,154.8735310835049,-0.0,0.0,0.0,tucson,431012,12.973891210925675
45_67,45,67,-112.23,32.802,1.0,-2.9468758892521776,1,114.85775616658576,154.8735310835049,-2.9468758892521776,114.85775616658576,154.8735310835049,tucson,125527,11.740276153857035
45_68,45,68,-112.186,32.802,0.0,-2.3218134605008722,1,116.29382464875778,153.37229431332372,-0.0,0.0,0.0,tucson,431012,12.973891210925675
45_68,45,68,-112.186,32.802,1.0,-2.3218134605008722,3,116.29382464875778,153.37229431332372,-2.3218134605008722,116.29382464875778,153.37229431332372,tucson,125527,11.740276153857035
45_69,45,69,-112.142,32.802,0.0,-1.518303695026055,0,117.73416712113003,151.96959567760194,-0.0,0.0,0.0,tucson,431012,12.973891210925675
45_69,45,69,-112.142,32.802,1.0,-1.518303695026055,3,117.73416712113003,151.96959567760194,-1.518303695026055,117.73416712113003,151.96959567760194,tucson,125527,11.740276153857035
45_71,45,71,-112.054,32.802,0.0,-2.706114425974037,0,120.57949293631977,149.4706984038646,-0.0,0.0,0.0,tucson,431012,12.973891210925675
45_71,45,71,-112.054,32.802,1.0,-2.706114425974037,4,120.57949293631977,149.4706984038646,-2.706114425974037,120.57949293631977,149.4706984038646,tucson,125527,11.740276153857035
45_72,45,72,-112.01,32.802,0.0,-2.8731940005038825,2,121.98489812580448,148.37965376158516,-0.0,0.0,0.0,tucson,431012,12.973891210925675
45_72,45,72,-112.01,32.802,1.0,-2.8731940005038825,2,121.98489812580448,148.37965376158516,-2.8731940005038825,121.98489812580448,148.37965376158516,tucson,125527,11.740276153857035
45_73,45,73,-111.96600000000001,32.802,0.0,-3.131728309859127,0,123.38919581408682,147.39740915478222,-0.0,0.0,0.0,tucson,431012,12.973891210925675
45_73,45,73,-111.96600000000001,32.802,1.0,-3.131728309859127,3,123.38919581408682,147.39740915478222,-3.131728309859127,123.38919581408682,147.39740915478222,tucson,125527,11.740276153857035
45_74,45,74,-111.922,32.802,0.0,-2.5022419368777564,0,124.8111303464422,146.526149063631,-0.0,0.0,0.0,tucson,431012,12.973891210925675
45_74,45,74,-111.922,32.802,1.0,-2.5022419368777564,1,124.8111303464422,146.526149063631,-2.5022419368777564,124.8111303464422,146.526149063631,tucson,125527,11.740276153857035
45_75,45,75,-111.878,32.802,0.0,-3.069698838410121,0,126.24168481096983,145.76786016351264,-0.0,0.0,0.0,tucson,431012,12.973891210925675
45_75,45,75,-111.878,32.802,1.0,-3.069698838410121,1,126.24168481096983,145.76786016351264,-3.069698838410121,126.24168481096983,145.76786016351264,tucson,125527,11.740276153857035
45_76,45,76,-111.834,32.802,0.0,-3.22708126065745,0,127.66091108578244,145.1243100717169,-0.0,0.0,0.0,tucson,431012,12.973891210925675
45_76,45,76,-111.834,32.802,1.0,-3.22708126065745,2,127.66091108578244,145.1243100717169,-3.22708126065745,127.66091108578244,145.1243100717169,tucson,125527,11.740276153857035
45_79,45,79,-111.702,32.802,0.0,-2.8781594598810907,2,131.9228445137167,143.89608538535742,-0.0,0.0,0.0,tucson,431012,12.973891210925675
45_79,45,79,-111.702,32.802,1.0,-2.8781594598810907,1,131.9228445137167,143.89608538535742,-2.8781594598810907,131.9228445137167,143.89608538535742,tucson,125527,11.740276153857035
45_81,45,81,-111.614,32.802,0.0,-2.632704089000839,5,134.78415594992987,143.67188964049026,-0.0,0.0,0.0,tucson,431012,12.973891210925675
45_81,45,81,-111.614,32.802,1.0,-2.632704089000839,0,134.78415594992987,143.67188964049026,-2.632704089000839,134.78415594992987,143.67188964049026,tucson,125527,11.740276153857035
46_32,46,32,-113.77,32.846000000000004,0.0,0.3146165422764149,0,69.86562536420283,251.6021597428385,0.0,0.0,0.0,yuma,84933,11.349617989357553
46_32,46,32,-113.77,32.846000000000004,1.0,0.3146165422764149,1,69.86562536420283,251.6021597428385,0.3146165422764149,69.86562536420283,251.6021597428385,yuma,14620,9.59014573330377
46_43,46,43,-113.286,32.846000000000004,0.0,-2.804253663141806,0,85.50766592981283,216.43503571549215,-0.0,0.0,0.0,yuma,84933,11.349617989357553
46_43,46,43,-113.286,32.846000000000004,1.0,-2.804253663141806,1,85.50766592981283,216.43503571549215,-2.804253663141806,85.50766592981283,216.43503571549215,yuma,14620,9.59014573330377
46_45,46,45,-113.19800000000001,32.846000000000004,0.0,-2.542326846431231,1,88.37134193004096,210.47522196109963,-0.0,0.0,0.0,yuma,84933,11.349617989357553
46_45,46,45,-113.19800000000001,32.846000000000004,1.0,-2.542326846431231,0,88.37134193004096,210.47522196109963,-2.542326846431231,88.37134193004096,210.47522196109963,yuma,14620,9.59014573330377
46_51,46,51,-112.934,32.846000000000004,0.0,-2.8913238849194935,2,96.99977330662658,193.6342000426277,-0.0,0.0,0.0,tucson,431012,12.973891210925675
46_51,46,51,-112.934,32.846000000000004,1.0,-2.8913238849194935,0,96.99977330662658,193.6342000426277,-2.8913238849194935,96.99977330662658,193.6342000426277,tucson,125527,11.740276153857035
46_52,46,52,-112.89,32.846000000000004,0.0,-2.147460598007898,1,98.44421426549079,190.99884236427127,-0.0,0.0,0.0,tucson,431012,12.973891210925675
46_52,46,52,-112.89,32.846000000000004,1.0,-2.147460598007898,0,98.44421426549079,190.99884236427127,-2.147460598007898,98.44421426549079,190.99884236427127,tucson,125527,11.740276153857035
46_58,46,58,-112.626,32.846000000000004,0.0,-2.5732542197681916,1,106.91323305607855,176.41494095499144,-0.0,0.0,0.0,tucson,431012,12.973891210925675
46_58,46,58,-112.626,32.846000000000004,1.0,-2.5732542197681916,0,106.91323305607855,176.41494095499144,-2.5732542197681916,106.91323305607855,176.41494095499144,tucson,125527,11.740276153857035
46_65,46,65,-112.318,32.846000000000004,0.0,-3.4216078227873608,1,116.69584350221025,162.59808871509676,-0.0,0.0,0.0,tucson,431012,12.973891210925675
46_65,46,65,-112.318,32.846000000000004,1.0,-3.4216078227873608,0,116.69584350221025,162.59808871509676,-3.4216078227873608,116.69584350221025,162.59808871509676,tucson,125527,11.740276153857035
46_68,46,68,-112.186,32.846000000000004,0.0,-2.8263015332325288,0,120.85010009611021,157.9469085883843,-0.0,0.0,0.0,tucson,431012,12.973891210925675
46_68,46,68,-112.186,32.846000000000004,1.0,-2.8263015332325288,3,120.85010009611021,157.9469085883843,-2.8263015332325288,120.85010009611021,157.9469085883843,tucson,125527,11.740276153857035
46_69,46,69,-112.142,32.846000000000004,0.0,-2.7510990380539444,0,122.3150987842994,156.58581892398777,-0.0,0.0,0.0,tucson,431012,12.973891210925675
46_69,46,69,-112.142,32.846000000000004,1.0,-2.7510990380539444,2,122.3150987842994,156.58581892398777,-2.7510990380539444,122.3150987842994,156.58581892398777,tucson,125527,11.740276153857035
46_71,46,71,-112.054,32.846000000000004,0.0,-3.0359301515606076,0,125.19597106041033,154.1628748944917,-0.0,0.0,0.0,tucson,431012,12.973891210925675
46_71,46,71,-112.054,32.846000000000004,1.0,-3.0359301515606076,4,125.19597106041033,154.1628748944917,-3.0359301515606076,125.19597106041033,154.1628748944917,tucson,125527,11.740276153857035
46_72,46,72,-112.01,32.846000000000004,0.0,-2.197228821828996,1,126.56312639147768,153.10574841285276,-0.0,0.0,0.0,tucson,431012,12.973891210925675
46_72,46,72,-112.01,32.846000000000004,1.0,-2.197228821828996,2,126.56312639147768,153.10574841285276,-2.197228821828996,126.56312639147768,153.10574841285276,tucson,125527,11.740276153857035
46_74,46,74,-111.922,32.846000000000004,0.0,-2.0822912576632255,1,129.3780165008733,151.31095203764926,-0.0,0.0,0.0,tucson,431012,12.973891210925675
46_74,46,74,-111.922,32.846000000000004,1.0,-2.0822912576632255,1,129.3780165008733,151.31095203764926,-2.0822912576632255,129.3780165008733,151.31095203764926,tucson,125527,11.740276153857035
46_77,46,77,-111.79,32.846000000000004,0.0,-3.4115807833496303,1,133.65873606007716,149.4444188614955,-0.0,0.0,0.0,tucson,431012,12.973891210925675
46_77,46,77,-111.79,32.846000000000004,1.0,-3.4115807833496303,0,133.65873606007716,149.4444188614955,-3.4115807833496303,133.65873606007716,149.4444188614955,tucson,125527,11.740276153857035
46_79,46,79,-111.702,32.846000000000004,0.0,-2.066088063651094,0,136.49704954642058,148.76658483345335,-0.0,0.0,0.0,tucson,431012,12.973891210925675
46_79,46,79,-111.702,32.846000000000004,1.0,-2.066088063651094,1,136.49704954642058,148.76658483345335,-2.066088063651094,136.49704954642058,148.76658483345335,tucson,125527,11.740276153857035
46_80,46,80,-111.658,32.846000000000004,0.0,-1.8683569792239485,1,137.92253887868085,148.60033084154838,-0.0,0.0,0.0,tucson,431012,12.973891210925675
46_80,46,80,-111.658,32.846000000000004,1.0,-1.8683569792239485,0,137.92253887868085,148.60033084154838,-1.8683569792239485,137.92253887868085,148.60033084154838,tucson,125527,11.740276153857035
46_82,46,82,-111.57000000000001,32.846000000000004,0.0,-2.8908772143026615,1,140.7958933951228,148.61506898871264,-0.0,0.0,0.0,tucson,431012,12.973891210925675
46_82,46,82,-111.57000000000001,32.846000000000004,1.0,-2.8908772143026615,0,140.7958933951228,148.61506898871264,-2.8908772143026615,140.7958933951228,148.61506898871264,tucson,125527,11.740276153857035
46_90,46,90,-111.218,32.846000000000004,0.0,-4.031125238684729,0,152.30699813151148,153.23396687718798,-0.0,0.0,0.0,tucson,431012,12.973891210925675
46_90,46,90,-111.218,32.846000000000004,1.0,-4.031125238684729,9,152.30699813151148,153.23396687718798,-4.031125238684729,152.30699813151148,153.23396687718798,tucson,125527,11.740276153857035
47_55,47,55,-112.75800000000001,32.89,0.0,-2.9797945511338817,1,107.33199818456923,187.3875604091425,-0.0,0.0,0.0,tucson,431012,12.973891210925675
47_55,47,55,-112.75800000000001,32.89,1.0,-2.9797945511338817,0,107.33199818456923,187.3875604091425,-2.9797945511338817,107.33199818456923,187.3875604091425,tucson,125527,11.740276153857035
47_68,47,68,-112.186,32.89,0.0,-1.7604841193624332,0,125.43066493243084,162.53920442377824,-0.0,0.0,0.0,tucson,431012,12.973891210925675
47_68,47,68,-112.186,32.89,1.0,-1.7604841193624332,1,125.43066493243084,162.53920442377824,-1.7604841193624332,125.43066493243084,162.53920442377824,tucson,125527,11.740276153857035
47_69,47,69,-112.142,32.89,0.0,-2.1125741531855224,0,126.88078245617945,161.21749560178992,-0.0,0.0,0.0,tucson,431012,12.973891210925675
47_69,47,69,-112.142,32.89,1.0,-2.1125741531855224,1,126.88078245617945,161.21749560178992,-2.1125741531855224,126.88078245617945,161.21749560178992,tucson,125527,11.740276153857035
47_77,47,77,-111.79,32.89,0.0,-2.4362958424189527,1,138.24058168462332,154.2937708170563,-0.0,0.0,0.0,tucson,431012,12.973891210925675
47_77,47,77,-111.79,32.89,1.0,-2.4362958424189527,0,138.24058168462332,154.2937708170563,-2.4362958424189527,138.24058168462332,154.2937708170563,tucson,125527,11.740276153857035
47_78,47,78,-111.74600000000001,32.89,0.0,-3.6892870475573996,1,139.65340971134123,153.91015635849843,-0.0,0.0,0.0,tucson,431012,12.973891210925675
47_78,47,78,-111.74600000000001,32.89,1.0,-3.6892870475573996,4,139.65340971134123,153.91015635849843,-3.6892870475573996,139.65340971134123,153.91015635849843,tucson,125527,11.740276153857035
47_79,47,79,-111.702,32.89,0.0,-2.8798825350390187,2,141.0707231204425,153.63759008225094,-0.0,0.0,0.0,tucson,431012,12.973891210925675
47_79,47,79,-111.702,32.89,1.0,-2.8798825350390187,0,141.0707231204425,153.63759008225094,-2.8798825350390187,141.0707231204425,153.63759008225094,tucson,125527,11.740276153857035
47_82,47,82,-111.57000000000001,32.89,0.0,-2.3619547926653937,0,145.36306440600305,153.49086815745835,-0.0,0.0,0.0,tucson,431012,12.973891210925675
47_82,47,82,-111.57000000000001,32.89,1.0,-2.3619547926653937,2,145.36306440600305,153.49086815745835,-2.3619547926653937,145.36306440600305,153.49086815745835,tucson,125527,11.740276153857035
47_84,47,84,-111.482,32.89,0.0,-2.369720999396349,1,148.23151933935824,153.95263744800823,-0.0,0.0,0.0,tucson,431012,12.973891210925675
47_84,47,84,-111.482,32.89,1.0,-2.369720999396349,0,148.23151933935824,153.95263744800823,-2.369720999396349,148.23151933935824,153.95263744800823,tucson,125527,11.740276153857035
48_67,48,67,-112.23,32.934,0.0,-2.352271526598589,0,128.721942100319,168.524413914783,-0.0,0.0,0.0,tucson,431012,12.973891210925675
48_67,48,67,-112.23,32.934,1.0,-2.352271526598589,1,128.721942100319,168.524413914783,-2.352271526598589,128.721942100319,168.524413914783,tucson,125527,11.740276153857035
48_74,48,74,-111.922,32.934,0.0,-1.679485006117405,0,138.55744284920874,160.89745075347815,-0.0,0.0,0.0,tucson,431012,12.973891210925675
48_74,48,74,-111.922,32.934,1.0,-1.679485006117405,1,138.55744284920874,160.89745075347815,-1.679485006117405,138.55744284920874,160.89745075347815,tucson,125527,11.740276153857035
48_79,48,79,-111.702,32.934,0.0,-3.7077338107917543,2,145.64385475622433,158.50905767371117,-0.0,0.0,0.0,tucson,431012,12.973891210925675
48_79,48,79,-111.702,32.934,1.0,-3.7077338107917543,1,145.64385475622433,158.50905767371117,-3.7077338107917543,145.64385475622433,158.50905767371117,tucson,125527,11.740276153857035
48_81,48,81,-111.614,32.934,0.0,-1.5039696584244548,1,148.50162099841256,158.30568560841164,-0.0,0.0,0.0,tucson,431012,12.973891210925675
48_81,48,81,-111.614,32.934,1.0,-1.5039696584244548,0,148.50162099841256,158.30568560841164,-1.5039696584244548,148.50162099841256,158.30568560841164,tucson,125527,11.740276153857035
48_84,48,84,-111.482,32.934,0.0,-1.581749528305978,1,152.8031886116689,158.8141562315484,-0.0,0.0,0.0,tucson,431012,12.973891210925675
48_84,48,84,-111.482,32.934,1.0,-1.581749528305978,0,152.8031886116689,158.8141562315484,-1.581749528305978,152.8031886116689,158.8141562315484,tucson,125527,11.740276153857035
48_101,48,101,-110.73400000000001,32.934,0.0,-2.07998576592218,0,177.43423675444538,177.42037309268946,-0.0,0.0,0.0,tucson,431012,12.973891210925675
48_101,48,101,-110.73400000000001,32.934,1.0,-2.07998576592218,1,177.43423675444538,177.42037309268946,-2.07998576592218,177.43423675444538,177.42037309268946,tucson,125527,11.740276153857035
49_70,49,70,-112.098,32.978,0.0,-2.4340357009254356,1,137.46685908027337,169.3654976664482,-0.0,0.0,0.0,tucson,431012,12.973891210925675
49_70,49,70,-112.098,32.978,1.0,-2.4340357009254356,0,137.46685908027337,169.3654976664482,-2.4340357009254356,137.46685908027337,169.3654976664482,tucson,125527,11.740276153857035
49_77,49,77,-111.79,32.978,0.0,-3.4655883497978994,3,147.3908626784343,163.99767352452716,-0.0,0.0,0.0,tucson,431012,12.973891210925675
49_77,49,77,-111.79,32.978,1.0,-3.4655883497978994,0,147.3908626784343,163.99767352452716,-3.4655883497978994,147.3908626784343,163.99767352452716,tucson,125527,11.740276153857035
49_79,49,79,-111.702,32.978,0.0,-3.442742761188849,2,150.22665092535433,163.3809493315019,-0.0,0.0,0.0,tucson,431012,12.973891210925675
49_79,49,79,-111.702,32.978,1.0,-3.442742761188849,0,150.22665092535433,163.3809493315019,-3.442742761188849,150.22665092535433,163.3809493315019,tucson,125527,11.740276153857035
49_80,49,80,-111.658,32.978,0.0,-2.5737438664489303,0,151.65128074856457,163.2297156472506,-0.0,0.0,0.0,tucson,431012,12.973891210925675
49_80,49,80,-111.658,32.978,1.0,-2.5737438664489303,1,151.65128074856457,163.2297156472506,-2.5737438664489303,151.65128074856457,163.2297156472506,tucson,125527,11.740276153857035
50_78,50,78,-111.74600000000001,33.022,0.0,-3.6485066614708748,0,153.393102610776,168.5018833501908,-0.0,0.0,0.0,tucson,431012,12.973891210925675
50_78,50,78,-111.74600000000001,33.022,1.0,-3.6485066614708748,2,153.393102610776,168.5018833501908,-3.6485066614708748,153.393102610776,168.5018833501908,tucson,125527,11.740276153857035
50_86,50,86,-111.394,33.022,0.0,-3.0034260706880973,0,164.8213596732222,169.3661593544001,-0.0,0.0,0.0,tucson,431012,12.973891210925675
50_86,50,86,-111.394,33.022,1.0,-3.0034260706880973,1,164.8213596732222,169.3661593544001,-3.0034260706880973,164.8213596732222,169.3661593544001,tucson,125527,11.740276153857035
50_89,50,89,-111.262,33.022,0.0,-2.509734346940985,1,169.14479553675235,171.35110417460797,-0.0,0.0,0.0,tucson,431012,12.973891210925675
50_89,50,89,-111.262,33.022,1.0,-2.509734346940985,0,169.14479553675235,171.35110417460797,-2.509734346940985,169.14479553675235,171.35110417460797,tucson,125527,11.740276153857035
51_71,51,71,-112.054,33.066,0.0,-2.6608243883942677,1,148.05025411912035,177.77440427668373,-0.0,0.0,0.0,tucson,431012,12.973891210925675
51_71,51,71,-112.054,33.066,1.0,-2.6608243883942677,0,148.05025411912035,177.77440427668373,-2.6608243883942677,148.05025411912035,177.77440427668373,tucson,125527,11.740276153857035
51_77,51,77,-111.79,33.066,0.0,-2.652823541200277,4,156.54980127033363,173.70755909617267,-0.0,0.0,0.0,tucson,431012,12.973891210925675
51_77,51,77,-111.79,33.066,1.0,-2.652823541200277,0,156.54980127033363,173.70755909617267,-2.652823541200277,156.54980127033363,173.70755909617267,tucson,125527,11.740276153857035
52_73,52,73,-111.96600000000001,33.11,0.0,-1.1342999751547937,0,155.47137117529172,180.83276993821553,-0.0,0.0,0.0,tucson,431012,12.973891210925675
52_73,52,73,-111.96600000000001,33.11,1.0,-1.1342999751547937,1,155.47137117529172,180.83276993821553,-1.1342999751547937,155.47137117529172,180.83276993821553,tucson,125527,11.740276153857035
52_85,52,85,-111.438,33.11,0.0,-1.6709157055213528,1,172.52963142640252,178.61208105021962,-0.0,0.0,0.0,tucson,431012,12.973891210925675
52_85,52,85,-111.438,33.11,1.0,-1.6709157055213528,0,172.52963142640252,178.61208105021962,-1.6709157055213528,172.52963142640252,178.61208105021962,tucson,125527,11.740276153857035
53_77,53,77,-111.79,33.154,0.0,-3.1756384259436716,0,165.6826489111979,183.42249934726922,-0.0,0.0,0.0,tucson,431012,12.973891210925675
53_77,53,77,-111.79,33.154,1.0,-3.1756384259436716,1,165.6826489111979,183.42249934726922,-3.1756384259436716,165.6826489111979,183.42249934726922,tucson,125527,11.740276153857035
54_49,54,49,-113.022,33.198,0.0,0.7621025374961875,2,130.69618483032477,229.51571099075053,0.0,0.0,0.0,yuma,84933,11.349617989357553
54_49,54,49,-113.022,33.198,1.0,0.7621025374961875,0,130.69618483032477,229.51571099075053,0.7621025374961875,130.69618483032477,229.51571099075053,yuma,14620,9.59014573330377
54_77,54,77,-111.79,33.198,0.0,-2.4051400838214945,1,170.26504236403417,188.28162717995332,-0.0,0.0,0.0,tucson,431012,12.973891210925675
54_77,54,77,-111.79,33.198,1.0,-2.4051400838214945,0,170.26504236403417,188.28162717995332,-2.4051400838214945,170.26504236403417,188.28162717995332,tucson,125527,11.740276153857035
54_78,54,78,-111.74600000000001,33.198,0.0,-2.470784720591239,0,171.69278778648143,187.968257992557,-0.0,0.0,0.0,tucson,431012,12.973891210925675
54_78,54,78,-111.74600000000001,33.198,1.0,-2.470784720591239,3,171.69278778648143,187.968257992557,-2.470784720591239,171.69278778648143,187.968257992557,tucson,125527,11.740276153857035
54_82,54,82,-111.57000000000001,33.198,0.0,-0.9985750226434964,1,177.37062399589553,187.62551736869992,-0.0,0.0,0.0,tucson,431012,12.973891210925675
54_82,54,82,-111.57000000000001,33.198,1.0,-0.9985750226434964,0,177.37062399589553,187.62551736869992,-0.9985750226434964,177.37062399589553,187.62551736869992,tucson,125527,11.740276153857035
54_87,54,87,-111.35000000000001,33.198,0.0,-4.054976696129824,1,184.53029490504667,189.24554574380468,-0.0,0.0,0.0,tucson,431012,12.973891210925675
54_87,54,87,-111.35000000000001,33.198,1.0,-4.054976696129824,0,184.53029490504667,189.24554574380468,-4.054976696129824,184.53029490504667,189.24554574380468,tucson,125527,11.740276153857035
55_76,55,76,-111.834,33.242,0.0,-3.2030059622241933,1,173.44293540351384,193.53519076430933,-0.0,0.0,0.0,tucson,431012,12.973891210925675
55_76,55,76,-111.834,33.242,1.0,-3.2030059622241933,0,173.44293540351384,193.53519076430933,-3.2030059622241933,173.44293540351384,193.53519076430933,tucson,125527,11.740276153857035
55_86,55,86,-111.394,33.242,0.0,-3.406499669267763,1,187.6723594910798,193.58921095713742,-0.0,0.0,0.0,tucson,431012,12.973891210925675
55_86,55,86,-111.394,33.242,1.0,-3.406499669267763,0,187.6723594910798,193.58921095713742,-3.406499669267763,187.6723594910798,193.58921095713742,tucson,125527,11.740276153857035
55_87,55,87,-111.35000000000001,33.242,0.0,-4.182581888632895,1,189.10171769913327,194.0808087279116,-0.0,0.0,0.0,tucson,431012,12.973891210925675
55_87,55,87,-111.35000000000001,33.242,1.0,-4.182581888632895,0,189.10171769913327,194.0808087279116,-4.182581888632895,189.10171769913327,194.0808087279116,tucson,125527,11.740276153857035
57_68,57,68,-112.186,33.33,0.0,-2.5585777851401286,1,171.33851912778607,209.17691105076,-0.0,0.0,0.0,tucson,431012,12.973891210925675
57_68,57,68,-112.186,33.33,1.0,-2.5585777851401286,0,171.33851912778607,209.17691105076,-2.5585777851401286,171.33851912778607,209.17691105076,tucson,125527,11.740276153857035
58_66,58,66,-112.274,33.374,0.0,-0.7346693237861945,4,173.19064374366187,216.1126996754961,-0.0,0.0,0.0,tucson,431012,12.973891210925675
58_66,58,66,-112.274,33.374,1.0,-0.7346693237861945,0,173.19064374366187,216.1126996754961,-0.7346693237861945,173.19064374366187,216.1126996754961,tucson,125527,11.740276153857035
59_68,59,68,-112.186,33.418,0.0,-3.5060064938574715,1,180.4977958832373,218.61724229714693,-0.0,0.0,0.0,tucson,431012,12.973891210925675
59_68,59,68,-112.186,33.418,1.0,-3.5060064938574715,0,180.4977958832373,218.61724229714693,-3.5060064938574715,180.4977958832373,218.61724229714693,tucson,125527,11.740276153857035
59_70,59,70,-112.098,33.418,0.0,-3.797616609043384,1,183.31245281121548,216.74071267717864,-0.0,0.0,0.0,tucson,431012,12.973891210925675
59_70,59,70,-112.098,33.418,1.0,-3.797616609043384,0,183.31245281121548,216.74071267717864,-3.797616609043384,183.31245281121548,216.74071267717864,tucson,125527,11.740276153857035
60_59,60,59,-112.58200000000001,33.462,0.0,-1.4666235481645116,1,172.49660812999966,235.05738383876903,-0.0,0.0,0.0,tucson,431012,12.973891210925675
60_59,60,59,-112.58200000000001,33.462,1.0,-1.4666235481645116,0,172.49660812999966,235.05738383876903,-1.4666235481645116,172.49660812999966,235.05738383876903,tucson,125527,11.740276153857035
60_63,60,63,-112.406,33.462,0.0,-2.5459676064603447,1,178.15306230480533,229.18161009456915,-0.0,0.0,0.0,tucson,431012,12.973891210925675
60_63,60,63,-112.406,33.462,1.0,-2.5459676064603447,0,178.15306230480533,229.18161009456915,-2.5459676064603447,178.15306230480533,229.18161009456915,tucson,125527,11.740276153857035
60_70,60,70,-112.098,33.462,0.0,-3.121634426716099,7,187.89465433100102,221.5120426984462,-0.0,0.0,0.0,tucson,431012,12.973891210925675
60_70,60,70,-112.098,33.462,1.0,-3.121634426716099,0,187.89465433100102,221.5120426984462,-3.121634426716099,187.89465433100102,221.5120426984462,tucson,125527,11.740276153857035
61_57,61,57,-112.67,33.506,0.0,-2.2756973611041773,1,174.17978439377978,242.80905859127103,-0.0,0.0,0.0,tucson,431012,12.973891210925675
61_57,61,57,-112.67,33.506,1.0,-2.2756973611041773,0,174.17978439377978,242.80905859127103,-2.2756973611041773,174.17978439377978,242.80905859127103,tucson,125527,11.740276153857035
61_65,61,65,-112.318,33.506,0.0,-2.1352985964492808,1,185.5048015543647,231.30760162525186,-0.0,0.0,0.0,tucson,431012,12.973891210925675
61_65,61,65,-112.318,33.506,1.0,-2.1352985964492808,0,185.5048015543647,231.30760162525186,-2.1352985964492808,185.5048015543647,231.30760162525186,tucson,125527,11.740276153857035
61_69,61,69,-112.142,33.506,0.0,-3.3798970838130566,1,191.06816735544044,227.15032637272196,-0.0,0.0,0.0,tucson,431012,12.973891210925675
61_69,61,69,-112.142,33.506,1.0,-3.3798970838130566,0,191.06816735544044,227.15032637272196,-3.3798970838130566,191.06816735544044,227.15032637272196,tucson,125527,11.740276153857035
64_21,64,21,-114.254,33.638,0.0,1.0862239295597713,0,112.63694470685412,342.3702311604308,0.0,0.0,0.0,yuma,84933,11.349617989357553
64_21,64,21,-114.254,33.638,1.0,1.0862239295597713,1,112.63694470685412,342.3702311604308,1.0862239295597713,112.63694470685412,342.3702311604308,yuma,14620,9.59014573330377
66_42,66,42,-113.33,33.726,0.0,-0.03707006489200093,1,172.6688467946113,293.995495724479,-0.0,0.0,0.0,yuma,84933,11.349617989357553
66_42,66,42,-113.33,33.726,1.0,-0.03707006489200093,0,172.6688467946113,293.995495724479,-0.03707006489200093,172.6688467946113,293.995495724479,yuma,14620,9.59014573330377
69_23,69,23,-114.166,33.858000000000004,0.0,1.5671712634628983,1,138.31299525466517,353.80956642867244,0.0,0.0,0.0,yuma,84933,11.349617989357553
69_23,69,23,-114.166,33.858000000000004,1.0,1.5671712634628983,0,138.31299525466517,353.80956642867244,1.5671712634628983,138.31299525466517,353.80956642867244,yuma,14620,9.59014573330377
69_59,69,59,-112.58200000000001,33.858000000000004,0.0,-2.235167313620016,1,213.58293833210263,276.02321815736997,-0.0,0.0,0.0,tucson,431012,12.973891210925675
69_59,69,59,-112.58200000000001,33.858000000000004,1.0,-2.235167313620016,0,213.58293833210263,276.02321815736997,-2.235167313620016,213.58293833210263,276.02321815736997,tucson,125527,11.740276153857035
69_69,69,69,-112.142,33.858000000000004,0.0,-2.076209360529466,1,227.76016392059847,265.3666505738295,-0.0,0.0,0.0,tucson,431012,12.973891210925675
69_69,69,69,-112.142,33.858000000000004,1.0,-2.076209360529466,0,227.76016392059847,265.3666505738295,-2.076209360529466,227.76016392059847,265.3666505738295,tucson,125527,11.740276153857035
